{"type":"FeatureCollection","features":[{"type":"Feature","properties":{"P":"北海道","code":"01"},"geometry":{"type":"MultiPolygon","coordinates":[[[[139.78649,41.36255],[139.78461,41.3619],[139.78608,41.36053],[139.78649,41.36255]]],[[[139.8037,41.36571],[139.7939,41.35899],[139.79939,41.35232],[139.81556,41.35926],[139.8037,41.36571]]],[[[140.01528,41.4903],[140.01356,41.48963],[140.01404,41.48889],[140.01528,41.4903]]],[[[139.34083,41.5251],[139.33435,41.51676],[139.34048,41.49511],[139.3836,41.50885],[139.37318,41.52363],[139.34083,41.5251]]],[[[141.03096,41.71727],[141.02914,41.71615],[141.03098,41.71596],[141.03096,41.71727]]],[[[140.71493,41.7695],[140.71645,41.77166],[140.71452,41.77275],[140.71185,41.77081],[140.71493,41.7695]]],[[[139.40648,42.17654],[139.40497,42.175],[139.40655,42.17517],[139.40648,42.17654]]],[[[139.5597,42.24942],[139.53661,42.23268],[139.43572,42.21599],[139.4068,42.1798],[139.40642,42.16036],[139.42312,42.13621],[139.42117,42.07119],[139.44326,42.06436],[139.4495,42.05239],[139.45477,42.06682],[139.48532,42.07416],[139.50495,42.09782],[139.52262,42.15402],[139.51709,42.17635],[139.55106,42.21046],[139.56094,42.22902],[139.5597,42.24942]]],[[[140.92773,42.34806],[140.92643,42.34756],[140.92689,42.34681],[140.9289,42.34673],[140.92773,42.34806]]],[[[141.31912,42.51089],[141.32286,42.516],[141.32267,42.51608],[141.31912,42.51089]]],[[[140.77649,42.51836],[140.77499,42.51767],[140.77683,42.51722],[140.77649,42.51836]]],[[[141.76766,42.58901],[141.75418,42.59198],[141.76759,42.58881],[141.76766,42.58901]]],[[[141.775,42.58221],[141.80061,42.58525],[141.80908,42.59473],[141.80053,42.58543],[141.775,42.58221]]],[[[140.08151,42.73232],[140.08049,42.73172],[140.08127,42.73096],[140.08151,42.73232]]],[[[144.87448,42.96114],[144.86385,42.9467],[144.87953,42.95576],[144.87448,42.96114]]],[[[144.88013,42.97557],[144.87833,42.97579],[144.87972,42.97332],[144.88013,42.97557]]],[[[144.32647,42.9905],[144.31834,42.99074],[144.34038,42.98982],[144.32647,42.9905]]],[[[145.10952,43.05338],[145.09516,43.04643],[145.11676,43.05194],[145.10952,43.05338]]],[[[140.44856,43.11241],[140.44815,43.1107],[140.44924,43.11089],[140.44856,43.11241]]],[[[145.59756,43.22167],[145.58735,43.21491],[145.58914,43.20619],[145.60899,43.21128],[145.59756,43.22167]]],[[[141.29231,43.22278],[141.29958,43.22133],[141.29955,43.2216],[141.29231,43.22278]]],[[[141.28945,43.22872],[141.2871,43.22364],[141.27226,43.20693],[141.26244,43.20022],[141.27244,43.20685],[141.28756,43.22355],[141.28945,43.22872]]],[[[145.60736,43.23061],[145.60137,43.22764],[145.61293,43.22527],[145.60736,43.23061]]],[[[145.67235,43.29946],[145.66959,43.29834],[145.66994,43.29734],[145.67383,43.29882],[145.67235,43.29946]]],[[[145.67475,43.30417],[145.67271,43.30382],[145.6721,43.30238],[145.67342,43.30195],[145.67475,43.30417]]],[[[140.6026,43.30811],[140.59974,43.30697],[140.60212,43.30612],[140.6026,43.30811]]],[[[145.77282,43.33566],[145.7707,43.33496],[145.77102,43.33376],[145.7739,43.3349],[145.77282,43.33566]]],[[[145.74879,43.33308],[145.74817,43.33572],[145.74756,43.33406],[145.74879,43.33308]]],[[[145.57869,43.34546],[145.57594,43.34308],[145.57551,43.34088],[145.57674,43.34116],[145.57869,43.34546]]],[[[146.01662,43.37839],[145.98615,43.369],[146.00596,43.36028],[146.02242,43.37705],[146.01662,43.37839]]],[[[145.89134,43.38584],[145.89017,43.38545],[145.89136,43.38448],[145.89065,43.3822],[145.89211,43.38176],[145.89416,43.38454],[145.89134,43.38584]]],[[[146.15449,43.4116],[146.14919,43.40803],[146.14991,43.40625],[146.15486,43.40925],[146.15782,43.40948],[146.15449,43.4116]]],[[[146.09763,43.42056],[146.09616,43.42016],[146.0966,43.41922],[146.09763,43.42056]]],[[[146.16711,43.42303],[146.15396,43.41427],[146.16368,43.41273],[146.16711,43.42303]]],[[[146.1744,43.42697],[146.17479,43.42588],[146.17659,43.42697],[146.1744,43.42697]]],[[[146.17845,43.42969],[146.17651,43.42913],[146.17951,43.42867],[146.17845,43.42969]]],[[[146.09865,43.44812],[146.08279,43.43953],[146.08649,43.42518],[146.07112,43.42343],[146.06368,43.4337],[146.05786,43.42223],[146.04743,43.43155],[146.03718,43.41819],[146.0278,43.41964],[146.02458,43.40859],[146.04195,43.40182],[146.06238,43.41696],[146.08369,43.41335],[146.09354,43.43083],[146.10662,43.43166],[146.09865,43.44812]]],[[[145.88774,43.46222],[145.86279,43.45409],[145.89607,43.44707],[145.90012,43.43671],[145.8919,43.42908],[145.89295,43.4234],[145.90225,43.42565],[145.89953,43.41646],[145.91234,43.42614],[145.9539,43.42548],[145.93399,43.44161],[145.94998,43.45433],[145.93506,43.45732],[145.92582,43.44777],[145.90458,43.44772],[145.88774,43.46222]]],[[[146.13499,43.5489],[146.05854,43.52206],[146.07307,43.52117],[146.1033,43.4947],[146.10715,43.47754],[146.11806,43.47132],[146.11555,43.45851],[146.18475,43.48162],[146.19668,43.49459],[146.17836,43.50391],[146.20375,43.53394],[146.16428,43.53418],[146.13499,43.5489]]],[[[146.40152,43.56536],[146.40079,43.56386],[146.40246,43.5635],[146.40152,43.56536]]],[[[146.40276,43.56662],[146.40159,43.56574],[146.4045,43.56547],[146.40276,43.56662]]],[[[145.33059,43.56783],[145.31807,43.56645],[145.32986,43.56646],[145.33059,43.56783]]],[[[146.40219,43.56974],[146.39999,43.5687],[146.40141,43.56654],[146.40299,43.56779],[146.40219,43.56974]]],[[[146.4076,43.57001],[146.4053,43.56949],[146.40366,43.56742],[146.40687,43.56813],[146.4076,43.57001]]],[[[145.33086,43.57036],[145.3281,43.57],[145.32986,43.5694],[145.33086,43.57036]]],[[[146.43519,43.57404],[146.43427,43.57281],[146.43562,43.57244],[146.43626,43.57324],[146.43519,43.57404]]],[[[145.24957,43.57359],[145.2464,43.5733],[145.24604,43.57258],[145.24957,43.57359]]],[[[146.42951,43.57659],[146.42918,43.57505],[146.43068,43.57465],[146.43118,43.5759],[146.42951,43.57659]]],[[[146.43214,43.60075],[146.43115,43.59982],[146.43299,43.59965],[146.43214,43.60075]]],[[[146.31216,43.65147],[146.31026,43.63954],[146.29768,43.63057],[146.27045,43.62618],[146.3568,43.61759],[146.35061,43.63999],[146.32954,43.63852],[146.31216,43.65147]]],[[[146.67861,43.71234],[146.67791,43.71363],[146.67738,43.7127],[146.67861,43.71234]]],[[[146.69149,43.73322],[146.68468,43.72979],[146.6951,43.72098],[146.70541,43.72837],[146.69149,43.73322]]],[[[146.71325,43.73605],[146.71158,43.73612],[146.71068,43.73285],[146.71264,43.73211],[146.71544,43.7338],[146.71325,43.73605]]],[[[146.59235,43.73624],[146.59341,43.73714],[146.5914,43.73775],[146.59108,43.73645],[146.59235,43.73624]]],[[[146.73518,43.74097],[146.73309,43.74052],[146.73388,43.73973],[146.73518,43.74097]]],[[[146.80189,43.75968],[146.79238,43.75807],[146.78914,43.7452],[146.80503,43.75211],[146.80189,43.75968]]],[[[146.85046,43.79313],[146.84839,43.79237],[146.84938,43.78873],[146.85057,43.78844],[146.85399,43.79116],[146.85321,43.79273],[146.85087,43.79205],[146.85046,43.79313]]],[[[146.84104,43.8011],[146.83943,43.8015],[146.84028,43.79958],[146.84353,43.79978],[146.84104,43.8011]]],[[[146.88582,43.80516],[146.88647,43.80608],[146.88404,43.80567],[146.88582,43.80516]]],[[[146.88715,43.80708],[146.88637,43.80948],[146.88541,43.80903],[146.88715,43.80708]]],[[[146.86951,43.8084],[146.87006,43.80935],[146.8683,43.81014],[146.86677,43.80905],[146.86711,43.80803],[146.86951,43.8084]]],[[[146.88046,43.81032],[146.88008,43.81145],[146.87841,43.81059],[146.88046,43.81032]]],[[[146.91108,43.8176],[146.9127,43.81909],[146.91143,43.82029],[146.91108,43.8176]]],[[[146.83199,43.88693],[146.81842,43.88612],[146.82749,43.87189],[146.82241,43.86666],[146.81348,43.86773],[146.81369,43.87757],[146.80533,43.87048],[146.78976,43.87895],[146.794,43.86501],[146.80285,43.86198],[146.79629,43.85859],[146.7881,43.87142],[146.77353,43.87604],[146.72073,43.84489],[146.72185,43.83602],[146.74817,43.82844],[146.74798,43.8168],[146.72095,43.83226],[146.70988,43.83067],[146.70929,43.82318],[146.69886,43.83055],[146.62621,43.81733],[146.61301,43.82116],[146.58846,43.80846],[146.58597,43.79903],[146.60758,43.76794],[146.59746,43.76446],[146.58564,43.74426],[146.59706,43.74602],[146.59316,43.73763],[146.60951,43.73563],[146.6143,43.74349],[146.60846,43.75414],[146.62509,43.75598],[146.6191,43.73641],[146.63034,43.72066],[146.65069,43.71386],[146.63996,43.70847],[146.64225,43.70157],[146.67619,43.70743],[146.68866,43.72135],[146.68059,43.72961],[146.69556,43.74594],[146.72142,43.73364],[146.73319,43.73717],[146.72844,43.74647],[146.74995,43.74824],[146.75184,43.75585],[146.76362,43.75124],[146.77291,43.75781],[146.76979,43.7666],[146.78715,43.75883],[146.7939,43.7714],[146.78813,43.78094],[146.7968,43.78639],[146.8021,43.77992],[146.81039,43.79207],[146.83494,43.78195],[146.84949,43.78672],[146.82657,43.79662],[146.83859,43.80862],[146.86169,43.80637],[146.87903,43.81463],[146.89829,43.80582],[146.9058,43.81127],[146.90113,43.82699],[146.91967,43.83609],[146.90921,43.84242],[146.91469,43.84727],[146.89301,43.84726],[146.8742,43.86896],[146.84958,43.87686],[146.84552,43.88766],[146.83199,43.88693]]],[[[145.72302,43.91335],[145.72118,43.91316],[145.72176,43.91195],[145.72302,43.91335]]],[[[145.73161,43.91768],[145.72903,43.91619],[145.73162,43.91643],[145.73161,43.91768]]],[[[145.74373,43.92172],[145.73745,43.92013],[145.74169,43.92],[145.74373,43.92172]]],[[[145.74932,43.92425],[145.74431,43.92271],[145.74589,43.92219],[145.74932,43.92425]]],[[[145.75486,43.92528],[145.75136,43.92419],[145.75393,43.92387],[145.75486,43.92528]]],[[[141.62343,43.9633],[141.62707,43.96659],[141.62764,43.97724],[141.62693,43.96668],[141.62343,43.9633]]],[[[145.80989,43.99372],[145.80765,43.99273],[145.81077,43.99288],[145.80989,43.99372]]],[[[145.65101,44.00537],[145.65,44.00473],[145.65257,44.00438],[145.65101,44.00537]]],[[[145.00172,44.0777],[144.99956,44.07717],[144.9999,44.07635],[145.00172,44.0777]]],[[[146.04872,44.18141],[146.04778,44.18036],[146.04885,44.17924],[146.05103,44.17913],[146.05075,44.18062],[146.04872,44.18141]]],[[[146.04814,44.18645],[146.04688,44.18565],[146.04861,44.18527],[146.04814,44.18645]]],[[[143.38571,44.34326],[143.36895,44.34469],[143.36893,44.34457],[143.38571,44.34326]]],[[[141.3267,44.44239],[141.29254,44.41408],[141.32046,44.41625],[141.33567,44.43007],[141.3267,44.44239]]],[[[141.42574,44.44657],[141.38071,44.43379],[141.42601,44.42816],[141.42574,44.44657]]],[[[146.1667,44.5175],[146.1293,44.50792],[146.08166,44.47409],[146.05186,44.41844],[146.00595,44.38032],[146.00123,44.3389],[145.9879,44.3188],[145.94655,44.27923],[145.88932,44.25165],[145.83746,44.18239],[145.78811,44.14988],[145.74401,44.10424],[145.74833,44.07142],[145.74245,44.05222],[145.67667,44.0259],[145.67638,44.01174],[145.59615,43.96991],[145.58754,43.95002],[145.56118,43.94417],[145.53436,43.93108],[145.53314,43.92067],[145.47308,43.89861],[145.4441,43.85272],[145.40466,43.8404],[145.39868,43.82798],[145.41004,43.81885],[145.42532,43.78271],[145.41818,43.7518],[145.4337,43.71978],[145.50295,43.73425],[145.55059,43.73082],[145.535,43.67074],[145.53888,43.6529],[145.54673,43.65444],[145.57188,43.7724],[145.57535,43.84117],[145.58489,43.86207],[145.59317,43.87055],[145.60413,43.86802],[145.64743,43.90771],[145.71452,43.91104],[145.78216,43.93313],[145.79099,43.97933],[145.80559,43.99301],[145.81693,44.02071],[145.84179,44.03213],[145.85498,44.02944],[145.85413,44.02005],[145.87745,44.02048],[145.86481,44.03206],[145.86719,44.06369],[145.89,44.09389],[145.90362,44.09511],[145.90017,44.1103],[145.92205,44.1361],[145.94529,44.15288],[145.966,44.15277],[145.98362,44.17072],[146.04647,44.18397],[146.06534,44.23077],[146.11024,44.26244],[146.29615,44.27567],[146.30561,44.28905],[146.34295,44.30907],[146.34392,44.31685],[146.37002,44.32171],[146.36228,44.3271],[146.36611,44.33823],[146.38851,44.35943],[146.4315,44.37591],[146.45347,44.37713],[146.48511,44.35207],[146.49204,44.35448],[146.53367,44.38032],[146.55144,44.42714],[146.57387,44.45496],[146.54192,44.43545],[146.47674,44.42113],[146.33772,44.41742],[146.24105,44.45438],[146.22604,44.48211],[146.19401,44.49361],[146.1667,44.5175]]],[[[147.21024,44.5691],[147.20799,44.56896],[147.20877,44.5675],[147.21024,44.5691]]],[[[147.26865,44.60749],[147.26685,44.6084],[147.26517,44.60689],[147.26582,44.60581],[147.26848,44.60586],[147.26953,44.60728],[147.26865,44.60749]]],[[[146.97848,44.65415],[146.97484,44.65245],[146.97544,44.65001],[146.97688,44.64931],[146.97798,44.6502],[146.97946,44.65236],[146.97848,44.65415]]],[[[147.30462,44.66673],[147.30391,44.66802],[147.30208,44.6674],[147.30259,44.66625],[147.30462,44.66673]]],[[[148.13634,45.12224],[148.13438,45.1211],[148.13714,45.12057],[148.13634,45.12224]]],[[[148.49271,45.25488],[148.49147,45.25481],[148.49176,45.25333],[148.49271,45.25488]]],[[[141.19919,45.25882],[141.13874,45.22108],[141.13238,45.21346],[141.14173,45.1904],[141.12683,45.18617],[141.13891,45.18288],[141.14098,45.16218],[141.1657,45.13746],[141.22685,45.09998],[141.28449,45.10853],[141.29221,45.12266],[141.33032,45.14994],[141.31846,45.19708],[141.27838,45.23195],[141.22995,45.23522],[141.23223,45.24673],[141.19919,45.25882]]],[[[140.96629,45.43965],[140.963,45.43927],[140.9645,45.43817],[140.96629,45.43965]]],[[[140.96735,45.46422],[140.96761,45.45305],[140.97685,45.44763],[140.96635,45.4386],[140.99414,45.42408],[140.98404,45.41557],[140.99166,45.4081],[140.98477,45.39906],[140.99072,45.38614],[140.98305,45.37962],[140.99949,45.35141],[141.00204,45.33087],[141.025,45.30229],[141.02563,45.29116],[141.01462,45.28424],[141.02543,45.27399],[141.04355,45.27411],[141.05655,45.3169],[141.04934,45.34064],[141.05892,45.35155],[141.05615,45.40677],[141.06733,45.4241],[141.03316,45.46105],[141.03486,45.44039],[141.01332,45.43303],[140.99111,45.43873],[140.96735,45.46422]]],[[[140.96443,45.48012],[140.96279,45.4787],[140.96384,45.47799],[140.96283,45.47737],[140.96336,45.47526],[140.96942,45.47528],[140.97104,45.47841],[140.96597,45.47821],[140.96443,45.48012]]],[[[141.94119,45.52146],[141.89426,45.51054],[141.87921,45.49474],[141.87238,45.46531],[141.87831,45.46092],[141.86354,45.43946],[141.79561,45.40653],[141.76539,45.40436],[141.74706,45.4134],[141.74175,45.40166],[141.72464,45.39742],[141.70842,45.3961],[141.70269,45.40526],[141.68443,45.40458],[141.68541,45.41003],[141.67888,45.40992],[141.68103,45.40302],[141.67839,45.41474],[141.68592,45.41544],[141.64497,45.44971],[141.63434,45.4056],[141.65688,45.36998],[141.65519,45.35234],[141.62798,45.31808],[141.60724,45.31191],[141.61762,45.30885],[141.6173,45.2866],[141.5712,45.23323],[141.56896,45.19818],[141.58709,45.15368],[141.68112,45.00083],[141.7372,44.88565],[141.78508,44.72263],[141.79113,44.61951],[141.78245,44.57168],[141.76746,44.55572],[141.76062,44.47239],[141.74866,44.43583],[141.71037,44.39291],[141.67206,44.32386],[141.64736,44.31607],[141.65799,44.24216],[141.65321,44.14249],[141.66285,44.05023],[141.65991,44.0084],[141.64628,43.97596],[141.63586,43.97455],[141.64552,43.97113],[141.63764,43.95335],[141.64708,43.94399],[141.63509,43.94802],[141.63206,43.95953],[141.62683,43.92097],[141.59741,43.88433],[141.56213,43.85977],[141.5324,43.85164],[141.53482,43.8579],[141.51927,43.85889],[141.49357,43.8362],[141.45751,43.83573],[141.38753,43.8067],[141.33009,43.72546],[141.35108,43.64328],[141.38563,43.59132],[141.35772,43.51798],[141.42874,43.41689],[141.42342,43.32813],[141.33026,43.23134],[141.30485,43.22039],[141.30962,43.21481],[141.29881,43.21456],[141.3079,43.2126],[141.30107,43.20785],[141.2896,43.20856],[141.29408,43.18544],[141.27963,43.20061],[141.24411,43.17396],[141.16214,43.14394],[141.01415,43.18978],[141.01165,43.19966],[141.00092,43.20359],[141.02086,43.22278],[141.01583,43.23897],[140.92582,43.22766],[140.91836,43.21238],[140.87641,43.20526],[140.86176,43.21779],[140.85487,43.21641],[140.86055,43.20997],[140.85358,43.21189],[140.85718,43.20329],[140.84964,43.19873],[140.79096,43.1947],[140.77416,43.20536],[140.77412,43.22721],[140.73805,43.23399],[140.73577,43.24209],[140.7085,43.2526],[140.64279,43.26441],[140.63642,43.2749],[140.64607,43.2846],[140.63447,43.2859],[140.63005,43.29798],[140.60684,43.29568],[140.57893,43.31045],[140.53357,43.34569],[140.52895,43.35787],[140.51151,43.3573],[140.49646,43.37269],[140.46233,43.37235],[140.47093,43.36467],[140.46068,43.34575],[140.4301,43.32977],[140.34665,43.33383],[140.36003,43.31569],[140.34733,43.28546],[140.33647,43.2822],[140.34392,43.27369],[140.32782,43.25861],[140.33629,43.25434],[140.32473,43.22104],[140.35897,43.18043],[140.4295,43.14236],[140.44922,43.10931],[140.45915,43.10494],[140.46442,43.08491],[140.49472,43.06527],[140.50552,43.03659],[140.52906,43.02843],[140.52061,42.99077],[140.50683,42.98572],[140.50911,42.99683],[140.50221,42.98078],[140.41726,42.9426],[140.40182,42.92469],[140.39016,42.92286],[140.34658,42.85765],[140.30651,42.8282],[140.30443,42.77745],[140.24594,42.7682],[140.23258,42.79828],[140.20472,42.80948],[140.1857,42.82725],[140.15658,42.78963],[140.14427,42.75455],[140.07334,42.72774],[140.06524,42.70685],[140.04782,42.69507],[140.0073,42.68635],[139.9355,42.68929],[139.89841,42.67978],[139.86846,42.6656],[139.84221,42.62592],[139.82502,42.61666],[139.82318,42.59324],[139.8467,42.52819],[139.84276,42.49896],[139.85294,42.46572],[139.84415,42.45654],[139.84606,42.43237],[139.83261,42.39918],[139.77628,42.34112],[139.76631,42.30659],[139.78512,42.27803],[139.77494,42.26196],[139.77839,42.25226],[139.81399,42.22278],[139.86377,42.21901],[139.87984,42.20874],[139.88227,42.19094],[139.89585,42.18294],[139.92236,42.13218],[139.98777,42.12892],[140.02359,42.11457],[140.05729,42.08262],[140.08629,42.04235],[140.08274,42.03647],[140.09563,42.03397],[140.10334,42.00775],[140.11919,42.00396],[140.13279,41.97494],[140.12673,41.9616],[140.14009,41.92466],[140.13858,41.89295],[140.13105,41.87219],[140.11029,41.86409],[140.11998,41.86529],[140.12647,41.85496],[140.12211,41.82224],[140.10879,41.80494],[140.09518,41.81002],[140.06996,41.80454],[140.07054,41.76744],[140.00902,41.69213],[140.00258,41.6519],[139.98209,41.60043],[139.98586,41.55111],[140.01294,41.50829],[140.02732,41.46238],[140.07487,41.42441],[140.09069,41.41813],[140.08589,41.42099],[140.12023,41.43029],[140.1446,41.42846],[140.19985,41.39829],[140.21607,41.41008],[140.24673,41.46268],[140.256,41.46582],[140.25813,41.48016],[140.36141,41.51511],[140.40921,41.51697],[140.43969,41.55345],[140.43105,41.56259],[140.42872,41.60291],[140.44184,41.6811],[140.46206,41.69738],[140.527,41.70054],[140.562,41.72811],[140.60106,41.7418],[140.61892,41.79848],[140.63936,41.8163],[140.68247,41.82118],[140.71583,41.80669],[140.71139,41.8018],[140.72662,41.79083],[140.72552,41.77726],[140.71475,41.76661],[140.70202,41.78444],[140.69262,41.76187],[140.70187,41.7406],[140.72159,41.7445],[140.71879,41.75318],[140.73812,41.76847],[140.78589,41.77378],[140.91869,41.74141],[140.96647,41.71012],[141.05269,41.72594],[141.0524,41.73442],[141.07481,41.74295],[141.07989,41.75729],[141.09342,41.76272],[141.11033,41.78542],[141.15598,41.78464],[141.18598,41.80243],[141.18309,41.81759],[141.14687,41.83115],[141.14885,41.85421],[141.11052,41.87398],[141.04634,41.89344],[141.01091,41.89349],[140.96119,41.91524],[140.95057,41.93596],[140.93673,41.93778],[140.90614,41.98622],[140.82145,42.03418],[140.80368,42.05646],[140.80226,42.07703],[140.77362,42.08563],[140.75883,42.11706],[140.70604,42.13794],[140.68851,42.12596],[140.6575,42.1288],[140.5858,42.1084],[140.54865,42.11352],[140.51444,42.12937],[140.45598,42.17773],[140.44074,42.18177],[140.43433,42.19334],[140.40905,42.20207],[140.3961,42.21812],[140.33783,42.22742],[140.28808,42.25187],[140.27507,42.28539],[140.27718,42.32054],[140.295,42.37801],[140.32387,42.43414],[140.40005,42.53303],[140.47587,42.58905],[140.5092,42.58368],[140.5341,42.58876],[140.58306,42.56627],[140.64681,42.58665],[140.70863,42.58259],[140.71042,42.5751],[140.72292,42.57431],[140.77218,42.53835],[140.77751,42.52895],[140.77211,42.52092],[140.78622,42.51789],[140.77843,42.51369],[140.78,42.49923],[140.80219,42.49843],[140.83422,42.47344],[140.87405,42.45801],[140.89584,42.42706],[140.90867,42.37684],[140.91706,42.36917],[140.98692,42.35504],[140.97645,42.34867],[141.00755,42.34827],[140.98039,42.34312],[140.98687,42.33223],[140.98108,42.32377],[140.96967,42.32427],[140.97099,42.33393],[140.95096,42.34747],[140.93088,42.33718],[140.94803,42.31649],[141.00203,42.30099],[141.02352,42.33267],[141.05402,42.35134],[141.07652,42.3818],[141.13925,42.42942],[141.20596,42.45336],[141.32357,42.52682],[141.32129,42.5161],[141.32569,42.52866],[141.34776,42.5412],[141.46181,42.59251],[141.58315,42.62376],[141.61088,42.62717],[141.61758,42.62072],[141.62313,42.64332],[141.63029,42.63642],[141.69541,42.6574],[141.69842,42.65253],[141.63112,42.62814],[141.74947,42.62289],[141.78732,42.61507],[141.78119,42.6069],[141.80113,42.60164],[141.81814,42.61297],[141.81772,42.60101],[141.82178,42.60569],[141.90507,42.57673],[141.9186,42.56004],[142.01529,42.49941],[142.02714,42.48508],[142.07061,42.47801],[142.07623,42.46973],[142.14411,42.46527],[142.19429,42.44777],[142.27678,42.37619],[142.40651,42.30855],[142.44808,42.30233],[142.48454,42.26967],[142.58297,42.24401],[142.67045,42.1917],[142.7577,42.17559],[142.76947,42.16158],[142.81444,42.14172],[142.90903,42.13219],[142.92127,42.11996],[142.93028,42.12586],[142.96132,42.11985],[143.00886,42.08102],[143.06172,42.06525],[143.13426,42.02784],[143.1585,42.00083],[143.16359,41.98273],[143.2491,41.92437],[143.24059,41.94833],[143.25621,41.99757],[143.31219,42.05443],[143.30813,42.08014],[143.32281,42.11544],[143.31783,42.13103],[143.33589,42.20178],[143.32055,42.20922],[143.3091,42.25775],[143.32591,42.29085],[143.34771,42.30242],[143.32179,42.28606],[143.31979,42.29593],[143.33128,42.30037],[143.32651,42.31342],[143.39942,42.43146],[143.45598,42.50214],[143.60022,42.64378],[143.92869,42.88016],[144.03877,42.93753],[144.14437,42.9766],[144.28777,43.00427],[144.35333,42.99682],[144.34185,42.99027],[144.35752,42.99751],[144.36171,42.98696],[144.37173,42.98563],[144.37267,42.97586],[144.36287,42.97041],[144.38936,42.96911],[144.45036,42.94375],[144.48561,42.93939],[144.52926,42.95121],[144.62958,42.95126],[144.67496,42.9389],[144.78155,42.93413],[144.78541,42.9378],[144.74778,42.95556],[144.722,42.98085],[144.74602,43.02392],[144.77927,43.0527],[144.80266,43.05891],[144.85432,43.04873],[144.83668,43.04112],[144.8323,43.01422],[144.85233,43.01309],[144.85908,43.00564],[144.85437,43.00208],[144.87576,42.98627],[144.90287,42.98968],[144.9235,42.98099],[144.92876,42.99048],[144.9736,42.98154],[145.02488,42.99999],[145.03033,43.01173],[145.02355,43.01972],[145.03134,43.02944],[145.08583,43.04491],[145.08762,43.06687],[145.10023,43.07783],[145.12229,43.07809],[145.12731,43.06799],[145.17243,43.07655],[145.15895,43.08471],[145.11876,43.08064],[145.11405,43.08756],[145.11256,43.11892],[145.1457,43.1447],[145.16922,43.1503],[145.20175,43.13598],[145.29011,43.17184],[145.31761,43.16688],[145.34115,43.17858],[145.41585,43.18689],[145.48245,43.18754],[145.50264,43.17428],[145.49365,43.16663],[145.49574,43.15884],[145.51996,43.16482],[145.52396,43.17369],[145.50823,43.17789],[145.50947,43.18816],[145.52937,43.18629],[145.5351,43.19377],[145.52995,43.20781],[145.55647,43.21885],[145.54905,43.23021],[145.56792,43.28304],[145.5826,43.28647],[145.58931,43.27792],[145.59749,43.29505],[145.61105,43.30017],[145.60831,43.3093],[145.62241,43.31671],[145.65939,43.32105],[145.67639,43.3115],[145.68602,43.32646],[145.71593,43.33675],[145.72885,43.32843],[145.7377,43.33879],[145.75608,43.33627],[145.81203,43.36974],[145.80641,43.37683],[145.81712,43.38501],[145.76486,43.39101],[145.7628,43.39875],[145.75128,43.39695],[145.75108,43.38986],[145.73341,43.3938],[145.72131,43.38312],[145.65235,43.3919],[145.62328,43.36307],[145.58159,43.34685],[145.58709,43.34127],[145.5773,43.33384],[145.52226,43.30699],[145.52391,43.30013],[145.49284,43.26658],[145.39688,43.29102],[145.31822,43.34828],[145.27795,43.40192],[145.26326,43.4351],[145.24474,43.52447],[145.22207,43.55791],[145.21428,43.57736],[145.21902,43.58741],[145.19521,43.60083],[145.20176,43.6117],[145.1936,43.61984],[145.20959,43.62317],[145.26813,43.60963],[145.24216,43.59173],[145.27353,43.60352],[145.26746,43.59379],[145.28683,43.60227],[145.28065,43.59206],[145.30721,43.60059],[145.33501,43.58986],[145.32129,43.58224],[145.34055,43.58211],[145.33537,43.56438],[145.28379,43.56156],[145.30993,43.55237],[145.28771,43.55017],[145.34238,43.55623],[145.34984,43.56653],[145.34333,43.58395],[145.31473,43.60046],[145.14059,43.6485],[145.12746,43.66999],[145.13538,43.66875],[145.06895,43.74817],[145.06108,43.80592],[145.08366,43.82092],[145.0923,43.8395],[145.09599,43.89501],[145.14221,43.96846],[145.23872,44.05753],[145.24504,44.06829],[145.24002,44.08921],[145.25964,44.13318],[145.32877,44.19135],[145.34822,44.223],[145.34825,44.24307],[145.36468,44.256],[145.36774,44.27035],[145.34876,44.29457],[145.35174,44.31626],[145.34095,44.32675],[145.34428,44.33945],[145.32069,44.34053],[145.30633,44.31239],[145.29022,44.30842],[145.28099,44.29021],[145.22543,44.24793],[145.19148,44.19502],[145.12059,44.16357],[145.11801,44.15515],[145.07965,44.13678],[145.0693,44.12371],[145.01522,44.10011],[144.99718,44.07264],[144.97628,44.06758],[144.94597,44.0399],[144.9361,44.04317],[144.91013,44.00419],[144.84871,43.97365],[144.83405,43.95136],[144.80565,43.94252],[144.79512,43.93136],[144.6598,43.91567],[144.57067,43.91975],[144.45762,43.93419],[144.34468,43.96169],[144.29852,43.98268],[144.29943,43.99239],[144.28214,44.01105],[144.28999,44.01612],[144.27813,44.02392],[144.28502,44.02795],[144.27483,44.0233],[144.25519,44.03823],[144.2616,44.0566],[144.25181,44.06203],[144.25703,44.08631],[144.24326,44.11355],[144.21776,44.1021],[144.18862,44.10368],[144.11529,44.11752],[144.10055,44.1293],[144.06864,44.12434],[143.93075,44.14661],[143.78365,44.17967],[143.53514,44.26072],[143.38821,44.32175],[143.37346,44.33836],[143.364,44.33837],[143.3568,44.35206],[143.36412,44.35637],[143.34888,44.3704],[143.23365,44.42192],[143.22689,44.43874],[143.08251,44.50746],[143.06125,44.52215],[143.06247,44.53217],[143.04565,44.52943],[142.99122,44.55967],[142.96432,44.59074],[142.94332,44.60205],[142.94564,44.60885],[142.93319,44.61373],[142.92745,44.62885],[142.91814,44.62867],[142.86281,44.67513],[142.81974,44.69973],[142.81892,44.70994],[142.8047,44.70904],[142.77761,44.72913],[142.70205,44.79702],[142.70186,44.80779],[142.67487,44.83558],[142.65977,44.84036],[142.63256,44.88774],[142.61585,44.89359],[142.58635,44.92152],[142.58992,44.93959],[142.57866,44.9556],[142.58478,44.96094],[142.53958,44.99194],[142.53414,45.02858],[142.5078,45.04001],[142.4985,45.05155],[142.50437,45.06007],[142.48221,45.06143],[142.41391,45.11468],[142.27363,45.23559],[142.16911,45.3395],[142.04566,45.4058],[142.01879,45.45356],[141.97763,45.47539],[141.96142,45.5105],[141.94119,45.52146]]],[[[148.75263,45.55693],[148.71674,45.54265],[148.65415,45.53855],[148.6278,45.50023],[148.57818,45.48945],[148.55693,45.45802],[148.52066,45.44732],[148.51127,45.43126],[148.48621,45.42053],[148.47035,45.4],[148.47859,45.38348],[148.45824,45.37457],[148.45353,45.36802],[148.45999,45.36006],[148.42452,45.34543],[148.41862,45.32754],[148.40908,45.33076],[148.35282,45.30747],[148.33202,45.28633],[148.23021,45.26542],[148.10788,45.25651],[148.0348,45.26812],[148.02577,45.28132],[148.0168,45.27957],[148.01794,45.28929],[148.00872,45.29033],[147.99524,45.32958],[148.0048,45.33524],[147.97811,45.36093],[147.96403,45.42031],[147.92548,45.43798],[147.90431,45.43015],[147.87219,45.4016],[147.84873,45.36465],[147.85707,45.3186],[147.87205,45.29734],[147.86635,45.26454],[147.88171,45.256],[147.86815,45.23456],[147.86969,45.22406],[147.84236,45.20702],[147.82092,45.2173],[147.77301,45.20653],[147.76584,45.19496],[147.73492,45.19375],[147.72792,45.17573],[147.70629,45.16761],[147.70508,45.15139],[147.69291,45.14189],[147.69774,45.10414],[147.65089,45.07868],[147.63126,45.0753],[147.58458,45.0844],[147.56888,45.09522],[147.57099,45.10422],[147.55555,45.10989],[147.53672,45.10581],[147.5086,45.11767],[147.49646,45.11295],[147.52683,45.09892],[147.53468,45.07062],[147.52487,45.06534],[147.52408,45.03642],[147.51122,45.02618],[147.51798,44.99893],[147.50682,44.99634],[147.50659,44.9893],[147.48874,44.99006],[147.45565,44.97334],[147.38169,44.91067],[147.27302,44.87267],[147.23859,44.80646],[147.19288,44.7972],[147.15451,44.82462],[147.13264,44.82979],[147.10723,44.82214],[147.09951,44.81393],[147.10137,44.80005],[147.12572,44.77054],[147.1946,44.76131],[147.19884,44.73152],[147.18594,44.69715],[147.12977,44.65229],[147.0965,44.63856],[147.07387,44.63714],[147.04729,44.65941],[147.00874,44.66062],[147.00764,44.65084],[147.03319,44.63861],[147.03345,44.61611],[147.02642,44.59861],[146.99383,44.57569],[146.9775,44.57805],[146.95815,44.5961],[146.94816,44.63146],[146.93094,44.58938],[146.95404,44.55599],[146.95179,44.54882],[146.92119,44.52406],[146.89696,44.52027],[146.87641,44.49975],[146.85812,44.45331],[146.86159,44.44589],[146.90496,44.42918],[146.94716,44.42464],[146.98323,44.44476],[147.02385,44.51427],[147.08289,44.56023],[147.10906,44.56889],[147.14638,44.55942],[147.19145,44.57202],[147.20744,44.56888],[147.24232,44.60002],[147.25299,44.60055],[147.27238,44.64656],[147.30577,44.67227],[147.33615,44.71491],[147.36949,44.72327],[147.38069,44.7427],[147.42123,44.76461],[147.48621,44.78118],[147.50214,44.80511],[147.55035,44.81607],[147.59689,44.8533],[147.61534,44.88863],[147.65141,44.9188],[147.61098,44.94292],[147.61953,44.96495],[147.65734,44.99568],[147.68573,45.00521],[147.72625,45.00281],[147.73019,44.97675],[147.78478,44.94766],[147.85069,44.9654],[147.87806,44.96211],[147.89012,44.96872],[147.90424,44.96097],[147.93469,44.9882],[147.98397,45.0042],[148.02935,45.0564],[148.05502,45.06702],[148.09965,45.11265],[148.16755,45.14688],[148.19527,45.15035],[148.24023,45.18388],[148.26615,45.18499],[148.27831,45.20152],[148.31074,45.21848],[148.40415,45.23081],[148.43663,45.25297],[148.45581,45.24952],[148.47775,45.26112],[148.49304,45.25666],[148.50116,45.26097],[148.49933,45.2721],[148.5078,45.27239],[148.50537,45.27886],[148.54289,45.29378],[148.56344,45.31197],[148.63916,45.33536],[148.74414,45.33725],[148.77672,45.32265],[148.80389,45.33628],[148.84245,45.3367],[148.84844,45.34462],[148.84319,45.35476],[148.86103,45.36735],[148.87656,45.39436],[148.85232,45.41946],[148.83005,45.42663],[148.82711,45.44878],[148.83378,45.46121],[148.88976,45.48579],[148.89182,45.51302],[148.83826,45.55069],[148.75263,45.55693]]]]}},{"type":"Feature","properties":{"P":"青森県","code":"02"},"geometry":{"type":"MultiPolygon","coordinates":[[[[141.52888,40.54113],[141.52831,40.54626],[141.5209,40.54028],[141.52993,40.53395],[141.52888,40.54113]]],[[[141.53508,40.56301],[141.53534,40.55614],[141.5426,40.5501],[141.53528,40.55661],[141.53508,40.56301]]],[[[139.99386,40.73536],[139.99246,40.73436],[139.99354,40.73396],[139.99386,40.73536]]],[[[139.99544,40.74463],[139.99641,40.74276],[139.9979,40.74364],[139.99544,40.74463]]],[[[140.0303,40.76022],[140.0298,40.75851],[140.03113,40.75865],[140.0303,40.76022]]],[[[140.85053,40.89692],[140.84833,40.89757],[140.84709,40.89573],[140.84875,40.89422],[140.85117,40.89435],[140.85215,40.89537],[140.85053,40.89692]]],[[[140.85295,40.90983],[140.85166,40.90944],[140.85117,40.90779],[140.85276,40.90853],[140.85295,40.90983]]],[[[140.85528,40.93514],[140.85225,40.93314],[140.85323,40.93144],[140.85794,40.93327],[140.85528,40.93514]]],[[[141.4082,40.9243],[141.40131,40.93051],[141.40092,40.94025],[141.40097,40.93043],[141.4082,40.9243]]],[[[140.872,41.01729],[140.87054,41.01654],[140.87208,41.01378],[140.87139,41.01256],[140.8762,41.01052],[140.87737,41.01208],[140.872,41.01729]]],[[[141.68267,40.45029],[141.63771,40.48026],[141.61994,40.50582],[141.58776,40.52218],[141.57599,40.54292],[141.53456,40.52718],[141.51435,40.54308],[141.50453,40.54038],[141.50998,40.54585],[141.50182,40.54664],[141.50013,40.55677],[141.48749,40.55679],[141.48356,40.56131],[141.49187,40.56621],[141.52111,40.55543],[141.48236,40.56887],[141.46191,40.60304],[141.44072,40.67804],[141.42457,40.7068],[141.39758,40.84785],[141.39478,40.92419],[141.37571,40.93514],[141.3901,40.93696],[141.38575,41.01593],[141.39886,41.09822],[141.39295,41.10334],[141.39091,41.17846],[141.44239,41.35734],[141.45922,41.37918],[141.45278,41.39622],[141.4632,41.40183],[141.46425,41.42886],[141.38785,41.37574],[141.31479,41.35199],[141.27461,41.35368],[141.1932,41.38669],[141.11266,41.46295],[141.06687,41.48226],[141.00091,41.48629],[140.9734,41.49886],[140.96191,41.51487],[140.91358,41.5465],[140.90808,41.52983],[140.89745,41.52596],[140.90862,41.49437],[140.89842,41.47663],[140.88202,41.46844],[140.86426,41.43387],[140.83573,41.41684],[140.82035,41.34614],[140.79915,41.32225],[140.80625,41.31415],[140.7799,41.25336],[140.78555,41.23349],[140.77894,41.20752],[140.7642,41.19523],[140.76419,41.14565],[140.78316,41.13128],[140.81149,41.12765],[140.82547,41.14538],[140.85455,41.16143],[140.89245,41.16372],[140.91659,41.17609],[140.94519,41.17386],[140.98032,41.19914],[141.05559,41.18256],[141.07448,41.2006],[141.11335,41.21335],[141.15189,41.24078],[141.15841,41.2619],[141.14457,41.2411],[141.13323,41.24386],[141.16004,41.27819],[141.18776,41.27942],[141.24548,41.2271],[141.27906,41.15834],[141.27227,41.1348],[141.24647,41.10464],[141.23743,41.02192],[141.21973,40.96847],[141.18957,40.91787],[141.16101,40.88817],[141.13209,40.87261],[141.09738,40.87491],[141.06425,40.91334],[141.03454,40.91752],[140.99753,40.93696],[140.97238,40.93438],[140.98127,40.9421],[140.98211,40.96138],[140.96118,40.97342],[140.94871,40.99235],[140.91983,40.99353],[140.88967,41.0108],[140.86351,40.98474],[140.87313,40.97929],[140.85997,40.97165],[140.86226,40.95709],[140.83837,40.95339],[140.87177,40.94371],[140.86792,40.90766],[140.85491,40.90331],[140.85901,40.88742],[140.79502,40.83593],[140.7356,40.83003],[140.68733,40.86715],[140.66247,40.94074],[140.63152,41.09794],[140.64374,41.1724],[140.63383,41.19003],[140.60416,41.21437],[140.54911,41.22885],[140.53863,41.21786],[140.52692,41.22119],[140.5002,41.19085],[140.46469,41.18213],[140.43085,41.19675],[140.39667,41.23451],[140.34509,41.26293],[140.33807,41.25527],[140.34133,41.24176],[140.33029,41.23045],[140.33572,41.18912],[140.32159,41.14783],[140.31103,41.14573],[140.30336,41.13131],[140.25701,41.14067],[140.24878,41.1339],[140.24916,41.12359],[140.28839,41.11945],[140.30641,41.10609],[140.32025,41.09085],[140.32402,41.06407],[140.30208,40.91709],[140.28254,40.85857],[140.25429,40.80585],[140.22755,40.78154],[140.19154,40.78265],[140.12275,40.74258],[140.09878,40.74584],[140.05289,40.76922],[140.02596,40.75027],[139.99948,40.74446],[139.96318,40.68172],[139.95084,40.67045],[139.93582,40.67009],[139.93724,40.65599],[139.9284,40.64227],[139.90176,40.64543],[139.85976,40.6121],[139.86857,40.58444],[139.91843,40.58579],[139.93349,40.56528],[139.92923,40.55709],[139.94018,40.5527],[139.95001,40.49629],[139.93631,40.4282],[139.95977,40.43483],[139.98121,40.42738],[139.99505,40.43505],[140.01864,40.41994],[140.02605,40.43924],[140.02076,40.44918],[140.05398,40.46783],[140.09358,40.45892],[140.10762,40.4359],[140.15141,40.43502],[140.18547,40.44331],[140.19405,40.43478],[140.2101,40.43843],[140.22017,40.43115],[140.25005,40.44299],[140.29104,40.44658],[140.31127,40.43633],[140.33915,40.44114],[140.34781,40.46755],[140.3613,40.47839],[140.37795,40.47654],[140.38696,40.48706],[140.40213,40.47504],[140.43574,40.47997],[140.4397,40.45041],[140.46422,40.45643],[140.50845,40.42853],[140.52991,40.43026],[140.52381,40.41021],[140.54078,40.40268],[140.56707,40.39864],[140.55337,40.42056],[140.58722,40.42929],[140.58973,40.43611],[140.62557,40.4241],[140.63405,40.40234],[140.65265,40.40335],[140.69923,40.42942],[140.73357,40.4158],[140.73409,40.43968],[140.7527,40.43917],[140.76938,40.45391],[140.78685,40.45723],[140.8034,40.44859],[140.81063,40.48713],[140.82003,40.49533],[140.84502,40.50736],[140.87834,40.51103],[140.86132,40.44063],[140.89233,40.42335],[140.98515,40.42722],[140.97876,40.41598],[140.99543,40.35337],[140.98122,40.34337],[140.96208,40.34713],[140.96742,40.33366],[140.95734,40.32452],[140.9569,40.30472],[140.94397,40.29626],[140.9446,40.28814],[140.95758,40.28204],[140.94571,40.25807],[140.98006,40.21963],[141.01584,40.21804],[141.07641,40.25264],[141.10406,40.25573],[141.11005,40.26105],[141.09997,40.28101],[141.13837,40.3005],[141.21866,40.31532],[141.22632,40.32795],[141.26013,40.34187],[141.26243,40.34948],[141.27953,40.34475],[141.29232,40.35167],[141.29349,40.36323],[141.31585,40.37256],[141.33634,40.3602],[141.334,40.3456],[141.351,40.33107],[141.38182,40.34249],[141.39749,40.36732],[141.40698,40.35716],[141.42729,40.36181],[141.4416,40.37604],[141.48047,40.37613],[141.51817,40.35184],[141.53903,40.34797],[141.58561,40.37834],[141.58124,40.39843],[141.58692,40.40696],[141.65496,40.42859],[141.68267,40.45029]]],[[[140.91181,41.55581],[140.90955,41.55593],[140.91065,41.5521],[140.91311,41.55266],[140.91262,41.55401],[140.9139,41.55448],[140.91181,41.55581]]]]}},{"type":"Feature","properties":{"P":"岩手県","code":"03"},"geometry":{"type":"MultiPolygon","coordinates":[[[[140.95507,40.24763],[140.94009,40.24024],[140.94096,40.2269],[140.90548,40.22214],[140.88953,40.20054],[140.89236,40.19228],[140.85926,40.17158],[140.86911,40.15948],[140.88361,40.15732],[140.86699,40.13237],[140.8715,40.11581],[140.88096,40.11393],[140.87534,40.09457],[140.84448,40.07459],[140.85562,40.04393],[140.84533,39.9751],[140.84806,39.95836],[140.85721,39.95303],[140.85469,39.92329],[140.86805,39.91166],[140.87799,39.87436],[140.85292,39.86579],[140.82624,39.88614],[140.79951,39.88168],[140.78224,39.86785],[140.78919,39.84915],[140.78677,39.82335],[140.82252,39.81478],[140.84827,39.79325],[140.80533,39.75665],[140.80373,39.74475],[140.77482,39.73455],[140.79446,39.7096],[140.8099,39.70802],[140.81135,39.69554],[140.82259,39.68788],[140.82226,39.6503],[140.80752,39.63266],[140.79993,39.60629],[140.78248,39.60409],[140.78026,39.59016],[140.76427,39.58785],[140.7543,39.57072],[140.72962,39.56513],[140.72748,39.55595],[140.74136,39.53619],[140.73822,39.52305],[140.72465,39.51846],[140.72397,39.50442],[140.71368,39.4992],[140.7244,39.48053],[140.68198,39.45731],[140.67702,39.44673],[140.68512,39.42467],[140.6794,39.41701],[140.65824,39.41415],[140.66369,39.40375],[140.65323,39.3908],[140.67897,39.38318],[140.67564,39.36834],[140.69295,39.35812],[140.68845,39.34752],[140.7083,39.3342],[140.69404,39.31976],[140.69359,39.29959],[140.71733,39.29651],[140.71783,39.27261],[140.75135,39.26281],[140.78866,39.23843],[140.78762,39.22679],[140.77047,39.22346],[140.76305,39.21323],[140.76485,39.19776],[140.8082,39.18042],[140.78352,39.16541],[140.77388,39.16759],[140.74894,39.13812],[140.76998,39.12416],[140.75587,39.11805],[140.76325,39.10886],[140.75291,39.08602],[140.80239,39.07789],[140.79946,39.06126],[140.8098,39.05797],[140.79353,39.04172],[140.7954,39.02971],[140.77885,39.00839],[140.76441,39.00037],[140.76449,38.98565],[140.77496,38.97042],[140.77359,38.95808],[140.82406,38.96412],[140.8817,38.92787],[140.91037,38.92744],[140.91634,38.91622],[140.92654,38.92141],[140.9545,38.90983],[140.98548,38.87528],[141.0207,38.8864],[141.04351,38.87657],[141.09335,38.88786],[141.10798,38.87766],[141.13948,38.87749],[141.14678,38.85627],[141.12315,38.83586],[141.10482,38.83735],[141.10452,38.82327],[141.12374,38.82546],[141.12362,38.81655],[141.1425,38.8119],[141.14208,38.7874],[141.1956,38.77681],[141.21584,38.74847],[141.23371,38.74781],[141.23688,38.75202],[141.22884,38.75257],[141.25681,38.76094],[141.27248,38.79697],[141.30455,38.79346],[141.30659,38.81896],[141.31685,38.82327],[141.33466,38.80691],[141.35307,38.8124],[141.37138,38.80743],[141.37918,38.79609],[141.39381,38.79984],[141.39811,38.7895],[141.41486,38.7862],[141.41462,38.76834],[141.42306,38.77184],[141.42139,38.77954],[141.4398,38.78562],[141.42942,38.8106],[141.45867,38.81396],[141.44983,38.83739],[141.46602,38.85597],[141.45267,38.86255],[141.45111,38.87632],[141.49191,38.91304],[141.48557,38.93573],[141.49396,38.95535],[141.48355,38.97832],[141.48978,38.99735],[141.50855,39.00272],[141.52313,38.99135],[141.56699,38.99598],[141.57454,38.98729],[141.60505,38.98514],[141.62921,38.97025],[141.62391,38.99959],[141.67105,39.00481],[141.68138,38.99825],[141.66774,38.98896],[141.66803,38.97627],[141.68839,38.96503],[141.68911,38.94731],[141.70349,38.93832],[141.71313,38.95123],[141.72811,38.95286],[141.72171,38.96425],[141.69643,38.96996],[141.7096,38.98467],[141.71745,38.982],[141.71121,38.99647],[141.72008,38.99687],[141.72264,38.98895],[141.74416,38.98993],[141.73144,39.01445],[141.71619,39.01543],[141.70961,39.02414],[141.72489,39.04074],[141.72277,39.06635],[141.73198,39.06971],[141.73851,39.06253],[141.73426,39.05091],[141.74108,39.05222],[141.73071,39.03322],[141.73815,39.03016],[141.72789,39.02822],[141.73275,39.02264],[141.75827,39.01793],[141.76817,39.03418],[141.78197,39.02761],[141.79621,39.04328],[141.80009,39.02441],[141.84728,39.02617],[141.84993,39.03688],[141.81775,39.04942],[141.81517,39.05908],[141.87549,39.06411],[141.86839,39.07225],[141.82318,39.07545],[141.82432,39.08556],[141.80862,39.09089],[141.81553,39.09459],[141.81127,39.11186],[141.85989,39.10402],[141.87996,39.08438],[141.92022,39.10517],[141.89901,39.12005],[141.87434,39.11536],[141.87298,39.13023],[141.83571,39.14546],[141.85005,39.15696],[141.88735,39.15573],[141.92152,39.17742],[141.92049,39.18566],[141.8906,39.18139],[141.88068,39.19108],[141.8662,39.19175],[141.87279,39.19781],[141.86681,39.20637],[141.89009,39.19776],[141.89356,39.20414],[141.88706,39.20865],[141.90447,39.20505],[141.92754,39.21569],[141.9249,39.22265],[141.94851,39.21781],[141.95412,39.22448],[141.94427,39.24174],[141.97116,39.24778],[141.93824,39.24819],[141.92025,39.23791],[141.91276,39.24802],[141.89031,39.24744],[141.9031,39.25673],[141.8868,39.26861],[141.89315,39.2706],[141.88906,39.27375],[141.92961,39.27055],[141.9214,39.27993],[141.92523,39.28583],[141.88722,39.30316],[141.90646,39.30949],[141.91762,39.30296],[141.92223,39.31002],[141.97654,39.31891],[141.97495,39.32727],[141.99664,39.35094],[141.97602,39.33755],[141.95578,39.34036],[141.94444,39.32959],[141.92309,39.3328],[141.91639,39.32427],[141.90288,39.32716],[141.89897,39.33734],[141.91532,39.34563],[141.91596,39.35609],[141.93955,39.34822],[141.95744,39.35599],[141.96614,39.37726],[141.94839,39.3704],[141.93804,39.38485],[141.97626,39.4276],[141.9824,39.42599],[141.98398,39.40841],[142.00515,39.4111],[142.00967,39.42625],[142.02907,39.4157],[142.04432,39.42577],[142.03857,39.44674],[142.04911,39.45067],[142.06144,39.47137],[142.05298,39.47411],[142.05167,39.48406],[142.03499,39.48226],[142.0089,39.46486],[142.00477,39.44601],[141.99538,39.45223],[141.97998,39.43918],[141.95704,39.4568],[141.96191,39.45953],[141.9542,39.47064],[141.9777,39.48284],[142.00891,39.47604],[142.01096,39.50139],[142.02003,39.49931],[142.02879,39.50877],[142.03342,39.52937],[142.04478,39.53138],[142.05625,39.52195],[142.06162,39.52473],[142.05253,39.53316],[142.06586,39.53436],[142.07239,39.54809],[142.06745,39.56272],[142.05773,39.5606],[142.05756,39.57432],[142.02651,39.57867],[142.0335,39.598],[142.02601,39.6075],[142.03375,39.60963],[142.02253,39.61608],[142.02636,39.65522],[142.01591,39.65479],[141.95899,39.58661],[141.94811,39.58768],[141.94514,39.59634],[141.97154,39.62591],[141.96432,39.63985],[141.98173,39.64628],[141.96988,39.65272],[141.98636,39.68526],[141.96703,39.69003],[141.98605,39.71356],[141.98326,39.72621],[141.97195,39.73178],[142.0041,39.75171],[141.98891,39.7569],[141.99163,39.76929],[142.00408,39.77494],[141.98406,39.78841],[141.98373,39.81398],[141.99056,39.82003],[141.98586,39.83029],[141.97881,39.82891],[141.97667,39.87235],[141.97086,39.8849],[141.95519,39.89113],[141.93981,39.91947],[141.93983,39.93926],[141.96245,39.9521],[141.95578,39.95833],[141.95594,39.98357],[141.93534,40.00967],[141.9051,40.01057],[141.87851,40.04706],[141.85152,40.05536],[141.83324,40.07474],[141.82779,40.11121],[141.84594,40.13351],[141.86334,40.13209],[141.87617,40.14403],[141.85254,40.16863],[141.79402,40.19072],[141.80653,40.19754],[141.8127,40.18934],[141.7989,40.20139],[141.80728,40.21548],[141.8354,40.21868],[141.81954,40.26438],[141.77435,40.32132],[141.77141,40.34534],[141.75444,40.35554],[141.7551,40.3679],[141.72892,40.38913],[141.72235,40.4086],[141.68267,40.45029],[141.65496,40.42859],[141.58692,40.40696],[141.58124,40.39843],[141.58561,40.37834],[141.5372,40.34738],[141.48047,40.37613],[141.4416,40.37604],[141.42729,40.36181],[141.40698,40.35716],[141.39749,40.36732],[141.38182,40.34249],[141.351,40.33107],[141.334,40.3456],[141.33634,40.3602],[141.31687,40.37274],[141.29349,40.36323],[141.29232,40.35167],[141.27953,40.34475],[141.26243,40.34948],[141.26013,40.34187],[141.22632,40.32795],[141.21866,40.31532],[141.13837,40.3005],[141.09997,40.28101],[141.11005,40.26105],[141.10406,40.25573],[141.07641,40.25264],[141.02237,40.22027],[140.97914,40.21992],[140.95507,40.24763]]],[[[141.71642,38.9365],[141.71668,38.93526],[141.71778,38.9357],[141.71642,38.9365]]],[[[141.7102,38.93874],[141.70866,38.93815],[141.71112,38.93766],[141.7102,38.93874]]],[[[141.70936,38.9404],[141.70846,38.93988],[141.70963,38.93904],[141.71027,38.94023],[141.70936,38.9404]]],[[[141.8518,39.03516],[141.85035,39.03459],[141.85146,39.03388],[141.8518,39.03516]]],[[[141.72745,39.03587],[141.72831,39.03805],[141.7268,39.03777],[141.72658,39.03544],[141.72745,39.03587]]],[[[141.98161,39.30893],[141.97644,39.30634],[141.98817,39.30554],[141.98161,39.30893]]],[[[141.99993,39.40687],[141.99858,39.40673],[141.99785,39.40332],[141.99392,39.40081],[141.9948,39.39997],[141.99786,39.39927],[142.00047,39.40476],[141.99993,39.40687]]],[[[141.97902,39.4101],[141.97739,39.40954],[141.9791,39.40865],[141.97902,39.4101]]],[[[141.97541,39.46331],[141.97445,39.46116],[141.97624,39.46209],[141.97541,39.46331]]],[[[141.98751,39.67207],[141.98569,39.66956],[141.98754,39.66815],[141.98942,39.6694],[141.98751,39.67207]]]]}},{"type":"Feature","properties":{"P":"宮城県","code":"04"},"geometry":{"type":"MultiPolygon","coordinates":[[[[140.77359,38.95808],[140.73209,38.94927],[140.71159,38.92324],[140.68565,38.9176],[140.67111,38.89713],[140.63797,38.88306],[140.61359,38.89391],[140.56217,38.87316],[140.54712,38.88921],[140.54005,38.86189],[140.59073,38.83604],[140.5989,38.82499],[140.59574,38.80219],[140.60353,38.78371],[140.64646,38.76952],[140.60704,38.72131],[140.607,38.7033],[140.62363,38.69978],[140.62444,38.68767],[140.60202,38.6406],[140.58786,38.63394],[140.54665,38.6497],[140.53747,38.63568],[140.56212,38.60725],[140.55845,38.59764],[140.56955,38.59422],[140.57835,38.57035],[140.56663,38.55956],[140.56474,38.54586],[140.55408,38.54076],[140.55574,38.52995],[140.57196,38.52564],[140.56346,38.51064],[140.56741,38.5013],[140.60435,38.48205],[140.60821,38.4584],[140.61968,38.45469],[140.59776,38.43653],[140.58063,38.43744],[140.5713,38.41311],[140.57823,38.39296],[140.5454,38.36407],[140.52631,38.35753],[140.52158,38.34757],[140.52974,38.3207],[140.52028,38.30952],[140.50431,38.31414],[140.49234,38.30165],[140.49695,38.28314],[140.47118,38.26936],[140.46734,38.23314],[140.48015,38.18214],[140.46766,38.15698],[140.44375,38.14093],[140.44569,38.12985],[140.42516,38.12191],[140.41767,38.08034],[140.4015,38.07009],[140.38302,38.07151],[140.37366,38.05701],[140.28056,38.05876],[140.27573,38.0309],[140.28954,38.0071],[140.275,37.98387],[140.28446,37.97299],[140.33427,37.95142],[140.35398,37.95108],[140.35909,37.95897],[140.38439,37.95223],[140.38564,37.96489],[140.39857,37.97442],[140.42902,37.95447],[140.4615,37.95258],[140.47488,37.94678],[140.46748,37.93782],[140.46953,37.91787],[140.48835,37.8996],[140.55844,37.90988],[140.56638,37.92279],[140.59181,37.90617],[140.61165,37.91516],[140.62734,37.89907],[140.6626,37.90022],[140.69008,37.88821],[140.6819,37.876],[140.69158,37.84951],[140.6795,37.83685],[140.69437,37.80326],[140.71152,37.80066],[140.72697,37.78148],[140.74568,37.7883],[140.79405,37.77325],[140.80293,37.77998],[140.76531,37.79853],[140.77498,37.80631],[140.81075,37.79562],[140.85172,37.79531],[140.85791,37.80285],[140.85054,37.84923],[140.86156,37.86283],[140.85625,37.8909],[140.89998,37.90426],[140.90112,37.89764],[140.92046,37.89228],[140.93117,37.8962],[140.91489,37.97983],[140.93061,38.10038],[140.97937,38.20821],[141.02234,38.26335],[141.04672,38.26467],[140.99892,38.27311],[141.02154,38.27119],[141.02879,38.28311],[141.02958,38.27556],[141.04025,38.27268],[141.09001,38.30057],[141.0764,38.31957],[141.06545,38.3217],[141.03633,38.30647],[141.04556,38.31863],[141.02527,38.31934],[141.05217,38.3318],[141.03944,38.33508],[141.03763,38.34353],[141.0661,38.35128],[141.06093,38.36737],[141.07441,38.37783],[141.08783,38.38171],[141.10646,38.36933],[141.11526,38.37655],[141.10703,38.38632],[141.13343,38.37691],[141.13226,38.36024],[141.15864,38.35355],[141.17402,38.3754],[141.22934,38.40062],[141.26659,38.408],[141.2666,38.41939],[141.28579,38.41618],[141.27485,38.41445],[141.26442,38.39772],[141.2756,38.40955],[141.29477,38.40013],[141.29458,38.41409],[141.31657,38.40746],[141.36371,38.4119],[141.37027,38.40007],[141.36412,38.3894],[141.37318,38.38327],[141.38707,38.3842],[141.40948,38.40377],[141.41463,38.39148],[141.43307,38.39671],[141.42269,38.38432],[141.43859,38.38092],[141.43283,38.37344],[141.45857,38.37266],[141.42988,38.36477],[141.41561,38.3551],[141.41636,38.3474],[141.43661,38.3415],[141.44846,38.35379],[141.45199,38.34055],[141.46236,38.35135],[141.4633,38.33552],[141.47448,38.33043],[141.44947,38.31525],[141.46702,38.30595],[141.47184,38.31997],[141.47825,38.30549],[141.49389,38.30767],[141.49229,38.29353],[141.50906,38.29672],[141.51133,38.2765],[141.52511,38.27294],[141.52562,38.29593],[141.54063,38.30614],[141.53963,38.31922],[141.5247,38.3257],[141.53432,38.33942],[141.51778,38.36844],[141.48961,38.36752],[141.48141,38.37535],[141.5118,38.39151],[141.53061,38.38149],[141.54056,38.38966],[141.53871,38.40081],[141.51419,38.39264],[141.50098,38.40346],[141.49938,38.41528],[141.46977,38.39425],[141.47279,38.42455],[141.46362,38.42387],[141.4657,38.43059],[141.44739,38.44389],[141.4946,38.4378],[141.51235,38.44944],[141.49659,38.44937],[141.49961,38.46128],[141.47637,38.46381],[141.49863,38.47854],[141.4909,38.48898],[141.49645,38.49953],[141.4751,38.51773],[141.46474,38.51214],[141.46958,38.52121],[141.49499,38.50898],[141.51344,38.51271],[141.5157,38.493],[141.53732,38.49039],[141.53343,38.49539],[141.54248,38.50376],[141.53409,38.5096],[141.54635,38.52373],[141.53014,38.53254],[141.53248,38.54898],[141.52156,38.53955],[141.51448,38.54451],[141.51109,38.53432],[141.49311,38.53324],[141.48555,38.54167],[141.48784,38.55405],[141.477,38.56305],[141.46303,38.56126],[141.45856,38.57849],[141.48767,38.58402],[141.50463,38.59521],[141.50106,38.60304],[141.50935,38.59992],[141.52415,38.60917],[141.52973,38.63591],[141.46425,38.6479],[141.45836,38.6396],[141.44315,38.64334],[141.45014,38.65745],[141.44407,38.67242],[141.46271,38.66627],[141.47474,38.67994],[141.49472,38.67403],[141.49028,38.68967],[141.49956,38.69548],[141.50924,38.68548],[141.51637,38.68937],[141.52574,38.71718],[141.53668,38.70562],[141.55381,38.70877],[141.55923,38.70111],[141.55432,38.69566],[141.5618,38.69164],[141.5663,38.71113],[141.55676,38.71938],[141.56576,38.72496],[141.56486,38.73982],[141.546,38.73352],[141.54717,38.73985],[141.53525,38.73972],[141.54049,38.74632],[141.53024,38.74858],[141.52926,38.75855],[141.51166,38.76779],[141.52041,38.78846],[141.55516,38.80142],[141.55906,38.81252],[141.57087,38.80835],[141.57941,38.8242],[141.60368,38.82781],[141.58322,38.84846],[141.59371,38.88975],[141.57501,38.90618],[141.58674,38.90935],[141.58884,38.89456],[141.60739,38.87969],[141.62103,38.89291],[141.63094,38.89107],[141.62333,38.89975],[141.62894,38.89561],[141.63755,38.90234],[141.63535,38.89044],[141.65667,38.86261],[141.67361,38.85706],[141.67498,38.863],[141.66258,38.88172],[141.6671,38.89293],[141.64784,38.91067],[141.65313,38.91907],[141.63418,38.93009],[141.64826,38.94133],[141.63135,38.95426],[141.64396,38.95589],[141.6319,38.97071],[141.60139,38.98628],[141.57454,38.98729],[141.56699,38.99598],[141.52313,38.99135],[141.51788,39.00166],[141.49238,38.99896],[141.48355,38.97832],[141.49396,38.95535],[141.48557,38.93573],[141.49191,38.91304],[141.45111,38.87632],[141.45267,38.86255],[141.46602,38.85597],[141.44983,38.83739],[141.45867,38.81396],[141.42942,38.8106],[141.43616,38.80578],[141.43796,38.78229],[141.42317,38.78053],[141.42306,38.77184],[141.40974,38.76787],[141.41486,38.7862],[141.39811,38.7895],[141.39381,38.79984],[141.37918,38.79609],[141.37138,38.80743],[141.35307,38.8124],[141.33466,38.80691],[141.30896,38.82216],[141.30455,38.79346],[141.27248,38.79697],[141.25681,38.76094],[141.22884,38.75257],[141.23688,38.75202],[141.23371,38.74781],[141.21584,38.74847],[141.1956,38.77681],[141.14208,38.7874],[141.1425,38.8119],[141.12362,38.81655],[141.12374,38.82546],[141.10452,38.82327],[141.10482,38.83735],[141.12315,38.83586],[141.14678,38.85627],[141.13948,38.87749],[141.10798,38.87766],[141.09335,38.88786],[141.03685,38.87673],[141.0207,38.8864],[140.98981,38.87432],[140.9545,38.90983],[140.92654,38.92141],[140.91634,38.91622],[140.91037,38.92744],[140.8817,38.92787],[140.82406,38.96412],[140.77359,38.95808]]],[[[141.49394,38.26125],[141.49252,38.26012],[141.49328,38.25982],[141.49394,38.26125]]],[[[141.06858,38.26278],[141.06851,38.2629],[141.05499,38.25796],[141.06858,38.26278]]],[[[141.47012,38.28364],[141.46049,38.28322],[141.45747,38.26849],[141.4665,38.26863],[141.47904,38.25063],[141.50064,38.24603],[141.48168,38.2778],[141.47012,38.28364]]],[[[141.43511,38.29094],[141.43389,38.28936],[141.43526,38.28922],[141.43511,38.29094]]],[[[141.41623,38.31221],[141.40849,38.28567],[141.42957,38.29371],[141.41623,38.31221]]],[[[141.56686,38.31355],[141.54793,38.30297],[141.55321,38.28685],[141.57644,38.26912],[141.58612,38.27744],[141.57911,38.2869],[141.5892,38.30169],[141.56686,38.31355]]],[[[141.15797,38.32126],[141.15507,38.32037],[141.15603,38.31788],[141.15994,38.31721],[141.1605,38.31859],[141.15797,38.32126]]],[[[141.11844,38.32169],[141.11885,38.32024],[141.11972,38.32059],[141.11844,38.32169]]],[[[141.07511,38.32795],[141.06811,38.32643],[141.06792,38.3242],[141.06917,38.32391],[141.07511,38.32795]]],[[[141.09082,38.33827],[141.08768,38.33076],[141.10532,38.32724],[141.09082,38.33827]]],[[[141.05458,38.33865],[141.05511,38.33782],[141.05191,38.33594],[141.05389,38.33539],[141.05541,38.33792],[141.05458,38.33865]]],[[[141.04478,38.34309],[141.04257,38.34207],[141.04284,38.34125],[141.04478,38.34309]]],[[[141.1154,38.34355],[141.11253,38.34202],[141.11453,38.3407],[141.11634,38.34201],[141.1154,38.34355]]],[[[141.12113,38.34485],[141.11346,38.33819],[141.10397,38.34282],[141.10883,38.33144],[141.12113,38.34485]]],[[[141.13025,38.34714],[141.12452,38.33513],[141.1156,38.33498],[141.12411,38.32607],[141.13025,38.34714]]],[[[141.1203,38.3519],[141.11834,38.35035],[141.11884,38.34893],[141.12069,38.34866],[141.1203,38.3519]]],[[[141.1151,38.35219],[141.11416,38.35226],[141.1138,38.34868],[141.11226,38.34793],[141.11422,38.3458],[141.11662,38.34632],[141.11518,38.34802],[141.1151,38.35219]]],[[[141.12117,38.35421],[141.12288,38.34886],[141.12513,38.349],[141.12671,38.35177],[141.12117,38.35421]]],[[[141.16316,38.35577],[141.16351,38.35494],[141.16144,38.3538],[141.16252,38.35264],[141.16571,38.3539],[141.16316,38.35577]]],[[[141.15,38.35662],[141.14057,38.35387],[141.14797,38.33868],[141.13164,38.33836],[141.13981,38.32409],[141.14651,38.32499],[141.13781,38.33008],[141.14886,38.33418],[141.15415,38.32273],[141.16364,38.32796],[141.17698,38.32022],[141.1667,38.33235],[141.16606,38.35019],[141.16076,38.35224],[141.16086,38.34127],[141.15,38.35662]]],[[[141.52741,38.35859],[141.5252,38.35697],[141.52666,38.35638],[141.52741,38.35859]]],[[[141.5299,38.35962],[141.52949,38.3573],[141.53078,38.35872],[141.5299,38.35962]]],[[[141.0756,38.36544],[141.0752,38.36367],[141.07713,38.36248],[141.0782,38.36359],[141.0756,38.36544]]],[[[141.07044,38.36783],[141.06923,38.36785],[141.06964,38.36612],[141.07143,38.36544],[141.07331,38.36663],[141.07044,38.36783]]],[[[141.07732,38.37715],[141.07582,38.37587],[141.07952,38.37494],[141.08015,38.37637],[141.07732,38.37715]]],[[[141.42066,38.38081],[141.41751,38.37752],[141.41802,38.3768],[141.42161,38.37755],[141.42355,38.3764],[141.4271,38.37995],[141.42438,38.37949],[141.42066,38.38081]]],[[[141.37717,38.38327],[141.37594,38.38121],[141.37882,38.38137],[141.37717,38.38327]]],[[[141.60605,38.39203],[141.60177,38.38942],[141.60303,38.38751],[141.60048,38.38553],[141.60419,38.38631],[141.60639,38.38915],[141.60605,38.39203]]],[[[141.59255,38.40258],[141.59194,38.39615],[141.59933,38.39767],[141.59255,38.40258]]],[[[141.5493,38.40462],[141.54856,38.40381],[141.54993,38.40271],[141.5493,38.40462]]],[[[141.58317,38.40467],[141.57984,38.40066],[141.58065,38.39991],[141.58326,38.40274],[141.58317,38.40467]]],[[[141.55425,38.40621],[141.55191,38.40359],[141.55353,38.40279],[141.55425,38.40621]]],[[[141.59324,38.42439],[141.59197,38.42229],[141.59545,38.42276],[141.59324,38.42439]]],[[[141.51508,38.45963],[141.51311,38.45872],[141.51416,38.45821],[141.51508,38.45963]]],[[[141.51792,38.46558],[141.51859,38.44313],[141.53041,38.43794],[141.53092,38.45372],[141.51792,38.46558]]],[[[141.51463,38.55601],[141.51071,38.54967],[141.51675,38.55551],[141.51463,38.55601]]],[[[141.49416,38.55996],[141.49177,38.55675],[141.49328,38.5569],[141.49416,38.55996]]],[[[141.48895,38.65299],[141.48706,38.65149],[141.49057,38.65113],[141.48895,38.65299]]],[[[141.50999,38.67608],[141.51004,38.67502],[141.51146,38.6748],[141.50999,38.67608]]],[[[141.64132,38.84538],[141.64045,38.84476],[141.6411,38.84227],[141.64233,38.84118],[141.64409,38.84194],[141.64132,38.84538]]],[[[141.63895,38.85193],[141.63824,38.8494],[141.63991,38.84858],[141.63895,38.85193]]],[[[141.6243,38.88541],[141.60177,38.87378],[141.61293,38.86539],[141.60471,38.8604],[141.6242,38.83024],[141.62823,38.83974],[141.63748,38.8396],[141.63633,38.84849],[141.62226,38.85211],[141.63451,38.87426],[141.6243,38.88541]]]]}},{"type":"Feature","properties":{"P":"秋田県","code":"05"},"geometry":{"type":"MultiPolygon","coordinates":[[[[139.93631,40.4282],[139.94803,40.41335],[139.97842,40.39829],[139.98221,40.38564],[140.01344,40.3717],[140.02611,40.34392],[140.01598,40.26495],[140.00077,40.22019],[140.0245,40.21745],[140.0028,40.21699],[140.00268,40.20631],[139.99416,40.21308],[139.99499,40.19925],[139.98842,40.20021],[139.98397,40.18353],[139.99211,40.18225],[139.99095,40.1717],[139.95127,40.08278],[139.8852,39.99949],[139.81876,39.96028],[139.79368,39.9577],[139.76572,39.97487],[139.72347,39.98163],[139.70177,40.0068],[139.69324,39.99563],[139.70167,39.961],[139.72117,39.95427],[139.71907,39.94615],[139.70398,39.94518],[139.70565,39.92827],[139.71657,39.90996],[139.73492,39.90535],[139.73781,39.87815],[139.75413,39.8577],[139.79283,39.86769],[139.81482,39.85734],[139.83077,39.86893],[139.84965,39.86342],[139.86125,39.86633],[139.85048,39.87337],[139.85753,39.87653],[139.84699,39.87902],[139.8564,39.87882],[139.84913,39.88132],[139.8572,39.88245],[139.85078,39.88677],[139.85971,39.89451],[139.86373,39.89048],[139.85871,39.89565],[139.92492,39.8995],[139.96346,39.8829],[140.00203,39.8516],[140.03558,39.80117],[140.03455,39.78549],[140.04234,39.78285],[140.03339,39.78103],[140.03821,39.7648],[140.04608,39.7635],[140.04284,39.77284],[140.05028,39.77063],[140.04628,39.7495],[140.05925,39.72066],[140.06136,39.61422],[140.04503,39.4987],[140.02438,39.41526],[140.01061,39.39525],[140.01465,39.38588],[140.00083,39.3505],[139.97383,39.30365],[139.95962,39.29258],[139.92823,39.2882],[139.91539,39.27472],[139.90982,39.25911],[139.91474,39.24864],[139.89302,39.2128],[139.8927,39.20267],[139.90527,39.19661],[139.90495,39.18152],[139.88338,39.14528],[139.88464,39.13258],[139.86959,39.11826],[139.94805,39.11717],[139.99445,39.10552],[140.00777,39.12304],[140.06213,39.13335],[140.06397,39.09146],[140.11423,39.07842],[140.11686,39.06823],[140.13743,39.06549],[140.15247,39.04826],[140.19811,39.06126],[140.20477,39.0535],[140.2006,39.0357],[140.2275,39.02706],[140.26056,39.03524],[140.31072,39.01359],[140.3188,39.03126],[140.32913,39.03468],[140.36238,39.0258],[140.36403,39.0095],[140.37623,38.99446],[140.43186,38.9919],[140.45123,38.97177],[140.44958,38.9456],[140.46212,38.91943],[140.483,38.91565],[140.49978,38.89506],[140.53795,38.90037],[140.56217,38.87316],[140.58553,38.88003],[140.5905,38.88916],[140.60714,38.8866],[140.61564,38.8937],[140.63797,38.88306],[140.66687,38.89484],[140.68565,38.9176],[140.71763,38.92794],[140.73209,38.94927],[140.77498,38.96041],[140.76441,39.00037],[140.77885,39.00839],[140.7954,39.02971],[140.79353,39.04172],[140.8098,39.05797],[140.79946,39.06126],[140.80239,39.07789],[140.75291,39.08602],[140.76325,39.10886],[140.75587,39.11805],[140.76998,39.12416],[140.74894,39.13812],[140.77388,39.16759],[140.78352,39.16541],[140.8082,39.18042],[140.76485,39.19776],[140.76305,39.21323],[140.77047,39.22346],[140.78762,39.22679],[140.78866,39.23843],[140.75135,39.26281],[140.71783,39.27261],[140.71733,39.29651],[140.69359,39.29959],[140.69404,39.31976],[140.7083,39.3342],[140.68845,39.34752],[140.69295,39.35812],[140.67564,39.36834],[140.67897,39.38318],[140.65323,39.3908],[140.66369,39.40375],[140.65748,39.41168],[140.68512,39.42467],[140.67702,39.44673],[140.68198,39.45731],[140.7244,39.48053],[140.71368,39.4992],[140.72397,39.50442],[140.72465,39.51846],[140.73822,39.52305],[140.74136,39.53619],[140.72748,39.55595],[140.72962,39.56513],[140.7543,39.57072],[140.76427,39.58785],[140.78026,39.59016],[140.78248,39.60409],[140.79993,39.60629],[140.80752,39.63266],[140.82226,39.6503],[140.82259,39.68788],[140.81135,39.69554],[140.8099,39.70802],[140.79446,39.7096],[140.77482,39.73455],[140.80373,39.74475],[140.80533,39.75665],[140.84827,39.79325],[140.82252,39.81478],[140.78677,39.82335],[140.78919,39.84915],[140.78224,39.86785],[140.79951,39.88168],[140.82624,39.88614],[140.85292,39.86579],[140.87799,39.87436],[140.86805,39.91166],[140.85469,39.92329],[140.85721,39.95303],[140.84806,39.95836],[140.84533,39.9751],[140.85562,40.04393],[140.84448,40.07459],[140.87534,40.09457],[140.88096,40.11393],[140.8715,40.11581],[140.86699,40.13237],[140.88361,40.15732],[140.86911,40.15948],[140.85926,40.17158],[140.89236,40.19228],[140.88953,40.20054],[140.90548,40.22214],[140.94096,40.2269],[140.94009,40.24024],[140.95507,40.24763],[140.94571,40.25807],[140.95758,40.28204],[140.9446,40.28814],[140.94397,40.29626],[140.9569,40.30472],[140.95734,40.32452],[140.96742,40.33366],[140.96208,40.34713],[140.98122,40.34337],[140.99543,40.35337],[140.97876,40.41598],[140.98515,40.42722],[140.89233,40.42335],[140.86132,40.44063],[140.87679,40.51106],[140.82003,40.49533],[140.81063,40.48713],[140.8034,40.44859],[140.78685,40.45723],[140.76938,40.45391],[140.7527,40.43917],[140.73409,40.43968],[140.73357,40.4158],[140.69923,40.42942],[140.65265,40.40335],[140.63405,40.40234],[140.62557,40.4241],[140.58973,40.43611],[140.58722,40.42929],[140.55337,40.42056],[140.56707,40.39864],[140.54078,40.40268],[140.52381,40.41021],[140.52991,40.43026],[140.50845,40.42853],[140.46422,40.45643],[140.4397,40.45041],[140.43574,40.47997],[140.40213,40.47504],[140.38828,40.48702],[140.34781,40.46755],[140.33522,40.43938],[140.30954,40.43657],[140.29104,40.44658],[140.25005,40.44299],[140.22017,40.43115],[140.2101,40.43843],[140.19405,40.43478],[140.18547,40.44331],[140.11162,40.43542],[140.09358,40.45892],[140.06857,40.46884],[140.03617,40.46162],[140.02245,40.45092],[140.01864,40.41994],[139.99505,40.43505],[139.98121,40.42738],[139.95977,40.43483],[139.93631,40.4282]]],[[[140.01285,39.77474],[140.01513,39.7722],[140.03284,39.76043],[140.01285,39.77474]]],[[[140.01055,39.77596],[140.00873,39.77878],[140.00476,39.78225],[140.01055,39.77596]]],[[[140.03304,39.79031],[140.02387,39.78853],[140.02048,39.78155],[140.02398,39.78844],[140.03304,39.79031]]],[[[139.84876,39.87849],[139.848,39.878],[139.85057,39.87673],[139.84876,39.87849]]],[[[139.70052,39.94774],[139.70003,39.94624],[139.70128,39.94728],[139.70052,39.94774]]],[[[139.69799,40.01617],[139.69793,40.0131],[139.70116,40.013],[139.69916,40.01623],[139.69799,40.01617]]],[[[139.97053,40.2],[139.9744,40.20419],[139.96807,40.1978],[139.97053,40.2]]]]}},{"type":"Feature","properties":{"P":"山形県","code":"06"},"geometry":{"type":"MultiPolygon","coordinates":[[[[140.54712,38.88921],[140.5355,38.90072],[140.49978,38.89506],[140.483,38.91565],[140.46212,38.91943],[140.44958,38.9456],[140.45123,38.97177],[140.43186,38.9919],[140.37623,38.99446],[140.36403,39.0095],[140.36238,39.0258],[140.32913,39.03468],[140.3188,39.03126],[140.31072,39.01359],[140.26056,39.03524],[140.2275,39.02706],[140.2006,39.0357],[140.20477,39.0535],[140.19811,39.06126],[140.15247,39.04826],[140.13743,39.06549],[140.11686,39.06823],[140.11423,39.07842],[140.06397,39.09146],[140.06213,39.13335],[140.00777,39.12304],[139.99445,39.10552],[139.94805,39.11717],[139.86959,39.11826],[139.87936,39.09671],[139.86759,39.07373],[139.87265,39.0705],[139.86707,39.05213],[139.83858,38.98166],[139.81889,38.96052],[139.83374,38.96398],[139.83587,38.95599],[139.81429,38.95034],[139.81777,38.94299],[139.80793,38.93615],[139.80869,38.92537],[139.79784,38.93452],[139.80869,38.92531],[139.80481,38.90599],[139.7534,38.78543],[139.73435,38.76282],[139.72227,38.76298],[139.70866,38.75149],[139.69635,38.72848],[139.66935,38.71791],[139.64793,38.69344],[139.62711,38.68746],[139.61016,38.66949],[139.5428,38.55924],[139.59945,38.52222],[139.62168,38.5254],[139.65306,38.50697],[139.69291,38.50683],[139.72072,38.49635],[139.72576,38.48656],[139.71141,38.4767],[139.71909,38.46624],[139.71836,38.42721],[139.70339,38.40022],[139.70981,38.38677],[139.7229,38.39365],[139.73054,38.37425],[139.74985,38.35952],[139.78964,38.34871],[139.81649,38.35601],[139.8289,38.34428],[139.84838,38.3428],[139.89982,38.28744],[139.8999,38.27581],[139.8766,38.26179],[139.86019,38.23107],[139.81095,38.21152],[139.7865,38.19244],[139.76374,38.19896],[139.75648,38.19292],[139.72152,38.20584],[139.69864,38.20295],[139.6958,38.18511],[139.68227,38.17179],[139.69389,38.11589],[139.6722,38.08781],[139.67234,38.07693],[139.69097,38.07374],[139.68631,38.06448],[139.69273,38.05703],[139.68015,38.04327],[139.65474,38.03477],[139.65429,37.99651],[139.64374,37.9953],[139.63938,37.9857],[139.643,37.94683],[139.62484,37.91818],[139.63846,37.88002],[139.68083,37.84695],[139.71564,37.85416],[139.74131,37.82029],[139.78241,37.83204],[139.81003,37.80324],[139.85858,37.82654],[139.88655,37.80916],[139.92466,37.81346],[139.92762,37.82708],[139.93726,37.8282],[139.95792,37.81486],[139.96015,37.79565],[139.9865,37.76041],[140.01928,37.76196],[140.05126,37.77936],[140.06904,37.7579],[140.08678,37.758],[140.10228,37.73761],[140.11537,37.73436],[140.14049,37.73806],[140.14601,37.75272],[140.16693,37.75724],[140.23551,37.74589],[140.27629,37.78177],[140.28221,37.79823],[140.2988,37.80781],[140.26212,37.83442],[140.26993,37.86668],[140.26494,37.88623],[140.27072,37.89074],[140.26457,37.91209],[140.28093,37.94159],[140.27132,37.96664],[140.28,37.97664],[140.2762,37.99277],[140.28954,38.0071],[140.27573,38.0309],[140.2833,38.05022],[140.27709,38.05616],[140.37366,38.05701],[140.38302,38.07151],[140.4015,38.07009],[140.41767,38.08034],[140.42516,38.12191],[140.44569,38.12985],[140.44375,38.14093],[140.46766,38.15698],[140.48015,38.18214],[140.46734,38.23314],[140.47118,38.26936],[140.49695,38.28314],[140.49234,38.30165],[140.50431,38.31414],[140.52028,38.30952],[140.52974,38.3207],[140.52158,38.34757],[140.52631,38.35753],[140.5454,38.36407],[140.57823,38.39296],[140.5713,38.41311],[140.58063,38.43744],[140.59776,38.43653],[140.61968,38.45469],[140.60821,38.4584],[140.60435,38.48205],[140.56741,38.5013],[140.56346,38.51064],[140.57196,38.52564],[140.55574,38.52995],[140.55408,38.54076],[140.56474,38.54586],[140.56663,38.55956],[140.57835,38.57035],[140.56955,38.59422],[140.55845,38.59764],[140.56212,38.60725],[140.53747,38.63568],[140.54665,38.6497],[140.58786,38.63394],[140.60202,38.6406],[140.62444,38.68767],[140.62363,38.69978],[140.607,38.7033],[140.60704,38.72131],[140.64646,38.76952],[140.60353,38.78371],[140.59574,38.80219],[140.5989,38.82499],[140.59073,38.83604],[140.54005,38.86189],[140.54712,38.88921]]],[[[139.68261,38.7262],[139.68152,38.72527],[139.68318,38.72359],[139.68386,38.72502],[139.68261,38.7262]]],[[[139.79202,38.94167],[139.79893,38.94661],[139.79173,38.94171],[139.79202,38.94167]]],[[[139.82104,38.96604],[139.82566,38.97544],[139.80112,38.94857],[139.82104,38.96604]]],[[[139.52256,39.18751],[139.52046,39.18578],[139.52276,39.18525],[139.52256,39.18751]]],[[[139.55039,39.20855],[139.53915,39.19547],[139.54475,39.18139],[139.56428,39.19631],[139.55039,39.20855]]]]}},{"type":"Feature","properties":{"P":"福島県","code":"07"},"geometry":{"type":"MultiPolygon","coordinates":[[[[140.28,37.97664],[140.27132,37.96664],[140.28093,37.94159],[140.26457,37.91209],[140.27072,37.89074],[140.26494,37.88623],[140.26993,37.86668],[140.26212,37.83442],[140.2988,37.80781],[140.23743,37.74658],[140.16156,37.75672],[140.14601,37.75272],[140.14049,37.73806],[140.11537,37.73436],[140.10228,37.73761],[140.08678,37.758],[140.06904,37.7579],[140.05126,37.77936],[140.0375,37.76798],[139.99257,37.7587],[139.97804,37.76624],[139.96015,37.79565],[139.95792,37.81486],[139.93726,37.8282],[139.92762,37.82708],[139.92466,37.81346],[139.88655,37.80916],[139.85858,37.82654],[139.81003,37.80324],[139.78241,37.83204],[139.74131,37.82029],[139.71619,37.85363],[139.70617,37.85593],[139.68083,37.84695],[139.71345,37.85348],[139.74151,37.81771],[139.72162,37.80942],[139.65789,37.75501],[139.64961,37.72906],[139.62409,37.71025],[139.62728,37.68836],[139.60941,37.68427],[139.59642,37.66586],[139.54932,37.64909],[139.55507,37.64043],[139.54604,37.62889],[139.54851,37.60987],[139.56496,37.59735],[139.57237,37.57023],[139.56574,37.54611],[139.57853,37.53016],[139.59058,37.52794],[139.58511,37.5129],[139.56466,37.50168],[139.52327,37.51453],[139.48599,37.51031],[139.4758,37.50258],[139.4572,37.51787],[139.42964,37.51472],[139.41155,37.50555],[139.40636,37.46621],[139.39751,37.45984],[139.36255,37.46997],[139.33514,37.45779],[139.32647,37.46239],[139.28203,37.44983],[139.2238,37.44902],[139.21514,37.44199],[139.20813,37.41663],[139.19725,37.41077],[139.21253,37.39186],[139.23167,37.38738],[139.23803,37.37295],[139.23362,37.34361],[139.21787,37.33403],[139.22411,37.31939],[139.21229,37.28621],[139.17469,37.25635],[139.16476,37.23943],[139.19672,37.19401],[139.22058,37.2092],[139.25318,37.16536],[139.23514,37.11011],[139.26033,37.0476],[139.24337,37.01513],[139.25567,36.98875],[139.24718,36.9802],[139.24992,36.9559],[139.23058,36.93694],[139.2424,36.92954],[139.26592,36.94116],[139.30507,36.92581],[139.34239,36.92753],[139.34965,36.91416],[139.37313,36.91839],[139.39329,36.9108],[139.40785,36.92651],[139.43035,36.92593],[139.43445,36.94185],[139.45668,36.95384],[139.46117,36.97072],[139.48433,36.97544],[139.49429,36.96793],[139.53529,36.9806],[139.54818,36.99366],[139.57642,37.00208],[139.58189,37.0149],[139.61709,37.01532],[139.62618,37.03346],[139.6678,37.04211],[139.67349,37.05775],[139.70053,37.05938],[139.71882,37.07077],[139.75271,37.07059],[139.77491,37.09189],[139.82209,37.08522],[139.8153,37.11705],[139.83177,37.13364],[139.90243,37.15427],[139.91112,37.14786],[139.95461,37.15494],[139.99049,37.14272],[140.02445,37.14301],[140.05751,37.12603],[140.09756,37.12435],[140.12805,37.10417],[140.14009,37.10466],[140.15623,37.09139],[140.1572,37.08142],[140.19306,37.0655],[140.20333,37.02387],[140.21973,37.01851],[140.24981,37.02493],[140.25205,37.01023],[140.24021,37.00028],[140.25025,36.98866],[140.24365,36.97423],[140.25309,36.96297],[140.24099,36.94549],[140.27297,36.93015],[140.2927,36.9332],[140.32186,36.90778],[140.32653,36.8913],[140.36521,36.88432],[140.37721,36.83792],[140.4151,36.83203],[140.43093,36.8173],[140.43831,36.82156],[140.46385,36.79153],[140.48918,36.80935],[140.48892,36.81871],[140.51398,36.82351],[140.53797,36.85877],[140.59225,36.87345],[140.58077,36.90441],[140.56496,36.91286],[140.56744,36.93668],[140.57605,36.94268],[140.59336,36.93918],[140.59296,36.92646],[140.61552,36.90327],[140.6801,36.89338],[140.72144,36.87087],[140.7405,36.87556],[140.76683,36.86155],[140.77721,36.86738],[140.78718,36.85622],[140.7935,36.85946],[140.79464,36.88452],[140.81725,36.90867],[140.84192,36.9088],[140.9027,36.94434],[140.92353,36.93476],[140.96957,36.97315],[140.97063,36.98792],[140.9827,36.99508],[140.97281,37.02207],[140.97588,37.06189],[140.98431,37.0922],[140.99998,37.11242],[141.00511,37.14504],[140.99984,37.15002],[141.00252,37.20016],[141.01232,37.22913],[141.02843,37.23776],[141.01646,37.23017],[141.02081,37.24061],[141.01293,37.24091],[141.01263,37.25126],[141.02435,37.30998],[141.03226,37.31559],[141.02753,37.33904],[141.03911,37.36414],[141.03336,37.40568],[141.04299,37.48107],[141.03064,37.52871],[141.01923,37.65877],[141.02735,37.66399],[141.01907,37.67176],[141.03213,37.67333],[141.01413,37.6767],[141.01147,37.73901],[140.98907,37.77394],[140.98726,37.82296],[140.96671,37.82879],[140.96359,37.83891],[140.95948,37.83137],[140.94938,37.85525],[140.95586,37.85937],[140.94713,37.85295],[140.94299,37.85818],[140.93117,37.8962],[140.92046,37.89228],[140.90112,37.89764],[140.89998,37.90426],[140.85625,37.8909],[140.86156,37.86283],[140.85054,37.84923],[140.85475,37.79734],[140.81075,37.79562],[140.77498,37.80631],[140.76484,37.79631],[140.80293,37.77998],[140.79791,37.77481],[140.74568,37.7883],[140.72697,37.78148],[140.723,37.79254],[140.69437,37.80326],[140.6855,37.81535],[140.6795,37.83685],[140.69189,37.85127],[140.6819,37.876],[140.68854,37.88913],[140.66,37.90088],[140.62734,37.89907],[140.61573,37.91477],[140.59181,37.90617],[140.56638,37.92279],[140.55844,37.90988],[140.48835,37.8996],[140.46953,37.91787],[140.46748,37.93782],[140.47488,37.94678],[140.44471,37.95695],[140.42902,37.95447],[140.40921,37.96374],[140.40752,37.97362],[140.38841,37.96912],[140.38439,37.95223],[140.35909,37.95897],[140.34859,37.95016],[140.28,37.97664]]],[[[141.02295,37.66542],[141.02145,37.6707],[141.02118,37.67065],[141.02268,37.66537],[141.02295,37.66542]]]]}},{"type":"Feature","properties":{"P":"茨城県","code":"08"},"geometry":{"type":"MultiPolygon","coordinates":[[[[140.26426,36.93332],[140.24839,36.92131],[140.25671,36.8731],[140.25154,36.85246],[140.26716,36.82365],[140.26644,36.79106],[140.25381,36.78366],[140.26107,36.76759],[140.25494,36.76022],[140.28334,36.73414],[140.29221,36.71245],[140.23104,36.69957],[140.22042,36.68715],[140.22149,36.67445],[140.24093,36.65092],[140.2347,36.62376],[140.24839,36.61094],[140.24378,36.56282],[140.25154,36.55458],[140.24775,36.53449],[140.26018,36.51763],[140.22943,36.50188],[140.22717,36.48594],[140.20288,36.45444],[140.20326,36.42074],[140.18051,36.39743],[140.1562,36.39815],[140.14426,36.41404],[140.13183,36.41492],[140.10958,36.4073],[140.11122,36.39806],[140.06671,36.40376],[140.06914,36.38903],[140.04817,36.37558],[140.00043,36.37663],[140.00224,36.36802],[139.98993,36.36721],[139.9739,36.37849],[139.9645,36.35094],[139.91433,36.33671],[139.91075,36.3012],[139.87882,36.3107],[139.88144,36.32263],[139.84898,36.31148],[139.8356,36.29411],[139.84132,36.2753],[139.82181,36.23977],[139.72902,36.20229],[139.72019,36.21132],[139.70686,36.21044],[139.70647,36.20186],[139.69154,36.20619],[139.69539,36.158],[139.72638,36.11252],[139.72831,36.09014],[139.76825,36.08058],[139.78678,36.1041],[139.80176,36.09101],[139.81367,36.06243],[139.87577,36.01128],[139.88416,35.98883],[139.9355,35.96727],[139.93166,35.95077],[139.93864,35.94057],[139.9931,35.91028],[140.0209,35.90923],[140.0721,35.87742],[140.09282,35.88386],[140.1246,35.87251],[140.15073,35.84338],[140.20543,35.86132],[140.24056,35.85438],[140.2783,35.87404],[140.31941,35.86464],[140.36161,35.89856],[140.39831,35.9093],[140.42289,35.90671],[140.44847,35.91502],[140.45844,35.92654],[140.5017,35.90552],[140.48718,35.92859],[140.51124,35.95874],[140.60799,35.89581],[140.63069,35.85912],[140.68356,35.84905],[140.70658,35.83626],[140.74437,35.78324],[140.81535,35.74151],[140.84801,35.74048],[140.85197,35.74467],[140.81868,35.76782],[140.74192,35.8671],[140.70668,35.92399],[140.71263,35.95466],[140.71023,35.92688],[140.67721,35.91183],[140.69103,35.88292],[140.67466,35.897],[140.6699,35.91846],[140.65237,35.92662],[140.67689,35.91913],[140.69391,35.92881],[140.701,35.93782],[140.6849,35.96443],[140.70079,35.96251],[140.67057,35.97287],[140.61076,36.08181],[140.57305,36.18048],[140.55833,36.27273],[140.56995,36.30777],[140.58462,36.31047],[140.57866,36.30227],[140.58527,36.3091],[140.59399,36.33807],[140.60785,36.34264],[140.62732,36.37716],[140.61173,36.39915],[140.61913,36.4093],[140.60969,36.40518],[140.60888,36.41824],[140.61816,36.42709],[140.60825,36.4265],[140.61003,36.4313],[140.6272,36.4312],[140.62733,36.44146],[140.60889,36.44106],[140.611,36.47498],[140.61444,36.48354],[140.62341,36.48193],[140.61268,36.48756],[140.62845,36.49586],[140.65284,36.57294],[140.68944,36.6209],[140.69376,36.6447],[140.71662,36.66169],[140.71682,36.69393],[140.74833,36.78411],[140.77326,36.82297],[140.80574,36.83122],[140.79693,36.85726],[140.78582,36.85644],[140.77721,36.86738],[140.76683,36.86155],[140.7405,36.87556],[140.71414,36.87283],[140.69504,36.88879],[140.65446,36.90101],[140.61552,36.90327],[140.59296,36.92646],[140.59446,36.93805],[140.58661,36.94511],[140.56744,36.93668],[140.56496,36.91286],[140.58077,36.90441],[140.59225,36.87345],[140.53797,36.85877],[140.51398,36.82351],[140.48892,36.81871],[140.48918,36.80935],[140.46506,36.79133],[140.43831,36.82156],[140.43093,36.8173],[140.4151,36.83203],[140.37721,36.83792],[140.36521,36.88432],[140.32653,36.8913],[140.32186,36.90778],[140.2927,36.9332],[140.26426,36.93332]]],[[[140.69586,35.93058],[140.69549,35.93227],[140.69417,35.9319],[140.69479,35.92936],[140.69586,35.93058]]],[[[140.58662,36.29134],[140.58502,36.2934],[140.585,36.30182],[140.58484,36.29337],[140.58662,36.29134]]],[[[140.63712,36.4028],[140.63622,36.40489],[140.63619,36.44535],[140.63596,36.40485],[140.63712,36.4028]]],[[[140.63011,36.48646],[140.6298,36.48627],[140.63339,36.48162],[140.63011,36.48646]]]]}},{"type":"Feature","properties":{"P":"栃木県","code":"09"},"geometry":{"type":"Polygon","coordinates":[[[139.39329,36.9108],[139.3939,36.90328],[139.37063,36.8896],[139.37018,36.87856],[139.35713,36.87695],[139.34871,36.85256],[139.4067,36.82694],[139.38861,36.80527],[139.37793,36.80445],[139.37433,36.78429],[139.3534,36.77411],[139.35608,36.75045],[139.37198,36.74574],[139.36111,36.7137],[139.33692,36.69213],[139.32812,36.63365],[139.35229,36.61509],[139.38669,36.61198],[139.39777,36.60215],[139.40373,36.60882],[139.42777,36.60097],[139.46536,36.60649],[139.48353,36.58202],[139.46076,36.55325],[139.4393,36.55096],[139.43451,36.53362],[139.4417,36.52871],[139.41903,36.50228],[139.43171,36.47216],[139.43769,36.47434],[139.43536,36.46417],[139.40823,36.45788],[139.41231,36.4507],[139.36103,36.38523],[139.3686,36.36732],[139.42279,36.33226],[139.42656,36.32435],[139.4148,36.32508],[139.41726,36.31296],[139.43479,36.29299],[139.46087,36.2872],[139.46746,36.28049],[139.45878,36.2771],[139.46388,36.27152],[139.52561,36.2847],[139.54403,36.27578],[139.55327,36.27946],[139.56127,36.26713],[139.63165,36.27136],[139.64305,36.26609],[139.63072,36.25484],[139.64143,36.23559],[139.65057,36.23914],[139.66234,36.23057],[139.65907,36.22179],[139.66995,36.21325],[139.66443,36.20706],[139.68794,36.19968],[139.7176,36.21152],[139.72902,36.20229],[139.82181,36.23977],[139.84132,36.2753],[139.8356,36.29411],[139.84898,36.31148],[139.88144,36.32263],[139.87882,36.3107],[139.91075,36.3012],[139.91433,36.33671],[139.9645,36.35094],[139.9739,36.37849],[139.98993,36.36721],[140.00224,36.36802],[140.00043,36.37663],[140.04817,36.37558],[140.06914,36.38903],[140.06671,36.40376],[140.11122,36.39806],[140.10958,36.4073],[140.13183,36.41492],[140.14426,36.41404],[140.1562,36.39815],[140.18516,36.39834],[140.20326,36.42074],[140.20288,36.45444],[140.22717,36.48594],[140.22943,36.50188],[140.26018,36.51763],[140.24775,36.53449],[140.25154,36.55458],[140.24378,36.56282],[140.24839,36.61094],[140.2347,36.62376],[140.24093,36.65092],[140.22149,36.67445],[140.22042,36.68715],[140.23104,36.69957],[140.29221,36.71245],[140.28334,36.73414],[140.25494,36.76022],[140.26107,36.76759],[140.25381,36.78366],[140.26644,36.79106],[140.26738,36.81757],[140.25154,36.85246],[140.25671,36.8731],[140.24872,36.90886],[140.25242,36.92869],[140.26426,36.93332],[140.24058,36.94643],[140.25309,36.96297],[140.24365,36.97423],[140.25025,36.98866],[140.24021,37.00028],[140.25205,37.01023],[140.24981,37.02493],[140.21973,37.01851],[140.20333,37.02387],[140.19306,37.0655],[140.17283,37.07025],[140.14009,37.10466],[140.12805,37.10417],[140.10044,37.12343],[140.0597,37.12547],[140.03873,37.13938],[139.99049,37.14272],[139.95461,37.15494],[139.86629,37.14723],[139.85764,37.13831],[139.83177,37.13364],[139.8153,37.11705],[139.82209,37.08522],[139.77491,37.09189],[139.75271,37.07059],[139.71882,37.07077],[139.70053,37.05938],[139.67349,37.05775],[139.6678,37.04211],[139.62618,37.03346],[139.61709,37.01532],[139.58189,37.0149],[139.57642,37.00208],[139.54818,36.99366],[139.53529,36.9806],[139.49429,36.96793],[139.48433,36.97544],[139.46117,36.97072],[139.45668,36.95384],[139.43445,36.94185],[139.43035,36.92593],[139.40785,36.92651],[139.39329,36.9108]]]}},{"type":"Feature","properties":{"P":"群馬県","code":"10"},"geometry":{"type":"Polygon","coordinates":[[[139.2319,36.94053],[139.23779,36.94635],[139.22871,36.9612],[139.20545,36.95594],[139.18235,36.9621],[139.17523,36.9736],[139.17945,36.99076],[139.171,37.00198],[139.13191,37.02573],[139.12295,37.04714],[139.09702,37.05863],[139.09119,37.01997],[139.04773,36.98767],[138.96648,36.97884],[138.9668,36.93079],[138.97669,36.92079],[138.97953,36.89178],[138.97155,36.88727],[138.9404,36.89512],[138.92301,36.88338],[138.91604,36.85071],[138.92907,36.83264],[138.88275,36.82599],[138.85547,36.81158],[138.82174,36.81763],[138.83157,36.79364],[138.82692,36.77229],[138.81777,36.76159],[138.79534,36.75814],[138.78942,36.74487],[138.72703,36.76417],[138.7124,36.73876],[138.62177,36.72021],[138.61114,36.70658],[138.59573,36.71454],[138.58327,36.70131],[138.56042,36.70694],[138.52103,36.69402],[138.51417,36.69014],[138.51992,36.68907],[138.51827,36.67621],[138.53434,36.66627],[138.52944,36.65529],[138.49008,36.6412],[138.4731,36.64405],[138.45819,36.6337],[138.45497,36.61385],[138.4266,36.59453],[138.42033,36.57367],[138.42843,36.5687],[138.42884,36.55623],[138.41239,36.54149],[138.39713,36.49058],[138.40145,36.43402],[138.45696,36.42024],[138.45965,36.40475],[138.48896,36.40093],[138.49206,36.41326],[138.53893,36.4025],[138.55501,36.41777],[138.5924,36.42439],[138.64784,36.40928],[138.64964,36.37894],[138.65716,36.3689],[138.64783,36.31558],[138.65353,36.30311],[138.64491,36.29353],[138.60034,36.2784],[138.61187,36.22939],[138.62224,36.21459],[138.63466,36.21367],[138.63572,36.20616],[138.6228,36.19693],[138.6371,36.17488],[138.60954,36.16141],[138.59273,36.16694],[138.58931,36.179],[138.57727,36.16807],[138.60066,36.13563],[138.63409,36.13397],[138.64538,36.1202],[138.64018,36.11735],[138.64518,36.09881],[138.63063,36.09133],[138.64417,36.04957],[138.63185,36.02721],[138.66217,36.01146],[138.67975,36.01161],[138.6887,35.99177],[138.71386,35.98603],[138.74377,36.0101],[138.75441,36.03453],[138.77295,36.03882],[138.79098,36.0294],[138.82849,36.03744],[138.84604,36.06663],[138.86433,36.07709],[138.89786,36.09065],[138.93149,36.0881],[138.9448,36.09449],[138.95791,36.10764],[138.95845,36.12409],[138.98569,36.11557],[139.00485,36.13341],[139.0424,36.12846],[139.04272,36.14803],[139.06213,36.15348],[139.05639,36.18052],[139.06384,36.19698],[139.12944,36.28334],[139.1639,36.27891],[139.24407,36.24443],[139.26701,36.24262],[139.26766,36.25043],[139.32227,36.23659],[139.3473,36.25365],[139.35929,36.25323],[139.46239,36.18951],[139.52822,36.1915],[139.58777,36.21037],[139.62504,36.18701],[139.62902,36.19517],[139.65098,36.19751],[139.6494,36.21119],[139.65997,36.2149],[139.66443,36.20706],[139.66995,36.21325],[139.65907,36.22179],[139.66234,36.23057],[139.65057,36.23914],[139.64143,36.23559],[139.63072,36.25484],[139.64305,36.26609],[139.63165,36.27136],[139.56127,36.26713],[139.55327,36.27946],[139.54403,36.27578],[139.52561,36.2847],[139.46388,36.27152],[139.45878,36.2771],[139.46746,36.28049],[139.46087,36.2872],[139.43479,36.29299],[139.41726,36.31296],[139.4148,36.32508],[139.42656,36.32435],[139.42279,36.33226],[139.36737,36.3688],[139.36103,36.38523],[139.41231,36.4507],[139.40823,36.45788],[139.43014,36.45807],[139.43647,36.46598],[139.42808,36.49042],[139.41793,36.49464],[139.44285,36.53158],[139.43451,36.53362],[139.4393,36.55096],[139.46076,36.55325],[139.48353,36.58202],[139.46536,36.60649],[139.42777,36.60097],[139.40373,36.60882],[139.39777,36.60215],[139.38669,36.61198],[139.35229,36.61509],[139.34569,36.62587],[139.32965,36.62759],[139.3267,36.65711],[139.33926,36.67833],[139.33692,36.69213],[139.36111,36.7137],[139.37198,36.74574],[139.35608,36.75045],[139.3534,36.77411],[139.37433,36.78429],[139.37793,36.80445],[139.38861,36.80527],[139.4067,36.82694],[139.34871,36.85256],[139.35713,36.87695],[139.37018,36.87856],[139.37063,36.8896],[139.3939,36.90328],[139.39329,36.9108],[139.37313,36.91839],[139.34965,36.91416],[139.34239,36.92753],[139.30507,36.92581],[139.26592,36.94116],[139.24056,36.92948],[139.2319,36.94053]]]}},{"type":"Feature","properties":{"P":"埼玉県","code":"11"},"geometry":{"type":"Polygon","coordinates":[[[139.68794,36.19968],[139.67449,36.20893],[139.66262,36.20712],[139.65997,36.2149],[139.6494,36.21119],[139.65098,36.19751],[139.62902,36.19517],[139.62504,36.18701],[139.58777,36.21037],[139.52822,36.1915],[139.46239,36.18951],[139.35929,36.25323],[139.3473,36.25365],[139.32227,36.23659],[139.26766,36.25043],[139.26701,36.24262],[139.24407,36.24443],[139.1639,36.27891],[139.12944,36.28334],[139.06384,36.19698],[139.05639,36.18052],[139.06213,36.15348],[139.04272,36.14803],[139.0424,36.12846],[139.00485,36.13341],[138.98569,36.11557],[138.96244,36.12552],[138.9448,36.09449],[138.93149,36.0881],[138.89786,36.09065],[138.86433,36.07709],[138.84604,36.06663],[138.82849,36.03744],[138.79098,36.0294],[138.77295,36.03882],[138.75441,36.03453],[138.74377,36.0101],[138.7157,35.9916],[138.71145,35.97128],[138.73925,35.93911],[138.72911,35.91723],[138.73271,35.90495],[138.77935,35.89991],[138.79112,35.89081],[138.79181,35.87598],[138.8136,35.86237],[138.8559,35.86509],[138.89204,35.83985],[138.91095,35.85273],[138.94295,35.85385],[138.95446,35.87491],[138.97893,35.88501],[139.00076,35.884],[139.0184,35.89842],[139.06145,35.87371],[139.14754,35.86271],[139.19244,35.84027],[139.21265,35.84661],[139.23066,35.83674],[139.28033,35.84068],[139.30117,35.83496],[139.30477,35.8224],[139.31616,35.82367],[139.32573,35.79521],[139.36992,35.79173],[139.36749,35.78438],[139.38134,35.7773],[139.38022,35.76637],[139.39215,35.76329],[139.49635,35.77922],[139.52256,35.78923],[139.5417,35.80731],[139.5472,35.80266],[139.53733,35.7915],[139.54298,35.77981],[139.51739,35.76681],[139.54784,35.77398],[139.54716,35.75338],[139.58876,35.77853],[139.60438,35.77502],[139.59864,35.7691],[139.62299,35.76687],[139.62787,35.78466],[139.65336,35.80023],[139.69316,35.8004],[139.73638,35.78901],[139.73805,35.78022],[139.755,35.7869],[139.76077,35.79741],[139.75077,35.81017],[139.7681,35.81771],[139.79243,35.80529],[139.82106,35.81508],[139.82605,35.79336],[139.83801,35.80081],[139.85457,35.79105],[139.87339,35.79717],[139.87454,35.78178],[139.89378,35.78275],[139.88845,35.83116],[139.90034,35.86417],[139.88992,35.89256],[139.82576,35.97258],[139.82674,35.98315],[139.81426,35.99706],[139.81728,36.0325],[139.79072,36.05902],[139.77622,36.09077],[139.76576,36.08043],[139.72831,36.09014],[139.72638,36.11252],[139.69539,36.158],[139.68794,36.19968]]]}},{"type":"Feature","properties":{"P":"千葉県","code":"12"},"geometry":{"type":"MultiPolygon","coordinates":[[[[139.77622,36.09077],[139.79072,36.05902],[139.81728,36.0325],[139.81426,35.99706],[139.82674,35.98315],[139.82576,35.97258],[139.84646,35.94099],[139.86742,35.92555],[139.90034,35.86417],[139.88845,35.83116],[139.89446,35.77992],[139.87946,35.76752],[139.89945,35.74439],[139.89765,35.725],[139.91874,35.69771],[139.90594,35.68367],[139.88643,35.67857],[139.8869,35.65373],[139.87146,35.63864],[139.87258,35.62553],[139.89259,35.62533],[139.89761,35.61662],[139.90691,35.62309],[139.90009,35.63168],[139.91005,35.62442],[139.93949,35.64047],[139.91818,35.65535],[139.94766,35.66955],[139.92984,35.66946],[139.93158,35.67454],[139.94674,35.68091],[139.9532,35.67176],[139.95355,35.68897],[139.95988,35.67935],[139.98276,35.68161],[139.98451,35.6909],[139.98382,35.67713],[139.99201,35.67229],[139.98458,35.67145],[139.98587,35.66384],[140.00186,35.66564],[140.00295,35.65978],[139.9865,35.66011],[139.98746,35.65447],[140.01368,35.65752],[140.08391,35.59678],[140.07792,35.61041],[140.08314,35.61328],[140.09986,35.6047],[140.08897,35.59454],[140.10166,35.59393],[140.10605,35.60266],[140.10746,35.59235],[140.11701,35.59684],[140.11211,35.57045],[140.12691,35.56941],[140.09103,35.56448],[140.11563,35.55036],[140.08826,35.55196],[140.10106,35.53846],[140.09609,35.5354],[140.07395,35.54998],[140.06131,35.54373],[140.05395,35.53509],[140.05772,35.52658],[140.05008,35.53094],[140.03774,35.51627],[140.04586,35.51167],[140.04246,35.50735],[140.03386,35.51184],[140.02523,35.50165],[140.03623,35.49529],[140.02191,35.49678],[140.01212,35.48519],[140.02145,35.46678],[140.00653,35.47932],[139.99821,35.47486],[139.99928,35.46596],[139.9891,35.46986],[139.99805,35.45731],[139.99038,35.45207],[139.98203,35.47479],[139.96572,35.46854],[139.97446,35.44847],[139.95575,35.44372],[139.95214,35.45297],[139.96427,35.44992],[139.9635,35.45645],[139.95109,35.45614],[139.94874,35.44247],[139.90327,35.43146],[139.89834,35.40646],[139.90558,35.3903],[139.91859,35.38749],[139.89762,35.37503],[139.90742,35.37034],[139.88781,35.37089],[139.89706,35.35839],[139.8459,35.37547],[139.83917,35.3673],[139.85916,35.34805],[139.84706,35.34686],[139.83747,35.35907],[139.82275,35.3442],[139.84027,35.33441],[139.81653,35.32407],[139.81977,35.31649],[139.78431,35.31267],[139.84717,35.29062],[139.85321,35.2822],[139.84705,35.27166],[139.86876,35.24254],[139.86791,35.22083],[139.82979,35.20324],[139.81566,35.17236],[139.82189,35.16609],[139.81783,35.15446],[139.82816,35.15138],[139.8393,35.13105],[139.82469,35.11339],[139.82456,35.1008],[139.83608,35.09969],[139.8423,35.08815],[139.81948,35.06623],[139.83108,35.0426],[139.81037,35.03753],[139.85202,35.02311],[139.85814,34.99848],[139.8482,34.98501],[139.82406,34.9916],[139.81971,34.97831],[139.78617,34.97282],[139.75439,34.9779],[139.75345,34.96535],[139.81942,34.93835],[139.82968,34.90836],[139.88843,34.89981],[139.9419,34.91747],[139.96458,34.94251],[139.96081,34.96787],[139.98445,35.01476],[140.03909,35.05265],[140.07301,35.05579],[140.08561,35.07404],[140.10228,35.07761],[140.10517,35.10194],[140.12187,35.11603],[140.16692,35.12369],[140.18306,35.11816],[140.19166,35.12717],[140.20022,35.11016],[140.23251,35.11513],[140.24941,35.1351],[140.27268,35.13772],[140.2782,35.13155],[140.29299,35.13831],[140.29061,35.14511],[140.29909,35.15112],[140.31248,35.14715],[140.31109,35.13448],[140.32658,35.14089],[140.33281,35.16377],[140.34927,35.18014],[140.37172,35.17893],[140.38444,35.18761],[140.40486,35.23722],[140.40006,35.26944],[140.41482,35.30884],[140.39655,35.33176],[140.39192,35.35441],[140.40217,35.43813],[140.4303,35.49818],[140.45855,35.53364],[140.46794,35.53261],[140.47075,35.54837],[140.50755,35.58719],[140.61156,35.66455],[140.66042,35.69016],[140.71075,35.70061],[140.72786,35.6911],[140.7352,35.69548],[140.73083,35.68836],[140.82833,35.7137],[140.84669,35.69717],[140.86514,35.694],[140.86773,35.73784],[140.87454,35.73713],[140.86165,35.74856],[140.87208,35.73996],[140.82001,35.73968],[140.74437,35.78324],[140.70658,35.83626],[140.68356,35.84905],[140.63069,35.85912],[140.60799,35.89581],[140.51124,35.95874],[140.48718,35.92859],[140.5017,35.90552],[140.45844,35.92654],[140.44847,35.91502],[140.42289,35.90671],[140.39831,35.9093],[140.36161,35.89856],[140.31941,35.86464],[140.2783,35.87404],[140.24056,35.85438],[140.20543,35.86132],[140.15073,35.84338],[140.1246,35.87251],[140.09282,35.88386],[140.0721,35.87742],[140.0209,35.90923],[139.9931,35.91028],[139.93864,35.94057],[139.93166,35.95077],[139.93676,35.96591],[139.88416,35.98883],[139.87577,36.01128],[139.81022,36.06664],[139.79745,36.09636],[139.78678,36.1041],[139.77622,36.09077]]],[[[140.10601,35.07413],[140.10798,35.07271],[140.10812,35.07392],[140.10601,35.07413]]],[[[140.10363,35.07825],[140.1029,35.07588],[140.1053,35.07575],[140.10363,35.07825]]],[[[139.81563,35.11086],[139.81461,35.11138],[139.81314,35.10967],[139.81547,35.10855],[139.81563,35.11086]]],[[[139.74428,35.31229],[139.74197,35.31202],[139.74291,35.3108],[139.74428,35.31229]]],[[[139.7683,35.31573],[139.76742,35.31458],[139.7704,35.31417],[139.7683,35.31573]]],[[[139.90835,35.38723],[139.91136,35.38465],[139.91243,35.3855],[139.90835,35.38723]]],[[[139.91781,35.38913],[139.91409,35.38845],[139.91441,35.38812],[139.91781,35.38913]]],[[[139.87344,35.46548],[139.87281,35.46476],[139.87838,35.46113],[139.87908,35.46182],[139.87344,35.46548]]],[[[140.09167,35.58786],[140.08159,35.58829],[140.08611,35.56945],[140.11172,35.57044],[140.10296,35.58735],[140.09167,35.58786]]],[[[139.96673,35.67909],[139.95858,35.67179],[139.9793,35.6698],[139.97168,35.67441],[139.97766,35.6795],[139.96673,35.67909]]]]}},{"type":"Feature","properties":{"P":"東京都","code":"13"},"geometry":{"type":"MultiPolygon","coordinates":[[[[138.94393,35.85482],[138.95326,35.83652],[138.96978,35.83061],[138.97032,35.80458],[138.98643,35.78225],[138.9844,35.76776],[139.02692,35.7181],[139.07211,35.69541],[139.10562,35.69102],[139.13134,35.67199],[139.1616,35.66791],[139.16702,35.65101],[139.17916,35.64557],[139.19803,35.65295],[139.21146,35.64912],[139.22023,35.62557],[139.25222,35.60167],[139.28525,35.61339],[139.30369,35.6047],[139.3399,35.60555],[139.39915,35.58465],[139.45825,35.52805],[139.45515,35.52099],[139.46963,35.5019],[139.48486,35.50405],[139.47699,35.51121],[139.4878,35.52788],[139.48199,35.55563],[139.46829,35.5633],[139.47324,35.57667],[139.4896,35.58439],[139.48287,35.57138],[139.49103,35.56143],[139.50735,35.57377],[139.46667,35.60863],[139.45337,35.60459],[139.44928,35.61178],[139.46216,35.62488],[139.49757,35.60487],[139.49488,35.61739],[139.51615,35.6257],[139.53089,35.64196],[139.61794,35.61388],[139.66441,35.58957],[139.67879,35.56299],[139.70418,35.55183],[139.69776,35.54376],[139.70223,35.53703],[139.75649,35.54455],[139.79491,35.53214],[139.80917,35.53907],[139.78544,35.57056],[139.76373,35.56046],[139.74978,35.56663],[139.75636,35.56907],[139.74634,35.59063],[139.75023,35.62456],[139.76134,35.65236],[139.76721,35.65812],[139.77279,35.64604],[139.79069,35.65635],[139.77609,35.64203],[139.79483,35.65043],[139.79747,35.64398],[139.77873,35.63745],[139.79886,35.62176],[139.80737,35.6455],[139.83448,35.64407],[139.83368,35.63463],[139.82167,35.63198],[139.84025,35.63389],[139.84098,35.64298],[139.87146,35.63864],[139.8869,35.65373],[139.88643,35.67857],[139.90594,35.68367],[139.91874,35.69771],[139.89765,35.725],[139.89945,35.74439],[139.87946,35.76752],[139.89378,35.78275],[139.87454,35.78178],[139.87339,35.79717],[139.85457,35.79105],[139.83801,35.80081],[139.82605,35.79336],[139.82106,35.81508],[139.79243,35.80529],[139.76622,35.81747],[139.75077,35.81017],[139.76077,35.79741],[139.755,35.7869],[139.73805,35.78022],[139.73638,35.78901],[139.69316,35.8004],[139.6414,35.79807],[139.62453,35.78081],[139.62299,35.76687],[139.59864,35.7691],[139.60438,35.77502],[139.58876,35.77853],[139.54716,35.75338],[139.54784,35.77398],[139.51739,35.76681],[139.54298,35.77981],[139.53733,35.7915],[139.54429,35.80664],[139.49635,35.77922],[139.39215,35.76329],[139.38022,35.76637],[139.38134,35.7773],[139.36749,35.78438],[139.36992,35.79173],[139.32573,35.79521],[139.31616,35.82367],[139.30477,35.8224],[139.30117,35.83496],[139.28033,35.84068],[139.23066,35.83674],[139.21265,35.84661],[139.19244,35.84027],[139.14754,35.86271],[139.06145,35.87371],[139.0184,35.89842],[139.00076,35.884],[138.97893,35.88501],[138.95446,35.87491],[138.94514,35.86793],[138.94393,35.85482]]],[[[141.46214,24.24507],[141.45504,24.24187],[141.45565,24.22526],[141.47201,24.23313],[141.47224,24.24191],[141.46214,24.24507]]],[[[153.98408,24.29761],[153.9707,24.28485],[153.9862,24.28143],[153.98408,24.29761]]],[[[141.28768,24.80661],[141.28616,24.80601],[141.28522,24.79835],[141.28755,24.80324],[141.28768,24.80661]]],[[[141.32348,24.81262],[141.28646,24.78882],[141.29393,24.7731],[141.28581,24.74584],[141.34621,24.77876],[141.34099,24.79959],[141.32348,24.81262]]],[[[141.28411,25.44877],[141.27281,25.43942],[141.27836,25.41879],[141.29352,25.42658],[141.28411,25.44877]]],[[[142.15539,26.53978],[142.15518,26.54193],[142.15432,26.54016],[142.15539,26.53978]]],[[[142.21256,26.56446],[142.20318,26.5621],[142.20209,26.55298],[142.21529,26.55681],[142.21841,26.56301],[142.21256,26.56446]]],[[[142.15499,26.56454],[142.15088,26.54736],[142.15702,26.54325],[142.16131,26.55937],[142.15499,26.56454]]],[[[142.23067,26.57565],[142.22683,26.56382],[142.24,26.56763],[142.23067,26.57565]]],[[[142.23141,26.57707],[142.23081,26.5759],[142.23173,26.576],[142.23141,26.57707]]],[[[142.23199,26.57962],[142.23186,26.5781],[142.23292,26.57885],[142.23199,26.57962]]],[[[142.16144,26.58846],[142.15465,26.58776],[142.15199,26.58544],[142.14949,26.58598],[142.148,26.58215],[142.15058,26.58177],[142.15477,26.58439],[142.15817,26.58337],[142.16029,26.58443],[142.15965,26.58565],[142.16101,26.58648],[142.16213,26.58558],[142.16144,26.58846]]],[[[142.16382,26.59289],[142.1655,26.58917],[142.16623,26.59042],[142.16382,26.59289]]],[[[142.16851,26.59567],[142.16775,26.59321],[142.16903,26.59367],[142.16851,26.59567]]],[[[142.1776,26.6055],[142.1762,26.60215],[142.17788,26.60311],[142.1776,26.6055]]],[[[142.13106,26.61062],[142.12358,26.60727],[142.12526,26.59559],[142.13567,26.60044],[142.13106,26.61062]]],[[[142.126,26.71429],[142.12274,26.70664],[142.14476,26.67632],[142.14168,26.66655],[142.14931,26.66587],[142.14518,26.65648],[142.15409,26.63594],[142.16071,26.63992],[142.16183,26.63033],[142.17116,26.631],[142.17882,26.60798],[142.18111,26.62841],[142.17123,26.64343],[142.17434,26.65437],[142.18828,26.65869],[142.16453,26.66092],[142.1685,26.6899],[142.14658,26.68533],[142.1458,26.69338],[142.16502,26.70257],[142.14238,26.70836],[142.14251,26.69797],[142.13414,26.69961],[142.126,26.71429]]],[[[142.17401,27.04409],[142.17313,27.04343],[142.17443,27.04098],[142.17324,27.04097],[142.17427,27.03493],[142.17531,27.03176],[142.17692,27.03193],[142.17531,27.03672],[142.17772,27.03681],[142.17401,27.04409]]],[[[142.23904,27.04782],[142.23942,27.04609],[142.24163,27.04573],[142.23904,27.04782]]],[[[142.24131,27.09583],[142.24574,27.09031],[142.2481,27.09094],[142.24856,27.09305],[142.24703,27.09514],[142.24131,27.09583]]],[[[142.19329,27.10583],[142.18298,27.10313],[142.18257,27.09314],[142.18784,27.088],[142.20103,27.0994],[142.20829,27.083],[142.20313,27.07294],[142.18285,27.07511],[142.19527,27.06105],[142.18723,27.06063],[142.1858,27.04065],[142.20027,27.04533],[142.22939,27.03595],[142.22191,27.05287],[142.23747,27.05135],[142.23014,27.05949],[142.23286,27.07751],[142.21767,27.10013],[142.19329,27.10583]]],[[[142.18567,27.11875],[142.18444,27.11809],[142.1883,27.11598],[142.18567,27.11875]]],[[[142.16842,27.12157],[142.16159,27.11327],[142.17178,27.11636],[142.16842,27.12157]]],[[[142.17905,27.1294],[142.17695,27.12899],[142.17938,27.12713],[142.17905,27.1294]]],[[[142.19167,27.14417],[142.18712,27.12153],[142.20634,27.11802],[142.20077,27.1098],[142.23608,27.11159],[142.21964,27.13266],[142.20503,27.12886],[142.19167,27.14417]]],[[[142.18922,27.19003],[142.18115,27.15792],[142.18561,27.15043],[142.17963,27.14835],[142.18727,27.14472],[142.20216,27.16914],[142.1946,27.17639],[142.20008,27.18283],[142.18922,27.19003]]],[[[142.19856,27.19677],[142.19742,27.19549],[142.19523,27.19644],[142.19346,27.19391],[142.19512,27.19292],[142.19769,27.19416],[142.19856,27.19677]]],[[[140.87538,27.24998],[140.87257,27.24752],[140.87251,27.24579],[140.87675,27.24423],[140.87995,27.24716],[140.87538,27.24998]]],[[[142.20695,27.4895],[142.20509,27.48883],[142.20543,27.48777],[142.20821,27.48671],[142.20883,27.48791],[142.20695,27.4895]]],[[[142.21846,27.49604],[142.21808,27.4931],[142.2192,27.49281],[142.21846,27.49604]]],[[[142.21141,27.50224],[142.2041,27.49833],[142.2151,27.48961],[142.21141,27.50224]]],[[[142.17112,27.62591],[142.17118,27.62327],[142.17237,27.62484],[142.17112,27.62591]]],[[[142.17507,27.63589],[142.17345,27.62436],[142.18542,27.61946],[142.17507,27.63589]]],[[[142.16827,27.63844],[142.16803,27.63663],[142.1691,27.63712],[142.16827,27.63844]]],[[[142.15707,27.66443],[142.15753,27.65963],[142.15634,27.65872],[142.15944,27.65718],[142.15815,27.65912],[142.15912,27.66231],[142.15707,27.66443]]],[[[142.12697,27.68083],[142.12628,27.68142],[142.12356,27.67934],[142.12654,27.67833],[142.12697,27.68083]]],[[[142.13125,27.68874],[142.12421,27.68336],[142.14714,27.67144],[142.14813,27.68362],[142.13125,27.68874]]],[[[142.10672,27.71802],[142.1098,27.7164],[142.10998,27.71798],[142.10672,27.71802]]],[[[142.12452,27.71819],[142.12493,27.71687],[142.12645,27.71718],[142.12452,27.71819]]],[[[142.09657,27.72054],[142.09652,27.71923],[142.10274,27.71603],[142.10106,27.71894],[142.09657,27.72054]]],[[[140.30396,30.49576],[140.28647,30.48331],[140.29821,30.47291],[140.31385,30.48194],[140.30396,30.49576]]],[[[140.05076,31.44022],[140.05002,31.43989],[140.05109,31.43781],[140.05076,31.44022]]],[[[139.75844,32.47347],[139.75576,32.44968],[139.76847,32.44286],[139.77911,32.44725],[139.77935,32.45946],[139.75844,32.47347]]],[[[139.68586,33.13662],[139.67537,33.13352],[139.68383,33.11857],[139.70015,33.11643],[139.68586,33.13662]]],[[[139.76001,33.15898],[139.73899,33.14552],[139.75347,33.10635],[139.7701,33.09672],[139.77947,33.10087],[139.78428,33.06971],[139.81862,33.0588],[139.83222,33.0454],[139.83895,33.075],[139.8575,33.07892],[139.8572,33.0994],[139.84487,33.11629],[139.81704,33.12022],[139.77595,33.15626],[139.76001,33.15898]]],[[[139.60362,33.90114],[139.57954,33.88483],[139.577,33.86475],[139.59238,33.85437],[139.62078,33.85231],[139.63192,33.8713],[139.60362,33.90114]]],[[[139.38375,34.04942],[139.38428,34.04791],[139.38498,34.04881],[139.38375,34.04942]]],[[[139.53238,34.12463],[139.49154,34.11794],[139.49414,34.10456],[139.47317,34.07699],[139.48238,34.05149],[139.53123,34.04686],[139.56272,34.0687],[139.56522,34.10221],[139.53238,34.12463]]],[[[139.0742,34.18594],[139.07196,34.18415],[139.07319,34.18343],[139.07485,34.18485],[139.0742,34.18594]]],[[[139.07678,34.18816],[139.07494,34.18633],[139.07667,34.18575],[139.07755,34.18719],[139.07678,34.18816]]],[[[139.19239,34.20934],[139.18923,34.20854],[139.19187,34.20603],[139.19239,34.20934]]],[[[139.18913,34.21253],[139.18673,34.21152],[139.19084,34.2117],[139.18913,34.21253]]],[[[139.14331,34.24374],[139.13424,34.23495],[139.13582,34.22432],[139.12838,34.22281],[139.1325,34.2023],[139.12062,34.19567],[139.13038,34.18474],[139.15434,34.19436],[139.15728,34.20506],[139.17622,34.20766],[139.1677,34.23415],[139.14331,34.24374]]],[[[139.27601,34.3274],[139.27521,34.32649],[139.27689,34.32437],[139.27966,34.32552],[139.27601,34.3274]]],[[[139.21287,34.33693],[139.19491,34.3182],[139.21345,34.31622],[139.22446,34.32335],[139.22551,34.33093],[139.21287,34.33693]]],[[[139.21057,34.33837],[139.21107,34.33676],[139.21223,34.33676],[139.21057,34.33837]]],[[[139.22443,34.37561],[139.22356,34.37543],[139.22444,34.3734],[139.22798,34.37091],[139.22643,34.36732],[139.22892,34.36749],[139.22934,34.37259],[139.22443,34.37561]]],[[[139.2793,34.43139],[139.27955,34.41802],[139.25632,34.40129],[139.25246,34.37644],[139.24112,34.36962],[139.24449,34.34849],[139.27064,34.33095],[139.27788,34.39035],[139.29136,34.40817],[139.2906,34.42415],[139.2793,34.43139]]],[[[139.28651,34.47835],[139.29167,34.47013],[139.29899,34.4703],[139.29932,34.47135],[139.29743,34.473],[139.28651,34.47835]]],[[[139.28058,34.53333],[139.26777,34.52537],[139.27633,34.51105],[139.29311,34.52462],[139.28058,34.53333]]],[[[139.36109,34.79907],[139.34956,34.78255],[139.3487,34.76508],[139.35919,34.702],[139.40199,34.68194],[139.43868,34.67867],[139.43638,34.68754],[139.44474,34.68454],[139.45,34.69653],[139.4437,34.70298],[139.44888,34.74103],[139.43679,34.76763],[139.41198,34.78683],[139.36109,34.79907]]],[[[139.81667,35.53326],[139.82603,35.54157],[139.79985,35.52292],[139.81667,35.53326]]],[[[139.76423,35.575],[139.75714,35.5715],[139.76561,35.5649],[139.77371,35.57432],[139.76423,35.575]]],[[[139.82664,35.5976],[139.82032,35.6074],[139.79337,35.59277],[139.81343,35.57873],[139.83219,35.58894],[139.82664,35.5976]]],[[[139.81009,35.61355],[139.79149,35.59395],[139.81894,35.60888],[139.81009,35.61355]]],[[[139.75501,35.61771],[139.74868,35.59534],[139.75407,35.57834],[139.78497,35.57763],[139.77105,35.58492],[139.77678,35.59029],[139.75501,35.61771]]],[[[139.79763,35.61738],[139.78988,35.62762],[139.78529,35.62513],[139.79438,35.61394],[139.79763,35.61738]]],[[[139.84012,35.63116],[139.82585,35.6307],[139.83552,35.61249],[139.84012,35.63116]]],[[[139.77022,35.63199],[139.7698,35.63241],[139.76808,35.63019],[139.77022,35.63199]]],[[[139.75801,35.6338],[139.75313,35.61899],[139.75975,35.61935],[139.75801,35.6338]]],[[[139.76667,35.63298],[139.76757,35.6341],[139.76603,35.63436],[139.76557,35.6332],[139.76667,35.63298]]],[[[139.77659,35.63611],[139.76766,35.62208],[139.78673,35.60184],[139.79263,35.60958],[139.77659,35.63611]]],[[[139.8638,35.63722],[139.86085,35.63682],[139.86345,35.63612],[139.8638,35.63722]]],[[[139.8556,35.63856],[139.85254,35.64021],[139.84993,35.63956],[139.84992,35.63839],[139.85585,35.63804],[139.85892,35.63646],[139.85857,35.63787],[139.8556,35.63856]]],[[[139.82481,35.63967],[139.82116,35.63406],[139.83295,35.64036],[139.82481,35.63967]]],[[[139.78247,35.639],[139.79014,35.64313],[139.78989,35.64352],[139.78247,35.639]]],[[[139.79667,35.6467],[139.79093,35.64409],[139.79134,35.64378],[139.79667,35.6467]]]]}},{"type":"Feature","properties":{"P":"神奈川県","code":"14"},"geometry":{"type":"MultiPolygon","coordinates":[[[[139.13134,35.67199],[139.11726,35.6549],[139.12697,35.6419],[139.12347,35.62406],[139.13438,35.61666],[139.12144,35.58692],[139.12975,35.56598],[139.11196,35.54979],[139.11028,35.53268],[139.08579,35.51209],[139.04602,35.50966],[139.02755,35.48097],[138.98882,35.47364],[138.93737,35.44887],[138.9274,35.43764],[138.93017,35.42087],[138.91582,35.40553],[139.0018,35.39894],[138.99862,35.38404],[139.01901,35.32931],[139.00461,35.2899],[138.97547,35.26375],[138.97446,35.24783],[138.98774,35.20082],[139.02163,35.18191],[139.02843,35.15072],[139.0901,35.14019],[139.13183,35.15084],[139.16001,35.14057],[139.14165,35.1522],[139.1452,35.16876],[139.13596,35.18247],[139.14777,35.24078],[139.2066,35.27651],[139.25454,35.29425],[139.33834,35.31359],[139.43268,35.31926],[139.46873,35.315],[139.48289,35.30475],[139.52583,35.30182],[139.53951,35.30938],[139.55211,35.30288],[139.55217,35.29452],[139.57105,35.29322],[139.56738,35.26729],[139.57634,35.26384],[139.57728,35.25285],[139.59984,35.23889],[139.60358,35.22363],[139.62741,35.21501],[139.62306,35.20761],[139.61074,35.21008],[139.59918,35.19639],[139.61622,35.18969],[139.61686,35.16694],[139.62785,35.16313],[139.61071,35.16347],[139.61954,35.15548],[139.60695,35.15482],[139.61608,35.14734],[139.60762,35.14273],[139.65764,35.13767],[139.66634,35.14659],[139.6781,35.13982],[139.67937,35.15673],[139.66226,35.16055],[139.65716,35.18606],[139.68546,35.20709],[139.72498,35.21191],[139.71331,35.22044],[139.71766,35.22835],[139.72923,35.22426],[139.71668,35.24612],[139.73322,35.24084],[139.74622,35.25631],[139.7325,35.26584],[139.69099,35.26648],[139.67199,35.28669],[139.68037,35.28998],[139.67421,35.30046],[139.66179,35.30067],[139.66083,35.2829],[139.63112,35.29993],[139.64219,35.30358],[139.63672,35.31158],[139.64252,35.30752],[139.66122,35.32226],[139.66067,35.32817],[139.64073,35.33037],[139.63214,35.32219],[139.62209,35.33147],[139.65695,35.34193],[139.65098,35.35984],[139.65651,35.37268],[139.64325,35.37896],[139.65321,35.38739],[139.62859,35.38416],[139.63653,35.39029],[139.62211,35.39533],[139.64536,35.40283],[139.63079,35.40498],[139.62935,35.41318],[139.65258,35.41302],[139.66955,35.40288],[139.69061,35.43922],[139.67535,35.43159],[139.68129,35.44124],[139.67528,35.44571],[139.66899,35.43934],[139.67432,35.44971],[139.66028,35.44126],[139.6658,35.44948],[139.65186,35.44513],[139.63294,35.4645],[139.65145,35.48152],[139.66915,35.47749],[139.66593,35.48288],[139.67396,35.4845],[139.66842,35.46783],[139.68177,35.47289],[139.6928,35.48141],[139.68851,35.49496],[139.69794,35.49097],[139.6963,35.48404],[139.71797,35.49367],[139.71121,35.50396],[139.71629,35.50619],[139.71978,35.49435],[139.73137,35.49906],[139.73031,35.5153],[139.73381,35.5006],[139.74877,35.50684],[139.74646,35.51556],[139.73786,35.51471],[139.75588,35.52779],[139.75173,35.53328],[139.77624,35.50956],[139.79075,35.50788],[139.79611,35.51858],[139.75649,35.54455],[139.70223,35.53703],[139.69776,35.54376],[139.70418,35.55183],[139.67879,35.56299],[139.66441,35.58957],[139.61794,35.61388],[139.52539,35.64265],[139.51615,35.6257],[139.49488,35.61739],[139.49976,35.60547],[139.48959,35.60431],[139.46321,35.62492],[139.44928,35.61178],[139.45337,35.60459],[139.46667,35.60863],[139.50735,35.57377],[139.49103,35.56143],[139.48287,35.57138],[139.4896,35.58439],[139.47324,35.57667],[139.46829,35.5633],[139.48199,35.55563],[139.48759,35.52478],[139.47699,35.51121],[139.48486,35.50405],[139.4678,35.50227],[139.45515,35.52099],[139.45825,35.52805],[139.39915,35.58465],[139.3399,35.60555],[139.30369,35.6047],[139.28525,35.61339],[139.25222,35.60167],[139.22023,35.62557],[139.21146,35.64912],[139.19803,35.65295],[139.17916,35.64557],[139.16702,35.65101],[139.1616,35.66791],[139.13134,35.67199]]],[[[139.60977,35.13786],[139.61054,35.13567],[139.60846,35.13484],[139.61016,35.13283],[139.61628,35.13286],[139.61825,35.13098],[139.6219,35.13234],[139.62773,35.12883],[139.63014,35.12907],[139.62624,35.13207],[139.62716,35.1338],[139.62313,35.13642],[139.60977,35.13786]]],[[[139.60388,35.22314],[139.60267,35.22124],[139.60615,35.22105],[139.60388,35.22314]]],[[[139.69493,35.2879],[139.69275,35.28463],[139.69444,35.28425],[139.69639,35.28676],[139.69493,35.2879]]],[[[139.48267,35.30279],[139.47424,35.29859],[139.48717,35.29859],[139.48267,35.30279]]],[[[139.65184,35.30742],[139.6437,35.30033],[139.65052,35.29432],[139.65643,35.30187],[139.65184,35.30742]]],[[[139.6343,35.33039],[139.62954,35.3288],[139.63358,35.32309],[139.6381,35.32702],[139.6343,35.33039]]],[[[139.64881,35.33539],[139.64605,35.33433],[139.64719,35.33384],[139.64881,35.33539]]],[[[139.64579,35.33869],[139.64219,35.33828],[139.64168,35.33566],[139.64581,35.33434],[139.64594,35.33646],[139.64862,35.3369],[139.64855,35.33817],[139.64579,35.33869]]],[[[139.69214,35.41008],[139.67126,35.40175],[139.68225,35.4045],[139.68538,35.39574],[139.69214,35.41008]]],[[[139.69475,35.46528],[139.6924,35.47201],[139.67259,35.46523],[139.69549,35.44983],[139.70225,35.45512],[139.69806,35.46165],[139.68469,35.45886],[139.69475,35.46528]]],[[[139.6457,35.47471],[139.64222,35.46838],[139.65292,35.46361],[139.65596,35.47022],[139.6457,35.47471]]],[[[139.83493,35.49044],[139.83566,35.49183],[139.8341,35.49207],[139.83369,35.49102],[139.83493,35.49044]]],[[[139.78314,35.49486],[139.782,35.49489],[139.75062,35.48089],[139.78314,35.49486]]],[[[139.73406,35.49479],[139.70027,35.47869],[139.71271,35.46425],[139.74184,35.47703],[139.73406,35.49479]]],[[[139.7712,35.50622],[139.73628,35.49445],[139.74561,35.48501],[139.77868,35.49955],[139.7712,35.50622]]],[[[139.75696,35.52666],[139.74852,35.51835],[139.75383,35.50858],[139.76603,35.51356],[139.75696,35.52666]]]]}},{"type":"Feature","properties":{"P":"新潟県","code":"15"},"geometry":{"type":"MultiPolygon","coordinates":[[[[139.54781,38.55295],[139.54823,38.53993],[139.51784,38.50485],[139.4969,38.4568],[139.45729,38.39754],[139.44133,38.24703],[139.44933,38.23408],[139.42053,38.18614],[139.43219,38.18996],[139.42932,38.17977],[139.39085,38.12742],[139.30321,38.04094],[139.22744,37.99903],[139.23061,37.98072],[139.23977,37.98146],[139.23472,37.97774],[139.24354,37.97072],[139.22299,37.96883],[139.22836,37.97561],[139.21483,37.99375],[139.23134,38.01986],[139.20008,37.98207],[139.07139,37.95195],[139.0697,37.94402],[139.05803,37.94649],[138.9988,37.90726],[138.87901,37.8456],[138.84184,37.81665],[138.81967,37.79409],[138.8012,37.75539],[138.7706,37.65326],[138.7613,37.64784],[138.7669,37.64415],[138.74837,37.60597],[138.71199,37.55776],[138.67071,37.53427],[138.62993,37.48705],[138.61739,37.48413],[138.58784,37.42083],[138.54392,37.36869],[138.53055,37.36528],[138.53948,37.37867],[138.51518,37.3568],[138.48907,37.35263],[138.43671,37.32461],[138.31563,37.2247],[138.25214,37.19091],[138.25245,37.1832],[138.24638,37.18588],[138.25664,37.20831],[138.24692,37.18401],[138.21626,37.16927],[138.15163,37.16113],[138.09564,37.17265],[138.04872,37.12791],[138.02094,37.11442],[138.00508,37.11523],[137.91248,37.06091],[137.83658,37.03947],[137.84624,37.05001],[137.81391,37.03007],[137.63498,36.9798],[137.66662,36.95019],[137.71116,36.94423],[137.72046,36.92669],[137.71352,36.89144],[137.73407,36.86903],[137.73007,36.82676],[137.74925,36.80969],[137.74967,36.77971],[137.76244,36.76616],[137.81998,36.79822],[137.85788,36.85275],[137.87634,36.86607],[137.86167,36.89078],[137.8717,36.90169],[137.8622,36.90833],[137.86814,36.9159],[137.89326,36.90996],[137.92126,36.91992],[137.94893,36.91257],[137.95769,36.90286],[137.96958,36.91081],[138.01364,36.90407],[138.01558,36.89321],[138.03106,36.89136],[138.0325,36.88097],[138.01369,36.86037],[138.02007,36.84222],[138.00346,36.82641],[138.0338,36.80883],[138.05185,36.80746],[138.05438,36.80013],[138.07127,36.80585],[138.08145,36.82992],[138.11505,36.85039],[138.1657,36.84449],[138.20339,36.85714],[138.21231,36.86925],[138.23831,36.86367],[138.25488,36.86994],[138.2714,36.8558],[138.27147,36.84291],[138.28761,36.84571],[138.29606,36.85558],[138.28857,36.86844],[138.29937,36.88672],[138.29029,36.89681],[138.29633,36.91082],[138.31757,36.92519],[138.3432,36.9208],[138.3949,36.99717],[138.45513,37.01961],[138.49057,37.0199],[138.51409,37.02969],[138.56957,37.01614],[138.58676,36.98787],[138.58319,36.92828],[138.59201,36.92541],[138.58873,36.91471],[138.59619,36.90711],[138.61287,36.90855],[138.62101,36.90408],[138.61781,36.89188],[138.62516,36.8826],[138.68166,36.86535],[138.6932,36.85482],[138.69039,36.83327],[138.67959,36.82105],[138.69546,36.80701],[138.68736,36.79109],[138.669,36.77908],[138.688,36.76585],[138.69195,36.74612],[138.70313,36.73656],[138.71307,36.73922],[138.72703,36.76417],[138.78942,36.74487],[138.80149,36.76214],[138.82111,36.76386],[138.83157,36.79364],[138.82174,36.81763],[138.85547,36.81158],[138.88275,36.82599],[138.92907,36.83264],[138.91604,36.85071],[138.92301,36.88338],[138.9404,36.89512],[138.97155,36.88727],[138.97953,36.89178],[138.97669,36.92079],[138.9668,36.93079],[138.96648,36.97884],[139.04773,36.98767],[139.09119,37.01997],[139.09702,37.05863],[139.12295,37.04714],[139.13191,37.02573],[139.171,37.00198],[139.18311,36.96148],[139.20811,36.95592],[139.22871,36.9612],[139.23779,36.94635],[139.2319,36.94053],[139.24191,36.94202],[139.25116,36.96203],[139.24718,36.9802],[139.25567,36.98875],[139.24337,37.01513],[139.26033,37.0476],[139.23514,37.11011],[139.25318,37.16536],[139.22058,37.2092],[139.19672,37.19401],[139.16492,37.23567],[139.17469,37.25635],[139.21229,37.28621],[139.22411,37.31939],[139.21787,37.33403],[139.23362,37.34361],[139.23803,37.37295],[139.23167,37.38738],[139.21253,37.39186],[139.19725,37.41077],[139.20813,37.41663],[139.20753,37.42891],[139.2238,37.44902],[139.28203,37.44983],[139.32647,37.46239],[139.33514,37.45779],[139.36255,37.46997],[139.39751,37.45984],[139.40636,37.46621],[139.41155,37.50555],[139.42964,37.51472],[139.4572,37.51787],[139.4758,37.50258],[139.48599,37.51031],[139.52327,37.51453],[139.56466,37.50168],[139.58511,37.5129],[139.59058,37.52794],[139.57853,37.53016],[139.56574,37.54611],[139.57237,37.57023],[139.56496,37.59735],[139.54851,37.60987],[139.54604,37.62889],[139.55507,37.64043],[139.54932,37.64909],[139.59642,37.66586],[139.60941,37.68427],[139.62728,37.68836],[139.62409,37.71025],[139.64961,37.72906],[139.65789,37.75501],[139.72162,37.80942],[139.74151,37.81771],[139.71345,37.85348],[139.68083,37.84695],[139.65713,37.86354],[139.6567,37.87174],[139.63184,37.88927],[139.62634,37.90917],[139.62542,37.92109],[139.643,37.94683],[139.63938,37.9857],[139.65527,38.00083],[139.65474,38.03477],[139.68015,38.04327],[139.69273,38.05703],[139.68631,38.06448],[139.69097,38.07374],[139.67181,38.07782],[139.68267,38.10807],[139.69389,38.11589],[139.68227,38.17179],[139.6958,38.18511],[139.69864,38.20295],[139.71322,38.20664],[139.75648,38.19292],[139.76374,38.19896],[139.7865,38.19244],[139.81095,38.21152],[139.86019,38.23107],[139.8766,38.26179],[139.8999,38.27581],[139.89889,38.29315],[139.87933,38.30343],[139.84838,38.3428],[139.8289,38.34428],[139.81649,38.35601],[139.78964,38.34871],[139.74985,38.35952],[139.73054,38.37425],[139.72581,38.39164],[139.70645,38.39075],[139.70427,38.40454],[139.71836,38.42721],[139.71909,38.46624],[139.71141,38.4767],[139.72576,38.48656],[139.72072,38.49635],[139.69291,38.50683],[139.65306,38.50697],[139.62168,38.5254],[139.59945,38.52222],[139.54781,38.55295]]],[[[137.84878,37.05184],[137.84499,37.05088],[137.84512,37.05063],[137.84878,37.05184]]],[[[138.27449,37.21513],[138.27008,37.20417],[138.27556,37.1988],[138.28483,37.20465],[138.27449,37.21513]]],[[[138.25516,37.20833],[138.26972,37.22218],[138.26952,37.22229],[138.25516,37.20833]]],[[[139.07581,37.974],[139.07338,37.97232],[139.06839,37.96119],[139.07362,37.97219],[139.07581,37.974]]],[[[138.39232,38.24828],[138.39148,38.2465],[138.3931,38.24739],[138.39232,38.24828]]],[[[138.50296,38.33222],[138.4588,38.32177],[138.46366,38.31392],[138.44203,38.29138],[138.43727,38.26204],[138.40871,38.24855],[138.40092,38.25387],[138.36389,38.21295],[138.32615,38.19915],[138.29005,38.13387],[138.26891,38.12104],[138.273,38.11684],[138.26037,38.09675],[138.24905,38.09619],[138.23943,38.08171],[138.24002,38.08694],[138.23839,38.08066],[138.24812,38.07706],[138.23319,38.06219],[138.23842,38.02795],[138.22125,38.02216],[138.22253,38.01142],[138.23444,38.00413],[138.23463,37.98387],[138.22718,37.97972],[138.25311,37.96425],[138.2742,38.0022],[138.29873,38.00705],[138.32822,37.99144],[138.34369,37.96545],[138.28518,37.92023],[138.27846,37.90747],[138.28986,37.88546],[138.26921,37.84784],[138.21813,37.83773],[138.20603,37.82877],[138.20449,37.82024],[138.21786,37.81669],[138.21618,37.80982],[138.2478,37.80279],[138.3044,37.82662],[138.35956,37.83048],[138.50014,37.92086],[138.50286,37.94391],[138.54641,38.00803],[138.57273,38.06612],[138.56318,38.08807],[138.48156,38.06232],[138.44515,38.07466],[138.43433,38.08816],[138.43614,38.11799],[138.49229,38.20336],[138.49244,38.22136],[138.5065,38.24995],[138.50795,38.29551],[138.52195,38.32449],[138.50296,38.33222]]],[[[138.48423,38.33637],[138.48045,38.33452],[138.4834,38.33156],[138.48464,38.33202],[138.48423,38.33637]]],[[[139.25607,38.49098],[139.23175,38.46382],[139.22451,38.46503],[139.22545,38.44977],[139.21495,38.43748],[139.22646,38.43735],[139.24799,38.45329],[139.26467,38.48764],[139.25607,38.49098]]]]}},{"type":"Feature","properties":{"P":"富山県","code":"16"},"geometry":{"type":"Polygon","coordinates":[[[137.63498,36.9798],[137.58752,36.97479],[137.57458,36.96413],[137.49744,36.95605],[137.42839,36.92649],[137.40981,36.89881],[137.41862,36.89328],[137.41874,36.8741],[137.40899,36.85948],[137.41142,36.84823],[137.39206,36.82367],[137.39281,36.80713],[137.34769,36.78106],[137.33354,36.76264],[137.30107,36.75567],[137.24283,36.76565],[137.18124,36.75764],[137.12192,36.77947],[137.11832,36.76651],[137.13316,36.75689],[137.11129,36.76199],[137.11209,36.76789],[137.0922,36.77043],[137.1136,36.77457],[137.10799,36.77909],[137.11338,36.78142],[137.08629,36.78346],[137.00948,36.83485],[136.99111,36.85393],[136.98453,36.87512],[137.03256,36.92371],[137.02757,36.94036],[137.0517,36.95917],[137.03767,36.96712],[137.00673,36.96113],[136.98665,36.9672],[136.97375,36.94431],[136.94876,36.95552],[136.89558,36.92472],[136.87898,36.90627],[136.88303,36.87682],[136.86239,36.86033],[136.86695,36.8506],[136.84875,36.81288],[136.854,36.79518],[136.84325,36.78131],[136.85269,36.77015],[136.84903,36.75901],[136.83909,36.7451],[136.82172,36.73998],[136.81986,36.73065],[136.79658,36.72972],[136.78922,36.71903],[136.81557,36.70003],[136.80999,36.68677],[136.82058,36.68393],[136.82378,36.66971],[136.80029,36.64618],[136.7999,36.6364],[136.78482,36.6285],[136.78317,36.6167],[136.79527,36.58513],[136.79093,36.56981],[136.80244,36.56877],[136.81711,36.55279],[136.79511,36.51081],[136.80263,36.48473],[136.79555,36.47489],[136.79828,36.46182],[136.7882,36.45269],[136.79655,36.44443],[136.76865,36.42859],[136.76968,36.41535],[136.79514,36.40126],[136.80819,36.35869],[136.78466,36.34379],[136.79113,36.30056],[136.83237,36.30681],[136.84249,36.33326],[136.83735,36.34731],[136.8651,36.34966],[136.87111,36.36753],[136.87511,36.34275],[136.90747,36.36084],[136.9549,36.33935],[136.97327,36.30991],[136.95737,36.27998],[136.97517,36.27437],[136.98635,36.2863],[137.01271,36.29351],[137.01974,36.31828],[137.03757,36.31744],[137.05151,36.32813],[137.05874,36.3425],[137.04898,36.34569],[137.062,36.36575],[137.05947,36.37355],[137.09488,36.38397],[137.09189,36.39637],[137.1597,36.45644],[137.19385,36.45359],[137.20563,36.4276],[137.24761,36.46196],[137.25638,36.45114],[137.27777,36.46482],[137.29833,36.45826],[137.30852,36.46378],[137.31779,36.45118],[137.30512,36.43553],[137.31953,36.42446],[137.358,36.43631],[137.3615,36.45005],[137.39007,36.45987],[137.39522,36.4364],[137.41016,36.42463],[137.46083,36.41224],[137.47399,36.42535],[137.50424,36.42571],[137.5409,36.39144],[137.59241,36.38967],[137.60536,36.40254],[137.6082,36.41948],[137.63654,36.42841],[137.63991,36.44583],[137.65507,36.45873],[137.652,36.4882],[137.66682,36.49382],[137.66875,36.50946],[137.70547,36.51789],[137.71055,36.53574],[137.6846,36.53781],[137.68774,36.56207],[137.72511,36.5867],[137.7509,36.58834],[137.74425,36.61751],[137.76174,36.66697],[137.75006,36.70498],[137.75929,36.74061],[137.75177,36.75111],[137.76339,36.76823],[137.74967,36.77971],[137.74925,36.80969],[137.73007,36.82676],[137.73407,36.86903],[137.71298,36.89376],[137.72046,36.92669],[137.71116,36.94423],[137.66662,36.95019],[137.63498,36.9798]]]}},{"type":"Feature","properties":{"P":"石川県","code":"17"},"geometry":{"type":"MultiPolygon","coordinates":[[[[137.0517,36.95917],[137.05662,36.96775],[137.04559,37.0377],[137.05445,37.075],[137.04939,37.10024],[137.05817,37.10771],[137.02144,37.10104],[137.00068,37.06474],[137.00515,37.05709],[136.99472,37.0596],[136.98417,37.04821],[136.95567,37.05722],[136.9625,37.06727],[136.939,37.0688],[136.93527,37.07887],[136.94316,37.08302],[136.93457,37.08708],[136.9065,37.08886],[136.90173,37.07372],[136.88785,37.06832],[136.85923,37.07615],[136.87201,37.08776],[136.86565,37.09702],[136.86862,37.11265],[136.89288,37.11075],[136.90069,37.13608],[136.88655,37.14431],[136.87971,37.1353],[136.87322,37.14573],[136.91236,37.19369],[136.90635,37.20324],[136.92471,37.20533],[136.92628,37.19892],[136.93013,37.2062],[136.90634,37.2182],[136.91609,37.22715],[136.93234,37.22054],[136.92455,37.23383],[136.94368,37.22457],[136.94767,37.2332],[136.96218,37.23643],[136.96649,37.23315],[136.94603,37.21632],[136.95412,37.21979],[136.96327,37.2046],[136.98317,37.20487],[137.01073,37.18324],[137.03397,37.19608],[137.02558,37.20471],[137.05653,37.20822],[137.06943,37.21811],[137.06796,37.23153],[137.09434,37.25673],[137.0977,37.27792],[137.15009,37.29624],[137.15198,37.30701],[137.16162,37.29898],[137.16363,37.3047],[137.23413,37.29533],[137.23074,37.31096],[137.23872,37.30293],[137.24697,37.30749],[137.2677,37.33682],[137.25278,37.33986],[137.26619,37.35759],[137.24886,37.35407],[137.23766,37.37891],[137.25342,37.42797],[137.28416,37.44184],[137.33171,37.43928],[137.36048,37.45078],[137.3403,37.48309],[137.35108,37.50198],[137.34608,37.51536],[137.32875,37.51938],[137.32826,37.5289],[137.28242,37.52704],[137.2753,37.53343],[137.21927,37.51557],[137.21028,37.50615],[137.14446,37.499],[137.09536,37.47904],[137.07309,37.45568],[137.04594,37.4504],[137.02934,37.43274],[136.92427,37.39499],[136.9033,37.39747],[136.8976,37.40706],[136.89253,37.40126],[136.87199,37.40736],[136.84766,37.40169],[136.78268,37.36838],[136.75645,37.3648],[136.74877,37.34316],[136.738,37.34781],[136.73969,37.33962],[136.7217,37.32044],[136.73388,37.2795],[136.72088,37.2559],[136.70309,37.24568],[136.70134,37.22327],[136.67932,37.20539],[136.66946,37.14722],[136.68497,37.13597],[136.70066,37.14948],[136.71105,37.14838],[136.72743,37.13515],[136.72961,37.09811],[136.71836,37.07954],[136.71906,37.05929],[136.74661,37.02926],[136.74252,37.0131],[136.76931,36.99908],[136.76741,36.95986],[136.75577,36.95153],[136.76206,36.94486],[136.74949,36.93124],[136.76526,36.91977],[136.76767,36.90285],[136.75257,36.84889],[136.6749,36.70851],[136.56191,36.57272],[136.41251,36.41586],[136.34543,36.36475],[136.29964,36.3517],[136.27504,36.31862],[136.24445,36.2964],[136.25859,36.28932],[136.2562,36.27991],[136.26422,36.27833],[136.26681,36.2651],[136.30211,36.25752],[136.31668,36.23508],[136.3324,36.22959],[136.32904,36.20327],[136.34412,36.17298],[136.35797,36.16514],[136.40931,36.17223],[136.41429,36.15662],[136.44061,36.13726],[136.46445,36.13793],[136.48805,36.15914],[136.50994,36.14623],[136.56009,36.15301],[136.56299,36.14474],[136.60144,36.12972],[136.61473,36.10831],[136.65134,36.09223],[136.66229,36.06763],[136.75428,36.08629],[136.77994,36.13395],[136.76645,36.16256],[136.79841,36.17256],[136.80197,36.18681],[136.82284,36.20196],[136.82099,36.21074],[136.85172,36.24807],[136.83367,36.26583],[136.81458,36.2664],[136.79113,36.30056],[136.78466,36.34379],[136.80819,36.35869],[136.79514,36.40126],[136.77124,36.41403],[136.76853,36.42333],[136.76946,36.43071],[136.79655,36.44443],[136.7882,36.45269],[136.79828,36.46182],[136.79555,36.47489],[136.80263,36.48473],[136.79511,36.51081],[136.81711,36.55279],[136.80244,36.56877],[136.79093,36.56981],[136.79527,36.58513],[136.78317,36.6167],[136.78482,36.6285],[136.7999,36.6364],[136.80029,36.64618],[136.82378,36.66971],[136.82255,36.68061],[136.80999,36.68677],[136.81317,36.703],[136.78922,36.71903],[136.79658,36.72972],[136.81986,36.73065],[136.82172,36.73998],[136.83909,36.7451],[136.84903,36.75901],[136.85269,36.77015],[136.84325,36.78131],[136.854,36.79518],[136.84875,36.81288],[136.86695,36.8506],[136.86239,36.86033],[136.88303,36.87682],[136.87898,36.90627],[136.89558,36.92472],[136.94876,36.95552],[136.97375,36.94431],[136.98665,36.9672],[137.00673,36.96113],[137.03767,36.96712],[137.0517,36.95917]]],[[[136.59816,36.62323],[136.59891,36.63447],[136.59778,36.62365],[136.59816,36.62323]]],[[[136.89088,37.10851],[136.88955,37.10895],[136.88984,37.10424],[136.89204,37.1029],[136.89256,37.10861],[136.89088,37.10851]]],[[[137.03775,37.1681],[137.02556,37.15846],[137.02205,37.14235],[137.0047,37.1352],[136.9863,37.15105],[136.97799,37.14702],[136.96885,37.15456],[136.97773,37.1407],[136.96358,37.1469],[136.94886,37.13868],[136.94014,37.14614],[136.92335,37.13034],[136.92668,37.1442],[136.91138,37.15496],[136.9018,37.15227],[136.90195,37.14143],[136.93894,37.11588],[136.94691,37.09123],[136.96566,37.10456],[136.97633,37.0975],[136.99566,37.11845],[137.00447,37.11204],[137.00722,37.12048],[137.02172,37.11121],[137.04869,37.12126],[137.04065,37.13785],[137.05422,37.1492],[137.03775,37.1681]]],[[[136.90766,37.40944],[136.91498,37.40926],[136.91497,37.40942],[136.90766,37.40944]]],[[[137.20052,37.50992],[137.19974,37.50821],[137.20072,37.50788],[137.20052,37.50992]]],[[[137.27627,37.53461],[137.27388,37.53369],[137.27609,37.53385],[137.27627,37.53461]]],[[[136.8549,37.58913],[136.85372,37.58851],[136.85512,37.58676],[136.85604,37.58775],[136.8549,37.58913]]],[[[136.87564,37.5901],[136.87456,37.58959],[136.87676,37.58634],[136.87786,37.58694],[136.87756,37.589],[136.87564,37.5901]]],[[[136.86377,37.59257],[136.86257,37.59174],[136.86373,37.59151],[136.86377,37.59257]]],[[[136.89797,37.6112],[136.89577,37.61115],[136.89519,37.60956],[136.89797,37.6112]]],[[[136.89992,37.61275],[136.89721,37.60974],[136.90167,37.60842],[136.90269,37.60903],[136.90138,37.61217],[136.89992,37.61275]]],[[[136.88698,37.61581],[136.88596,37.61479],[136.88796,37.61494],[136.88698,37.61581]]],[[[136.92196,37.85533],[136.9158,37.85254],[136.91215,37.84872],[136.9137,37.84415],[136.915,37.84627],[136.91966,37.84771],[136.91873,37.84966],[136.92444,37.85228],[136.92357,37.85293],[136.92416,37.85519],[136.92196,37.85533]]]]}},{"type":"Feature","properties":{"P":"福井県","code":"18"},"geometry":{"type":"MultiPolygon","coordinates":[[[[136.24386,36.2953],[136.17189,36.25257],[136.1234,36.25003],[136.13493,36.22257],[136.12183,36.20114],[136.13425,36.20475],[136.12883,36.1916],[136.11442,36.19269],[136.1125,36.20524],[136.11426,36.19261],[136.09039,36.16053],[136.09337,36.15322],[136.05379,36.1282],[136.0481,36.10923],[136.0286,36.09543],[136.01062,36.03333],[135.96396,35.99745],[135.95769,35.98177],[135.99672,35.93583],[135.99402,35.88796],[136.07031,35.82483],[136.0998,35.77916],[136.09993,35.74668],[136.08585,35.73942],[136.09665,35.73542],[136.09858,35.72557],[136.09242,35.71104],[136.07854,35.70356],[136.08616,35.68534],[136.07068,35.67938],[136.07429,35.6674],[136.06255,35.66806],[136.07263,35.66115],[136.04654,35.65743],[136.04285,35.66948],[136.02536,35.68102],[136.03279,35.69259],[136.04419,35.69114],[136.04402,35.70489],[136.03835,35.72675],[136.02247,35.74538],[136.03762,35.73879],[136.03278,35.75001],[136.01684,35.76369],[135.9811,35.7331],[135.96845,35.73512],[135.95417,35.72175],[135.95582,35.70296],[135.96672,35.70152],[135.96091,35.70585],[135.97124,35.71181],[135.97543,35.69827],[135.97757,35.68669],[135.96572,35.67388],[135.96316,35.65718],[135.98559,35.64319],[135.97829,35.62758],[135.96463,35.62175],[135.95001,35.63388],[135.9336,35.61253],[135.91354,35.60936],[135.90722,35.62466],[135.89558,35.62186],[135.89329,35.61163],[135.88511,35.61785],[135.8682,35.6081],[135.85742,35.61395],[135.85929,35.62317],[135.84357,35.62662],[135.84613,35.6355],[135.81458,35.64213],[135.8155,35.63253],[135.82206,35.6375],[135.83283,35.6314],[135.82357,35.63135],[135.82383,35.6241],[135.83901,35.6203],[135.82787,35.60744],[135.85562,35.60035],[135.85738,35.5818],[135.83969,35.56315],[135.81186,35.57683],[135.80289,35.57062],[135.83373,35.5359],[135.81268,35.53766],[135.8148,35.52911],[135.80467,35.53301],[135.79844,35.52496],[135.77966,35.5503],[135.76509,35.55726],[135.77143,35.54664],[135.75883,35.54257],[135.75077,35.56565],[135.7151,35.56999],[135.68863,35.54629],[135.71678,35.54074],[135.71807,35.5197],[135.73385,35.52548],[135.73868,35.53592],[135.76504,35.534],[135.75198,35.53206],[135.74919,35.51381],[135.73464,35.50062],[135.74084,35.4986],[135.72103,35.49219],[135.71768,35.48375],[135.70022,35.49278],[135.68073,35.48724],[135.66289,35.49378],[135.64818,35.47829],[135.58101,35.49005],[135.62689,35.48869],[135.64225,35.50798],[135.64113,35.51962],[135.63095,35.52218],[135.6547,35.53093],[135.66863,35.52466],[135.65963,35.53473],[135.6661,35.53884],[135.65716,35.54327],[135.6614,35.54757],[135.63125,35.53681],[135.61905,35.51945],[135.57292,35.49238],[135.55607,35.49057],[135.55193,35.49717],[135.53614,35.48887],[135.50731,35.5057],[135.51832,35.54961],[135.4993,35.55384],[135.5022,35.54259],[135.49593,35.53948],[135.50989,35.53463],[135.50143,35.524],[135.49338,35.52256],[135.49129,35.53058],[135.48088,35.52194],[135.48351,35.5343],[135.46824,35.53144],[135.4866,35.55794],[135.46684,35.55191],[135.44934,35.52373],[135.47622,35.50549],[135.4763,35.48968],[135.45845,35.46807],[135.49779,35.43755],[135.50205,35.42003],[135.52579,35.42042],[135.52754,35.38022],[135.64236,35.36672],[135.70099,35.34369],[135.71894,35.3553],[135.76879,35.35601],[135.79089,35.38664],[135.80753,35.38536],[135.8138,35.41331],[135.8532,35.41154],[135.86453,35.39442],[135.89057,35.40318],[135.89298,35.41985],[135.91416,35.43211],[135.9098,35.44687],[135.91611,35.47112],[135.93965,35.52054],[135.94702,35.52048],[135.95237,35.50622],[135.97265,35.50011],[135.98095,35.48669],[136.00434,35.49097],[136.02663,35.52952],[136.04835,35.53453],[136.06923,35.52625],[136.08323,35.54056],[136.10645,35.52899],[136.11414,35.58296],[136.16904,35.56547],[136.16647,35.58265],[136.17684,35.59835],[136.1491,35.6611],[136.13449,35.66982],[136.15136,35.69843],[136.19128,35.70236],[136.21181,35.68245],[136.23441,35.68246],[136.28074,35.65863],[136.29891,35.67768],[136.29177,35.69039],[136.32395,35.71675],[136.32503,35.74466],[136.3184,35.75098],[136.32518,35.77116],[136.37666,35.79518],[136.43073,35.77503],[136.48458,35.77514],[136.50616,35.75033],[136.52303,35.78817],[136.57075,35.77742],[136.586,35.78443],[136.59001,35.79566],[136.60006,35.79842],[136.62302,35.78777],[136.6452,35.80683],[136.65767,35.78348],[136.67696,35.79325],[136.71005,35.79204],[136.72338,35.80819],[136.7411,35.80107],[136.76391,35.81061],[136.78745,35.79854],[136.80229,35.84403],[136.83107,35.85181],[136.8137,35.91092],[136.78392,35.92574],[136.79346,35.94559],[136.75287,35.95646],[136.75225,35.98861],[136.72708,35.99562],[136.73302,36.04872],[136.76497,36.06939],[136.75533,36.08566],[136.66229,36.06763],[136.65134,36.09223],[136.61473,36.10831],[136.60144,36.12972],[136.56299,36.14474],[136.56009,36.15301],[136.50994,36.14623],[136.48805,36.15914],[136.45651,36.13629],[136.44061,36.13726],[136.41429,36.15662],[136.40931,36.17223],[136.35797,36.16514],[136.33567,36.18487],[136.32793,36.20871],[136.3324,36.22959],[136.31668,36.23508],[136.30211,36.25752],[136.26681,36.2651],[136.26422,36.27833],[136.2562,36.27991],[136.25859,36.28932],[136.24386,36.2953]]],[[[135.73835,35.52529],[135.73594,35.52488],[135.73666,35.52417],[135.73835,35.52529]]],[[[135.83488,35.57988],[135.83542,35.57718],[135.83832,35.57783],[135.83488,35.57988]]],[[[135.80503,35.63937],[135.80328,35.63853],[135.80335,35.63005],[135.80648,35.63125],[135.80601,35.63511],[135.80759,35.63904],[135.80503,35.63937]]],[[[136.05124,36.12595],[136.05034,36.12662],[136.04956,36.12538],[136.05185,36.1246],[136.05124,36.12595]]],[[[136.12064,36.25354],[136.11756,36.25294],[136.11691,36.25085],[136.12104,36.25064],[136.12064,36.25354]]]]}},{"type":"Feature","properties":{"P":"山梨県","code":"19"},"geometry":{"type":"Polygon","coordinates":[[[138.72901,35.90922],[138.70797,35.90964],[138.68585,35.89387],[138.67599,35.86984],[138.61076,35.87369],[138.60499,35.89383],[138.61203,35.90938],[138.59115,35.91972],[138.57667,35.91144],[138.51065,35.92234],[138.49465,35.91115],[138.49055,35.89689],[138.47165,35.89619],[138.4545,35.89998],[138.44442,35.91773],[138.45433,35.93831],[138.44474,35.95016],[138.37046,35.97138],[138.36008,35.95101],[138.34505,35.94133],[138.32632,35.90318],[138.28364,35.85932],[138.25196,35.88468],[138.23823,35.88238],[138.2047,35.82814],[138.20569,35.81573],[138.1856,35.79535],[138.19149,35.78429],[138.20641,35.7822],[138.2367,35.75771],[138.18015,35.71454],[138.1936,35.69693],[138.1933,35.67226],[138.21789,35.64498],[138.23232,35.6401],[138.22832,35.62721],[138.24323,35.59759],[138.24046,35.57632],[138.24639,35.56082],[138.25948,35.55298],[138.25735,35.53085],[138.26898,35.51413],[138.26025,35.5059],[138.25521,35.46891],[138.24407,35.45898],[138.25926,35.43208],[138.2581,35.40739],[138.24645,35.3998],[138.23202,35.37122],[138.25126,35.36353],[138.25714,35.33924],[138.24874,35.3316],[138.25792,35.31647],[138.2776,35.30673],[138.28527,35.30427],[138.29645,35.31651],[138.32804,35.32767],[138.3676,35.30954],[138.37248,35.29941],[138.36703,35.27019],[138.38615,35.24624],[138.39489,35.20652],[138.41836,35.19933],[138.43094,35.18039],[138.47774,35.17808],[138.49149,35.16838],[138.51548,35.19826],[138.53319,35.20086],[138.52738,35.2168],[138.53228,35.22339],[138.51424,35.26223],[138.52166,35.28348],[138.51209,35.31356],[138.53509,35.33056],[138.53183,35.40941],[138.55906,35.43421],[138.58208,35.44556],[138.59723,35.43282],[138.60914,35.39318],[138.66382,35.3981],[138.68054,35.35768],[138.79945,35.37667],[138.82194,35.37418],[138.85083,35.39046],[138.87426,35.37917],[138.9164,35.40061],[138.93737,35.44887],[138.98882,35.47364],[139.02755,35.48097],[139.04602,35.50966],[139.08579,35.51209],[139.11028,35.53268],[139.11196,35.54979],[139.12918,35.56387],[139.12144,35.58692],[139.13438,35.61666],[139.12347,35.62406],[139.12697,35.6419],[139.11726,35.6549],[139.13134,35.67199],[139.10562,35.69102],[139.07211,35.69541],[139.02466,35.71989],[138.9844,35.76776],[138.98643,35.78225],[138.97032,35.80458],[138.96978,35.83061],[138.94912,35.84047],[138.94518,35.85445],[138.91095,35.85273],[138.89204,35.83985],[138.8559,35.86509],[138.8136,35.86237],[138.79181,35.87598],[138.79112,35.89081],[138.77935,35.89991],[138.72901,35.90922]]]}},{"type":"Feature","properties":{"P":"長野県","code":"20"},"geometry":{"type":"Polygon","coordinates":[[[138.69593,36.73851],[138.688,36.76585],[138.669,36.77908],[138.68736,36.79109],[138.69546,36.80701],[138.67959,36.82105],[138.69039,36.83327],[138.6932,36.85482],[138.68166,36.86535],[138.62516,36.8826],[138.61781,36.89188],[138.62101,36.90408],[138.58931,36.91391],[138.59201,36.92541],[138.58312,36.92955],[138.58676,36.98787],[138.55984,37.02304],[138.53651,37.02093],[138.51409,37.02969],[138.49057,37.0199],[138.45513,37.01961],[138.3949,36.99717],[138.3432,36.9208],[138.31757,36.92519],[138.29633,36.91082],[138.29029,36.89681],[138.29937,36.88672],[138.28857,36.86844],[138.29606,36.85558],[138.28761,36.84571],[138.27147,36.84291],[138.2714,36.8558],[138.25488,36.86994],[138.23831,36.86367],[138.21231,36.86925],[138.20339,36.85714],[138.1657,36.84449],[138.11505,36.85039],[138.08145,36.82992],[138.07127,36.80585],[138.05438,36.80013],[138.05185,36.80746],[138.0338,36.80883],[138.00346,36.82641],[138.02007,36.84222],[138.01369,36.86037],[138.0325,36.88097],[138.03106,36.89136],[138.01558,36.89321],[138.01364,36.90407],[137.96958,36.91081],[137.95769,36.90286],[137.94893,36.91257],[137.92126,36.91992],[137.89326,36.90996],[137.86347,36.91289],[137.8717,36.90169],[137.86167,36.89078],[137.87634,36.86607],[137.83156,36.81945],[137.83098,36.80801],[137.78479,36.77434],[137.76742,36.77052],[137.75212,36.75271],[137.75929,36.74061],[137.75006,36.70498],[137.76174,36.66697],[137.74425,36.61751],[137.7509,36.58834],[137.72511,36.5867],[137.68774,36.56207],[137.6846,36.53781],[137.71055,36.53574],[137.70547,36.51789],[137.66875,36.50946],[137.66682,36.49382],[137.652,36.4882],[137.65507,36.45873],[137.63991,36.44583],[137.63654,36.42841],[137.6082,36.41948],[137.60536,36.40254],[137.58666,36.38802],[137.58709,36.37196],[137.61655,36.3658],[137.63547,36.34255],[137.64542,36.34172],[137.65306,36.30467],[137.64782,36.28905],[137.61474,36.26478],[137.58303,36.2204],[137.57379,36.2198],[137.57869,36.19739],[137.59517,36.19035],[137.59506,36.17205],[137.55469,36.14001],[137.56047,36.13047],[137.55086,36.10988],[137.57772,36.08532],[137.61395,36.07639],[137.61372,36.05962],[137.59782,36.0417],[137.59482,36.01335],[137.57572,35.99549],[137.54346,35.98287],[137.54173,35.9663],[137.52452,35.94246],[137.50356,35.93989],[137.47652,35.89417],[137.45865,35.88931],[137.4349,35.90549],[137.38082,35.89242],[137.36437,35.87887],[137.36759,35.86067],[137.36113,35.84621],[137.33605,35.84422],[137.32499,35.81667],[137.33811,35.79804],[137.39179,35.79858],[137.39326,35.77773],[137.42397,35.77436],[137.44018,35.75855],[137.4524,35.76333],[137.46475,35.75637],[137.4972,35.68848],[137.53537,35.66581],[137.54545,35.65108],[137.5266,35.63426],[137.51381,35.60802],[137.5383,35.5848],[137.5713,35.58416],[137.56428,35.56901],[137.57365,35.54527],[137.60811,35.53308],[137.63103,35.51051],[137.62443,35.49383],[137.63175,35.47004],[137.59315,35.44692],[137.6153,35.43084],[137.63482,35.40086],[137.61843,35.39174],[137.57539,35.40014],[137.57714,35.39065],[137.59839,35.37918],[137.60391,35.33323],[137.55654,35.30919],[137.55638,35.29554],[137.57075,35.2831],[137.55576,35.27455],[137.5579,35.26523],[137.54624,35.25436],[137.57873,35.21944],[137.57789,35.19904],[137.6155,35.21048],[137.64462,35.20901],[137.65392,35.22671],[137.68126,35.23509],[137.72148,35.23088],[137.72394,35.22164],[137.75946,35.22212],[137.76802,35.21846],[137.76772,35.20689],[137.7791,35.20275],[137.82152,35.21565],[137.83812,35.21247],[137.84701,35.22168],[137.87255,35.21888],[137.88489,35.23625],[137.88247,35.2481],[137.89543,35.25799],[137.91861,35.25437],[137.92925,35.27547],[137.96734,35.2842],[137.99209,35.3017],[138.01888,35.30109],[138.03839,35.3337],[138.06134,35.3472],[138.09633,35.33994],[138.09699,35.35427],[138.14114,35.36949],[138.15313,35.39724],[138.13488,35.40775],[138.13983,35.4226],[138.12152,35.42856],[138.11934,35.44598],[138.12193,35.45639],[138.1552,35.45905],[138.16025,35.4678],[138.1564,35.47691],[138.16462,35.49387],[138.14018,35.49973],[138.14633,35.51864],[138.13828,35.52153],[138.15942,35.54493],[138.14279,35.55564],[138.16205,35.58129],[138.18949,35.57678],[138.20606,35.6084],[138.20344,35.63218],[138.21867,35.64455],[138.1933,35.67226],[138.1936,35.69693],[138.18015,35.71454],[138.2367,35.75771],[138.20641,35.7822],[138.19149,35.78429],[138.1856,35.79535],[138.20569,35.81573],[138.2047,35.82814],[138.23823,35.88238],[138.25196,35.88468],[138.28364,35.85932],[138.32632,35.90318],[138.34505,35.94133],[138.36008,35.95101],[138.37046,35.97138],[138.44474,35.95016],[138.45433,35.93831],[138.44442,35.91773],[138.4545,35.89998],[138.47165,35.89619],[138.49055,35.89689],[138.49465,35.91115],[138.51065,35.92234],[138.57667,35.91144],[138.59115,35.91972],[138.61203,35.90938],[138.60499,35.89383],[138.61076,35.87369],[138.67599,35.86984],[138.68585,35.89387],[138.70797,35.90964],[138.72901,35.90922],[138.73925,35.93911],[138.71418,35.96552],[138.71255,35.98533],[138.6887,35.99177],[138.67975,36.01161],[138.66217,36.01146],[138.63185,36.02721],[138.64417,36.04957],[138.63063,36.09133],[138.64518,36.09881],[138.64018,36.11735],[138.64538,36.1202],[138.63409,36.13397],[138.60066,36.13563],[138.57727,36.16807],[138.58931,36.179],[138.59273,36.16694],[138.60954,36.16141],[138.6371,36.17488],[138.6228,36.19693],[138.63572,36.20616],[138.63466,36.21367],[138.62224,36.21459],[138.61187,36.22939],[138.60034,36.2784],[138.64491,36.29353],[138.65353,36.30311],[138.64783,36.31558],[138.65716,36.3689],[138.64964,36.37894],[138.64784,36.40928],[138.5924,36.42439],[138.55501,36.41777],[138.53893,36.4025],[138.50543,36.41477],[138.49206,36.41326],[138.48896,36.40093],[138.45965,36.40475],[138.45696,36.42024],[138.40145,36.43402],[138.39729,36.48406],[138.41143,36.53946],[138.42884,36.55623],[138.42029,36.57724],[138.42884,36.59789],[138.45497,36.61385],[138.45819,36.6337],[138.4731,36.64405],[138.49008,36.6412],[138.52944,36.65529],[138.53434,36.66627],[138.51827,36.67621],[138.51434,36.69079],[138.55689,36.70647],[138.58327,36.70131],[138.59573,36.71454],[138.61114,36.70658],[138.62177,36.72021],[138.69593,36.73851]]]}},{"type":"Feature","properties":{"P":"岐阜県","code":"21"},"geometry":{"type":"Polygon","coordinates":[[[136.79229,36.29921],[136.81458,36.2664],[136.83367,36.26583],[136.85148,36.24683],[136.82099,36.21074],[136.82284,36.20196],[136.80197,36.18681],[136.79841,36.17256],[136.76645,36.16256],[136.78073,36.14138],[136.75397,36.0902],[136.76497,36.06939],[136.73302,36.04872],[136.72708,35.99562],[136.75225,35.98861],[136.75287,35.95646],[136.79346,35.94559],[136.78478,35.92402],[136.8137,35.91092],[136.82377,35.89277],[136.819,35.88166],[136.83107,35.85181],[136.80229,35.84403],[136.78932,35.79944],[136.77602,35.79883],[136.76391,35.81061],[136.7411,35.80107],[136.72338,35.80819],[136.71005,35.79204],[136.67696,35.79325],[136.65767,35.78348],[136.6452,35.80683],[136.62302,35.78777],[136.60006,35.79842],[136.59001,35.79566],[136.586,35.78443],[136.57075,35.77742],[136.52303,35.78817],[136.50616,35.75033],[136.48458,35.77514],[136.43073,35.77503],[136.37666,35.79518],[136.34677,35.77624],[136.32795,35.7751],[136.3184,35.75098],[136.32503,35.74466],[136.32395,35.71675],[136.29177,35.69039],[136.29891,35.67768],[136.27633,35.65375],[136.28856,35.62059],[136.31556,35.6234],[136.32368,35.61652],[136.31507,35.6062],[136.32422,35.58512],[136.3175,35.5474],[136.33732,35.55025],[136.34606,35.53623],[136.35666,35.53991],[136.36252,35.55848],[136.37244,35.55977],[136.38425,35.53309],[136.4004,35.53008],[136.40564,35.51339],[136.38688,35.48841],[136.40177,35.46994],[136.42036,35.46623],[136.42617,35.44816],[136.41181,35.4186],[136.44425,35.38958],[136.43689,35.37913],[136.41191,35.3699],[136.41048,35.35279],[136.42233,35.34839],[136.40685,35.30526],[136.39115,35.2902],[136.39694,35.25791],[136.37734,35.24341],[136.41217,35.2184],[136.4309,35.2294],[136.44072,35.21674],[136.46177,35.23627],[136.50598,35.23506],[136.51601,35.25389],[136.53417,35.25709],[136.54101,35.23723],[136.55045,35.23286],[136.54748,35.2202],[136.55683,35.22069],[136.55974,35.20676],[136.57606,35.20225],[136.58763,35.18468],[136.6023,35.17804],[136.61555,35.14993],[136.64522,35.14457],[136.64628,35.16581],[136.66963,35.13373],[136.67232,35.18878],[136.68313,35.19983],[136.67793,35.24151],[136.72573,35.29561],[136.76812,35.3669],[136.79446,35.36833],[136.80075,35.36093],[136.83425,35.356],[136.86493,35.37261],[136.92207,35.37918],[136.96171,35.39977],[136.96437,35.42094],[136.98848,35.42478],[136.97826,35.40318],[136.98896,35.40116],[137.00212,35.38148],[137.04694,35.36567],[137.04713,35.3369],[137.06822,35.33568],[137.07298,35.32646],[137.06352,35.3182],[137.06677,35.30897],[137.08184,35.30512],[137.08131,35.29219],[137.09603,35.29055],[137.10233,35.30165],[137.13159,35.29363],[137.14583,35.2798],[137.16537,35.28321],[137.18667,35.25306],[137.22334,35.25595],[137.25741,35.27256],[137.26266,35.2852],[137.27509,35.29049],[137.30755,35.29109],[137.34463,35.27372],[137.3441,35.25786],[137.38287,35.2602],[137.38656,35.24128],[137.40893,35.23491],[137.41681,35.2404],[137.43031,35.22296],[137.52075,35.27356],[137.51894,35.28333],[137.56152,35.28315],[137.55728,35.3101],[137.60391,35.33323],[137.59839,35.37918],[137.57714,35.39065],[137.57539,35.40014],[137.61843,35.39174],[137.63482,35.40086],[137.6153,35.43084],[137.59315,35.44692],[137.63175,35.47004],[137.62443,35.49383],[137.63103,35.51051],[137.60811,35.53308],[137.57365,35.54527],[137.56428,35.56901],[137.5713,35.58416],[137.5383,35.5848],[137.51381,35.60802],[137.5266,35.63426],[137.54545,35.65108],[137.53537,35.66581],[137.4972,35.68848],[137.46475,35.75637],[137.4524,35.76333],[137.44018,35.75855],[137.42397,35.77436],[137.39326,35.77773],[137.39179,35.79858],[137.33811,35.79804],[137.32455,35.81202],[137.33332,35.84197],[137.36113,35.84621],[137.36759,35.86067],[137.36437,35.87887],[137.38082,35.89242],[137.4349,35.90549],[137.45865,35.88931],[137.47652,35.89417],[137.50356,35.93989],[137.52452,35.94246],[137.54173,35.9663],[137.54346,35.98287],[137.57572,35.99549],[137.59396,36.01185],[137.59782,36.0417],[137.61372,36.05962],[137.61395,36.07639],[137.59681,36.07584],[137.57343,36.08768],[137.55018,36.1126],[137.56047,36.13047],[137.55469,36.14001],[137.59506,36.17205],[137.59439,36.19199],[137.57869,36.19739],[137.57298,36.21841],[137.58303,36.2204],[137.61474,36.26478],[137.64782,36.28905],[137.65242,36.32182],[137.64542,36.34172],[137.63547,36.34255],[137.61655,36.3658],[137.58709,36.37196],[137.58735,36.3898],[137.5409,36.39144],[137.51497,36.41145],[137.51084,36.42419],[137.47399,36.42535],[137.46083,36.41224],[137.44548,36.41296],[137.40376,36.42726],[137.39007,36.45987],[137.3615,36.45005],[137.35163,36.43331],[137.31381,36.42495],[137.30515,36.43621],[137.31387,36.44167],[137.31678,36.46099],[137.27903,36.46506],[137.25638,36.45114],[137.24761,36.46196],[137.20563,36.4276],[137.19385,36.45359],[137.1597,36.45644],[137.09189,36.39637],[137.09488,36.38397],[137.05947,36.37355],[137.062,36.36575],[137.04898,36.34569],[137.05874,36.3425],[137.05151,36.32813],[137.03757,36.31744],[137.01974,36.31828],[137.01271,36.29351],[136.98635,36.2863],[136.97517,36.27437],[136.95737,36.27998],[136.97327,36.30991],[136.9549,36.33935],[136.90747,36.36084],[136.87511,36.34275],[136.87111,36.36753],[136.8651,36.34966],[136.83735,36.34731],[136.84249,36.33326],[136.83237,36.30681],[136.79229,36.29921]]]}},{"type":"Feature","properties":{"P":"静岡県","code":"22"},"geometry":{"type":"MultiPolygon","coordinates":[[[[138.9164,35.40061],[138.87426,35.37917],[138.85083,35.39046],[138.82194,35.37418],[138.79945,35.37667],[138.68054,35.35768],[138.66382,35.3981],[138.60914,35.39318],[138.59723,35.43282],[138.58208,35.44556],[138.53183,35.40941],[138.53509,35.33056],[138.51209,35.31356],[138.52166,35.28348],[138.51424,35.26223],[138.53228,35.22339],[138.52738,35.2168],[138.53319,35.20086],[138.51548,35.19826],[138.49149,35.16838],[138.47774,35.17808],[138.43094,35.18039],[138.41836,35.19933],[138.39489,35.20652],[138.38615,35.24624],[138.36703,35.27019],[138.37248,35.29941],[138.35861,35.31748],[138.32446,35.32721],[138.28527,35.30427],[138.25792,35.31647],[138.24874,35.3316],[138.25714,35.33924],[138.25126,35.36353],[138.23202,35.37122],[138.24645,35.3998],[138.2581,35.40739],[138.25926,35.43208],[138.24407,35.45898],[138.25521,35.46891],[138.26025,35.5059],[138.26898,35.51413],[138.25735,35.53085],[138.25948,35.55298],[138.24639,35.56082],[138.24046,35.57632],[138.24323,35.59759],[138.22832,35.62721],[138.23232,35.6401],[138.21867,35.64455],[138.20344,35.63218],[138.20606,35.6084],[138.18949,35.57678],[138.16205,35.58129],[138.14279,35.55564],[138.15942,35.54493],[138.13828,35.52153],[138.14633,35.51864],[138.14018,35.49973],[138.16462,35.49387],[138.1564,35.47691],[138.16025,35.4678],[138.1552,35.45905],[138.12193,35.45639],[138.11934,35.44598],[138.12152,35.42856],[138.13983,35.4226],[138.13488,35.40775],[138.15313,35.39724],[138.14114,35.36949],[138.09699,35.35427],[138.09633,35.33994],[138.06134,35.3472],[138.03839,35.3337],[138.01888,35.30109],[137.99209,35.3017],[137.96734,35.2842],[137.92925,35.27547],[137.91861,35.25437],[137.89543,35.25799],[137.88402,35.24994],[137.88489,35.23625],[137.87255,35.21888],[137.84701,35.22168],[137.82753,35.21075],[137.83111,35.20545],[137.82166,35.20319],[137.81575,35.18734],[137.8032,35.18312],[137.82547,35.1682],[137.82129,35.15844],[137.82896,35.15191],[137.81511,35.15272],[137.80586,35.13112],[137.79314,35.13522],[137.80099,35.10571],[137.79297,35.09555],[137.77827,35.09962],[137.77567,35.07798],[137.71735,35.03515],[137.70105,35.00354],[137.70813,34.99446],[137.69991,34.98484],[137.70725,34.97228],[137.69613,34.97143],[137.6755,34.94535],[137.65813,34.943],[137.64125,34.89308],[137.61625,34.87534],[137.59753,34.8725],[137.58702,34.85004],[137.55159,34.85186],[137.54227,34.84205],[137.50267,34.8335],[137.50166,34.82335],[137.48701,34.81175],[137.49294,34.78687],[137.47672,34.77479],[137.47411,34.74994],[137.49179,34.70246],[137.48496,34.67411],[137.58208,34.6799],[137.8002,34.64625],[137.89954,34.66718],[137.97357,34.66505],[138.05747,34.64859],[138.19187,34.60077],[138.22721,34.59513],[138.23388,34.60528],[138.21794,34.60905],[138.19589,34.63481],[138.1954,34.66465],[138.22363,34.7224],[138.26713,34.75548],[138.28909,34.76244],[138.30422,34.77727],[138.2887,34.78124],[138.30106,34.77918],[138.33723,34.82844],[138.33518,34.8446],[138.32396,34.8487],[138.32919,34.84993],[138.3244,34.87259],[138.33382,34.87044],[138.35582,34.91374],[138.36682,34.92426],[138.39528,34.92864],[138.51632,34.9845],[138.53316,35.01453],[138.51578,35.0209],[138.51968,35.00795],[138.50405,35.01541],[138.50112,35.00222],[138.51155,34.99462],[138.50292,34.98602],[138.49091,35.01931],[138.4991,35.02668],[138.494,35.03143],[138.50845,35.03347],[138.50797,35.04369],[138.51126,35.03541],[138.51102,35.0431],[138.52369,35.04267],[138.51906,35.04766],[138.53446,35.05609],[138.55879,35.10165],[138.57819,35.11161],[138.63552,35.11519],[138.69767,35.13439],[138.6856,35.14497],[138.7006,35.14294],[138.69891,35.13635],[138.75222,35.13158],[138.81449,35.1136],[138.87373,35.06931],[138.88604,35.04618],[138.90627,35.04852],[138.89301,35.03335],[138.8986,35.02428],[138.89165,35.01708],[138.88363,35.02547],[138.84434,35.01437],[138.82898,35.02362],[138.78764,35.02362],[138.78827,35.03057],[138.77936,35.01704],[138.7799,35.00132],[138.76879,34.98225],[138.77669,34.97058],[138.76439,34.97237],[138.76687,34.97765],[138.7621,34.96866],[138.7898,34.90819],[138.75661,34.88541],[138.75428,34.86651],[138.7758,34.85325],[138.76016,34.84225],[138.76915,34.823],[138.76011,34.8292],[138.75116,34.8207],[138.76584,34.8093],[138.75254,34.8004],[138.77079,34.77407],[138.76315,34.77058],[138.77694,34.75993],[138.75468,34.74643],[138.76162,34.73928],[138.75635,34.73328],[138.74985,34.7364],[138.7393,34.72662],[138.73941,34.69113],[138.75598,34.69174],[138.77735,34.67561],[138.77778,34.66725],[138.78967,34.66952],[138.79106,34.65998],[138.77361,34.65526],[138.77599,34.64118],[138.78958,34.63876],[138.7947,34.62251],[138.80974,34.62816],[138.82545,34.60622],[138.84346,34.60095],[138.84958,34.6134],[138.88972,34.62429],[138.89042,34.63446],[138.90461,34.62919],[138.91815,34.6524],[138.94051,34.66176],[138.93571,34.66659],[138.94828,34.66637],[138.94825,34.67381],[138.96416,34.67276],[138.95834,34.65274],[138.97843,34.65392],[138.98738,34.66598],[138.97288,34.67398],[138.98035,34.68236],[138.97424,34.69644],[138.99758,34.72858],[138.99766,34.74283],[139.02008,34.754],[139.02848,34.76757],[139.04761,34.76769],[139.04172,34.77382],[139.05809,34.78548],[139.07834,34.81955],[139.08281,34.85371],[139.13206,34.87973],[139.13998,34.89417],[139.1318,34.89844],[139.148,34.93094],[139.14687,34.95422],[139.13252,34.95222],[139.12829,34.96905],[139.09568,34.97604],[139.08293,35.00096],[139.09998,35.00887],[139.10033,35.04467],[139.0741,35.04678],[139.06938,35.05404],[139.07959,35.06921],[139.07692,35.09795],[139.1116,35.14137],[139.02843,35.15072],[139.02641,35.17562],[138.98774,35.20082],[138.97605,35.23569],[138.97547,35.26375],[139.00461,35.2899],[139.01901,35.32931],[138.99862,35.38404],[139.0018,35.39894],[138.97182,35.40518],[138.9164,35.40061]]],[[[138.94097,34.57654],[138.9415,34.57376],[138.94306,34.57381],[138.94097,34.57654]]],[[[138.82302,34.60755],[138.8226,34.60639],[138.82529,34.6039],[138.82302,34.60755]]],[[[138.21142,34.62906],[138.20857,34.6224],[138.21908,34.61827],[138.21142,34.62906]]],[[[138.22831,34.61971],[138.23252,34.62568],[138.23372,34.63461],[138.23228,34.62577],[138.22771,34.62057],[138.22831,34.61971]]],[[[138.96494,34.65268],[138.96467,34.65105],[138.96585,34.65172],[138.96494,34.65268]]],[[[138.94739,34.66531],[138.94574,34.66289],[138.94811,34.66321],[138.94739,34.66531]]],[[[138.75946,34.78393],[138.75673,34.78261],[138.7575,34.78156],[138.75946,34.78393]]],[[[138.75579,34.80643],[138.75427,34.80473],[138.75538,34.80431],[138.75579,34.80643]]],[[[138.3375,34.86864],[138.33026,34.86343],[138.32943,34.85491],[138.33048,34.86343],[138.3375,34.86864]]],[[[138.88652,35.03605],[138.88638,35.03234],[138.8905,35.03103],[138.8904,35.03337],[138.88652,35.03605]]],[[[138.52234,35.03676],[138.51897,35.02857],[138.51915,35.02852],[138.52234,35.03676]]],[[[139.16966,35.04311],[139.16426,35.04325],[139.16796,35.03655],[139.17655,35.03967],[139.16966,35.04311]]]]}},{"type":"Feature","properties":{"P":"愛知県","code":"23"},"geometry":{"type":"MultiPolygon","coordinates":[[[[137.56198,35.28932],[137.56152,35.28315],[137.54343,35.28055],[137.51894,35.28333],[137.52075,35.27356],[137.43031,35.22296],[137.41681,35.2404],[137.40893,35.23491],[137.38656,35.24128],[137.38287,35.2602],[137.3441,35.25786],[137.34463,35.27372],[137.30755,35.29109],[137.27509,35.29049],[137.26266,35.2852],[137.25741,35.27256],[137.22334,35.25595],[137.18667,35.25306],[137.16537,35.28321],[137.14583,35.2798],[137.13159,35.29363],[137.10233,35.30165],[137.09603,35.29055],[137.08131,35.29219],[137.08184,35.30512],[137.06677,35.30897],[137.06352,35.3182],[137.07298,35.32646],[137.06822,35.33568],[137.04713,35.3369],[137.04694,35.36567],[137.00212,35.38148],[136.98896,35.40116],[136.97826,35.40318],[136.99309,35.42426],[136.96866,35.42205],[136.96182,35.41756],[136.96171,35.39977],[136.92207,35.37918],[136.86493,35.37261],[136.83377,35.35592],[136.80075,35.36093],[136.79446,35.36833],[136.77287,35.36934],[136.76187,35.36112],[136.72573,35.29561],[136.67793,35.24151],[136.68313,35.19983],[136.67232,35.18878],[136.67123,35.13984],[136.67639,35.12887],[136.69519,35.12461],[136.75046,35.07985],[136.7534,35.05302],[136.76969,35.02258],[136.79388,35.01446],[136.79661,35.02226],[136.78077,35.03354],[136.80046,35.02901],[136.79693,35.05149],[136.83008,35.05025],[136.83361,35.06393],[136.81866,35.06456],[136.82695,35.08206],[136.84734,35.08305],[136.8426,35.05928],[136.85548,35.05659],[136.85514,35.07758],[136.86247,35.06978],[136.86854,35.08821],[136.88821,35.09366],[136.8966,35.08498],[136.89005,35.07796],[136.89608,35.07649],[136.88342,35.07058],[136.87922,35.04739],[136.88926,35.04225],[136.86909,35.04165],[136.85201,35.0164],[136.86996,35.00863],[136.84966,35.01062],[136.84384,35.00474],[136.85456,35.00263],[136.83774,34.9867],[136.82546,34.99397],[136.83867,34.98005],[136.8206,34.96639],[136.82889,34.96137],[136.8217,34.88423],[136.83277,34.87445],[136.83793,34.88439],[136.83722,34.87587],[136.85586,34.86461],[136.86661,34.83801],[136.84028,34.7639],[136.86079,34.73878],[136.88845,34.72097],[136.93343,34.70224],[136.93559,34.7082],[136.97183,34.695],[136.97734,34.70386],[136.96773,34.70968],[136.97301,34.71697],[136.96197,34.72119],[136.96958,34.72432],[136.96651,34.73199],[136.91456,34.77233],[136.92537,34.81399],[136.92221,34.83058],[136.9354,34.83004],[136.92622,34.85146],[136.93456,34.84848],[136.9366,34.8561],[136.9277,34.86495],[136.93972,34.86144],[136.94601,34.87416],[136.93432,34.87468],[136.94416,34.88089],[136.95876,34.87108],[136.96419,34.87652],[136.95718,34.88111],[136.9717,34.90851],[136.98104,34.95685],[136.98639,34.95198],[136.97735,34.89461],[136.98383,34.89326],[136.9768,34.8933],[136.97061,34.87748],[136.97625,34.87529],[136.96807,34.87488],[136.95529,34.85484],[136.96504,34.85223],[136.95422,34.84833],[136.95674,34.83329],[136.96442,34.82276],[137.00086,34.81349],[137.00022,34.80468],[137.02511,34.77794],[137.04323,34.77562],[137.07626,34.78706],[137.08769,34.7753],[137.10678,34.79125],[137.13122,34.78206],[137.13613,34.78905],[137.15259,34.78132],[137.1704,34.78683],[137.17784,34.77925],[137.16818,34.76824],[137.17794,34.76567],[137.19002,34.77716],[137.18619,34.79286],[137.19344,34.80885],[137.21374,34.80311],[137.21445,34.81588],[137.22287,34.81681],[137.21607,34.82319],[137.25786,34.80439],[137.27763,34.80403],[137.27747,34.81019],[137.29284,34.8045],[137.28859,34.81283],[137.31403,34.80092],[137.31672,34.7965],[137.30333,34.79294],[137.30854,34.77881],[137.3256,34.78553],[137.33104,34.78051],[137.32043,34.76934],[137.32031,34.73283],[137.35176,34.72746],[137.33292,34.71898],[137.30857,34.72462],[137.30848,34.70211],[137.32506,34.70236],[137.32232,34.69378],[137.30824,34.69206],[137.31583,34.68851],[137.31107,34.68228],[137.28616,34.68021],[137.29046,34.69373],[137.30088,34.69378],[137.30093,34.72807],[137.28483,34.73095],[137.26173,34.71591],[137.26224,34.69686],[137.24548,34.70621],[137.23267,34.69914],[137.24325,34.6889],[137.23302,34.6887],[137.22359,34.67563],[137.20779,34.67847],[137.16303,34.65506],[137.12978,34.65601],[137.14081,34.64557],[137.11941,34.63464],[137.10256,34.63281],[137.10643,34.64272],[137.08508,34.64718],[137.09083,34.65732],[137.06995,34.66192],[137.01514,34.58044],[137.14089,34.58967],[137.18668,34.6087],[137.18974,34.60175],[137.30887,34.63973],[137.48496,34.67411],[137.49179,34.70246],[137.47411,34.74994],[137.47672,34.77479],[137.49294,34.78687],[137.48701,34.81175],[137.50166,34.82335],[137.49997,34.83129],[137.54227,34.84205],[137.55159,34.85186],[137.58702,34.85004],[137.59753,34.8725],[137.63359,34.88549],[137.65813,34.943],[137.6755,34.94535],[137.69613,34.97143],[137.70725,34.97228],[137.69991,34.98484],[137.70813,34.99446],[137.70105,35.00354],[137.71735,35.03515],[137.77567,35.07798],[137.77827,35.09962],[137.79297,35.09555],[137.80099,35.10571],[137.79314,35.13522],[137.80586,35.13112],[137.81511,35.15272],[137.82896,35.15191],[137.82129,35.15844],[137.82547,35.1682],[137.8032,35.18312],[137.81575,35.18734],[137.82166,35.20319],[137.83111,35.20545],[137.82753,35.21075],[137.83812,35.21247],[137.82675,35.21595],[137.7791,35.20275],[137.76772,35.20689],[137.76802,35.21846],[137.75946,35.22212],[137.72394,35.22164],[137.72148,35.23088],[137.68126,35.23509],[137.65392,35.22671],[137.64462,35.20901],[137.6155,35.21048],[137.57881,35.19841],[137.57873,35.21944],[137.546,35.25179],[137.5579,35.26523],[137.55576,35.27455],[137.57075,35.2831],[137.56198,35.28932]]],[[[137.11431,34.64609],[137.11336,34.64352],[137.11569,34.64333],[137.11598,34.64604],[137.11431,34.64609]]],[[[137.12443,34.64973],[137.12628,34.64775],[137.12829,34.64824],[137.12443,34.64973]]],[[[137.12583,34.65278],[137.12461,34.65221],[137.12523,34.65018],[137.12659,34.65018],[137.12738,34.65132],[137.12653,34.65329],[137.12583,34.65278]]],[[[137.09334,34.65326],[137.09188,34.65368],[137.09146,34.65231],[137.09334,34.65326]]],[[[137.00863,34.65965],[137.00651,34.65839],[137.00774,34.65663],[137.00906,34.65742],[137.00863,34.65965]]],[[[136.99949,34.6811],[136.99808,34.68098],[136.998,34.67942],[136.99987,34.67915],[136.99949,34.6811]]],[[[137.00572,34.68074],[137.00356,34.68075],[137.00356,34.68255],[137.00181,34.68255],[137.00223,34.67931],[137.00572,34.67987],[137.00572,34.68074]]],[[[137.00837,34.6856],[136.99819,34.67161],[137.00322,34.66649],[137.00837,34.6856]]],[[[137.00856,34.69193],[137.0068,34.69206],[137.00794,34.69121],[137.00856,34.69193]]],[[[137.00762,34.70914],[136.99693,34.70167],[137.01337,34.70709],[137.00762,34.70914]]],[[[137.25326,34.71545],[137.2519,34.71334],[137.24943,34.71404],[137.24629,34.71264],[137.2472,34.71133],[137.25084,34.71104],[137.25326,34.71545]]],[[[137.04633,34.71986],[137.04431,34.71779],[137.0444,34.7159],[137.04633,34.71986]]],[[[137.04095,34.73242],[137.03142,34.72318],[137.04409,34.7265],[137.05246,34.71575],[137.05467,34.72675],[137.04095,34.73242]]],[[[137.275,34.73972],[137.28668,34.74642],[137.28664,34.74649],[137.275,34.73972]]],[[[137.31881,34.74849],[137.30806,34.73505],[137.31869,34.73312],[137.31881,34.74849]]],[[[137.10246,34.76946],[137.09884,34.76867],[137.09859,34.76603],[137.10379,34.76738],[137.10259,34.76754],[137.10246,34.76946]]],[[[137.1475,34.77341],[137.14471,34.77224],[137.14477,34.7708],[137.14752,34.77112],[137.1475,34.77341]]],[[[137.14591,34.78002],[137.14328,34.779],[137.14575,34.77832],[137.14591,34.78002]]],[[[137.23577,34.78947],[137.23441,34.7905],[137.22868,34.7878],[137.22923,34.78665],[137.23491,34.78668],[137.23577,34.78947]]],[[[137.29863,34.8099],[137.3015,34.79805],[137.31137,34.79906],[137.29863,34.8099]]],[[[137.23192,34.81216],[137.23131,34.80986],[137.23229,34.81061],[137.23192,34.81216]]],[[[136.95714,34.8276],[136.95489,34.83049],[136.94601,34.82482],[136.94556,34.82002],[136.95816,34.82797],[136.95714,34.8276]]],[[[136.80583,34.87764],[136.79845,34.87558],[136.80875,34.83927],[136.82447,34.84874],[136.82393,34.85652],[136.80583,34.87764]]],[[[136.82205,34.96094],[136.81102,34.95478],[136.82027,34.94977],[136.82205,34.96094]]],[[[136.82168,35.00804],[136.82168,35.01764],[136.80022,35.00361],[136.81199,34.99603],[136.82168,35.00804]]],[[[136.8309,35.04937],[136.81004,35.04931],[136.81085,35.02665],[136.83897,35.0302],[136.8309,35.04937]]],[[[136.84867,35.05605],[136.83798,35.05184],[136.84552,35.03391],[136.85496,35.05531],[136.84867,35.05605]]],[[[136.87816,35.07192],[136.86946,35.06806],[136.86525,35.05001],[136.87645,35.05366],[136.87816,35.07192]]]]}},{"type":"Feature","properties":{"P":"三重県","code":"24"},"geometry":{"type":"MultiPolygon","coordinates":[[[[136.41513,35.21774],[136.41796,35.20371],[136.40995,35.18646],[136.42446,35.18451],[136.45454,35.16246],[136.455,35.15241],[136.44439,35.14934],[136.43564,35.13066],[136.44802,35.12384],[136.43997,35.11663],[136.44211,35.08615],[136.43527,35.08249],[136.4416,35.06672],[136.41785,35.0495],[136.41703,35.03378],[136.42389,35.02865],[136.41712,35.0196],[136.41587,34.9808],[136.39479,34.95142],[136.37269,34.94226],[136.37524,34.92451],[136.36781,34.9219],[136.3661,34.90501],[136.31323,34.88697],[136.29272,34.8703],[136.27712,34.87421],[136.25068,34.85773],[136.19807,34.86986],[136.17908,34.87968],[136.17839,34.88712],[136.13153,34.88313],[136.11077,34.90182],[136.09479,34.8878],[136.08748,34.89062],[136.08562,34.87725],[136.10317,34.86969],[136.12442,34.8723],[136.12638,34.86202],[136.10739,34.85276],[136.1044,34.84057],[136.0861,34.83764],[136.09519,34.8191],[136.09062,34.81223],[136.02027,34.79037],[136.03358,34.77944],[136.0286,34.75746],[136.03813,34.75622],[136.06803,34.72389],[136.07014,34.71258],[136.05358,34.70479],[136.07508,34.6977],[136.08646,34.67535],[136.07778,34.65876],[136.06451,34.65196],[136.03955,34.6614],[136.06485,34.65156],[136.07358,34.63409],[136.04657,34.60056],[136.04977,34.58027],[136.08336,34.55933],[136.11059,34.55645],[136.11452,34.54593],[136.1384,34.56095],[136.1555,34.55973],[136.171,34.53745],[136.1674,34.52017],[136.18212,34.51675],[136.21521,34.52896],[136.21467,34.50131],[136.22976,34.49186],[136.21556,34.48115],[136.20536,34.44835],[136.15824,34.44901],[136.15144,34.44185],[136.12967,34.4455],[136.0959,34.43522],[136.0887,34.42872],[136.09027,34.41604],[136.06914,34.39426],[136.08959,34.37384],[136.10236,34.33605],[136.12951,34.31617],[136.0949,34.30145],[136.09783,34.28882],[136.12055,34.27017],[136.11806,34.2606],[136.13185,34.2519],[136.13031,34.24287],[136.10971,34.22804],[136.11828,34.21437],[136.09758,34.20247],[136.09268,34.19039],[136.10886,34.18514],[136.10446,34.17361],[136.11469,34.16082],[136.10195,34.14133],[136.1084,34.12678],[136.09943,34.11874],[136.10787,34.10309],[136.10236,34.09603],[136.11865,34.08232],[136.09331,34.08288],[136.09223,34.04817],[136.10447,34.02696],[136.09638,34.02246],[136.07266,34.03386],[136.05197,34.03231],[136.04346,34.04068],[136.03173,34.03187],[136.01963,34.03679],[136.00368,34.01351],[136.00464,34.00226],[135.99535,34.00134],[136.01194,33.9668],[135.99916,33.95578],[135.98815,33.9677],[135.97761,33.96698],[135.97746,33.94739],[135.96655,33.92772],[135.92954,33.94143],[135.93133,33.93386],[135.92183,33.93433],[135.91729,33.92506],[135.93361,33.91746],[135.8937,33.92001],[135.89558,33.90664],[135.87896,33.90836],[135.88833,33.89493],[135.88534,33.88386],[135.89273,33.88177],[135.89162,33.89342],[135.90131,33.88541],[135.89763,33.86975],[135.8786,33.87195],[135.87766,33.86361],[135.86707,33.8599],[135.86212,33.87655],[135.85325,33.8623],[135.86059,33.84896],[135.85803,33.8162],[135.89091,33.80168],[135.90691,33.7671],[135.92837,33.75402],[135.93799,33.75741],[135.94122,33.73574],[135.96352,33.72431],[135.97609,33.72309],[135.9717,33.73173],[135.97867,33.73686],[136.01305,33.72411],[136.07199,33.85053],[136.11813,33.89881],[136.13054,33.8851],[136.13871,33.8915],[136.13482,33.89933],[136.15039,33.8993],[136.13885,33.90801],[136.15169,33.91224],[136.14921,33.93055],[136.1724,33.92605],[136.16976,33.91335],[136.17982,33.91281],[136.19862,33.91969],[136.1979,33.9347],[136.1821,33.93962],[136.2034,33.94404],[136.21321,33.93866],[136.2101,33.93128],[136.21876,33.93568],[136.21748,33.94768],[136.23176,33.94629],[136.22488,33.96683],[136.21651,33.96537],[136.2216,33.97453],[136.2027,33.96317],[136.19172,33.97109],[136.21543,33.98325],[136.21134,34.00006],[136.22693,33.98872],[136.25156,33.98519],[136.23627,33.98164],[136.23794,33.9693],[136.24903,33.97268],[136.25348,33.96432],[136.27085,33.97132],[136.2723,33.98836],[136.26005,33.98863],[136.25692,33.99786],[136.26717,33.99405],[136.2712,34.00585],[136.24233,34.01427],[136.26333,34.01067],[136.28089,34.02268],[136.24436,34.03845],[136.24323,34.05974],[136.2528,34.06124],[136.211,34.06303],[136.20095,34.07533],[136.23638,34.08674],[136.22801,34.10023],[136.26821,34.12912],[136.27594,34.12266],[136.24812,34.10295],[136.2507,34.09326],[136.25917,34.08841],[136.26672,34.10276],[136.27289,34.09993],[136.26486,34.09712],[136.27244,34.08556],[136.26707,34.08159],[136.29068,34.09703],[136.29699,34.08733],[136.30779,34.11342],[136.31549,34.11534],[136.28401,34.11808],[136.29178,34.12715],[136.27655,34.13764],[136.28608,34.14966],[136.27758,34.16043],[136.28881,34.15688],[136.30318,34.17988],[136.32282,34.18627],[136.33439,34.18116],[136.33877,34.19626],[136.32206,34.19624],[136.33686,34.19802],[136.35278,34.21168],[136.36013,34.20781],[136.34874,34.20447],[136.35068,34.19559],[136.3575,34.19922],[136.3627,34.18907],[136.39072,34.21926],[136.40016,34.21898],[136.39357,34.21226],[136.3989,34.20285],[136.42943,34.21962],[136.45238,34.21957],[136.45996,34.22422],[136.45233,34.22802],[136.45551,34.24212],[136.44043,34.24791],[136.45644,34.2459],[136.46603,34.25704],[136.4737,34.24857],[136.46046,34.24459],[136.46264,34.23258],[136.48282,34.228],[136.48195,34.21995],[136.49594,34.22454],[136.51011,34.23204],[136.48553,34.23881],[136.48708,34.24497],[136.50484,34.24313],[136.49077,34.25221],[136.49424,34.25879],[136.51924,34.24072],[136.50832,34.25249],[136.50557,34.27896],[136.5192,34.26784],[136.53091,34.27293],[136.52681,34.25995],[136.54115,34.27845],[136.53747,34.25606],[136.54769,34.25052],[136.55778,34.26732],[136.54925,34.28292],[136.56023,34.2755],[136.55875,34.28526],[136.5905,34.29482],[136.59714,34.29091],[136.59473,34.28087],[136.58888,34.28645],[136.57871,34.27959],[136.58093,34.28588],[136.57115,34.27811],[136.58965,34.27211],[136.58885,34.26658],[136.58065,34.27423],[136.58585,34.25747],[136.60529,34.25863],[136.61822,34.27316],[136.6351,34.27573],[136.63631,34.28521],[136.65985,34.28968],[136.65011,34.29243],[136.67694,34.31543],[136.63688,34.30881],[136.65113,34.32327],[136.65825,34.31878],[136.65825,34.32802],[136.67274,34.32466],[136.66462,34.32962],[136.67069,34.33723],[136.65605,34.34069],[136.66141,34.34551],[136.67639,34.33861],[136.69115,34.34541],[136.67828,34.33744],[136.68763,34.33563],[136.68326,34.32372],[136.69528,34.33502],[136.69384,34.34857],[136.70786,34.3488],[136.70645,34.33628],[136.71342,34.34647],[136.7156,34.33938],[136.72665,34.3432],[136.72272,34.33405],[136.73,34.33385],[136.71642,34.33128],[136.7161,34.32329],[136.71339,34.33111],[136.70413,34.32867],[136.70937,34.31798],[136.69814,34.32404],[136.70269,34.32109],[136.68729,34.30141],[136.69075,34.29361],[136.68426,34.29315],[136.68777,34.28406],[136.7211,34.30435],[136.76403,34.29255],[136.75354,34.29791],[136.76503,34.30457],[136.76241,34.31593],[136.76849,34.31037],[136.77722,34.31521],[136.77204,34.30885],[136.782,34.30568],[136.77313,34.29639],[136.78248,34.29966],[136.77866,34.29171],[136.79219,34.28834],[136.81155,34.29851],[136.79189,34.30861],[136.80702,34.3282],[136.8056,34.3083],[136.82233,34.31541],[136.8359,34.3073],[136.8478,34.31432],[136.84009,34.30996],[136.84804,34.30391],[136.82766,34.30096],[136.84276,34.29489],[136.85041,34.3],[136.84771,34.29122],[136.86626,34.28872],[136.83575,34.2916],[136.83833,34.28447],[136.82881,34.28592],[136.833,34.2714],[136.84362,34.27163],[136.84502,34.28002],[136.85842,34.27972],[136.85365,34.27416],[136.86269,34.27145],[136.85311,34.2722],[136.84908,34.26398],[136.84854,34.27298],[136.8339,34.2592],[136.83642,34.2655],[136.82885,34.25959],[136.82699,34.2723],[136.81737,34.27329],[136.81233,34.26317],[136.81129,34.27311],[136.7709,34.27873],[136.75105,34.27059],[136.76538,34.26065],[136.84767,34.24652],[136.85297,34.26172],[136.87247,34.26504],[136.86995,34.27343],[136.90131,34.27796],[136.88416,34.29867],[136.89234,34.31291],[136.87767,34.33356],[136.88191,34.34548],[136.90738,34.36511],[136.89214,34.3656],[136.8668,34.34269],[136.86356,34.3647],[136.85223,34.35572],[136.85323,34.36711],[136.84663,34.37027],[136.8372,34.35497],[136.82657,34.35266],[136.81239,34.36756],[136.8336,34.36151],[136.84709,34.37204],[136.85789,34.3638],[136.8708,34.36996],[136.86834,34.37567],[136.87698,34.37122],[136.86977,34.38691],[136.88042,34.38014],[136.88809,34.3909],[136.88596,34.38442],[136.89739,34.38907],[136.89801,34.37868],[136.91246,34.37604],[136.90947,34.39847],[136.92755,34.41277],[136.91888,34.42648],[136.92281,34.44582],[136.89711,34.45369],[136.89777,34.44708],[136.88291,34.43984],[136.88984,34.43499],[136.8758,34.42874],[136.88416,34.44966],[136.86535,34.45457],[136.87029,34.45919],[136.86473,34.46246],[136.87184,34.46236],[136.87719,34.47446],[136.84731,34.48052],[136.84547,34.49148],[136.83475,34.49159],[136.83281,34.50591],[136.82412,34.50396],[136.8284,34.48688],[136.81613,34.48441],[136.81001,34.5081],[136.77322,34.50991],[136.72251,34.54265],[136.66686,34.55833],[136.6411,34.59201],[136.56491,34.60768],[136.56262,34.61451],[136.54877,34.60693],[136.52854,34.61033],[136.54916,34.63096],[136.54846,34.66626],[136.55766,34.67138],[136.52158,34.68954],[136.53871,34.76409],[136.62573,34.8683],[136.64691,34.90417],[136.64575,34.93441],[136.66687,34.937],[136.66313,34.94541],[136.64847,34.94684],[136.64111,34.93875],[136.63384,34.94891],[136.64487,34.95397],[136.6378,34.95964],[136.64614,34.95909],[136.65573,34.99792],[136.67614,35.00839],[136.7,35.00721],[136.69768,35.02034],[136.7495,35.03652],[136.76307,35.02142],[136.77271,35.02439],[136.7534,35.05302],[136.75046,35.07985],[136.69519,35.12461],[136.66963,35.13373],[136.6527,35.16286],[136.64468,35.16277],[136.64522,35.14457],[136.61555,35.14993],[136.6023,35.17804],[136.58763,35.18468],[136.57606,35.20225],[136.55974,35.20676],[136.55683,35.22069],[136.54748,35.2202],[136.55045,35.23286],[136.54101,35.23723],[136.53417,35.25709],[136.51601,35.25389],[136.50598,35.23506],[136.46582,35.23748],[136.44222,35.21707],[136.4309,35.2294],[136.41513,35.21774]]],[[[136.25997,34.06124],[136.256,34.06047],[136.25953,34.05802],[136.26345,34.05843],[136.26233,34.0609],[136.25997,34.06124]]],[[[136.25302,34.07321],[136.25195,34.0726],[136.25533,34.06895],[136.25676,34.0703],[136.25302,34.07321]]],[[[136.36304,34.15213],[136.36297,34.14869],[136.36603,34.14847],[136.36593,34.1511],[136.36304,34.15213]]],[[[136.30407,34.16366],[136.30014,34.16248],[136.30134,34.15936],[136.30035,34.15736],[136.30275,34.15706],[136.30558,34.15876],[136.30489,34.15947],[136.30739,34.16015],[136.30408,34.1612],[136.30407,34.16366]]],[[[136.31952,34.17142],[136.32035,34.16885],[136.31956,34.16615],[136.32266,34.16502],[136.32053,34.16697],[136.32125,34.17025],[136.31952,34.17142]]],[[[136.31892,34.17507],[136.31789,34.17448],[136.31985,34.17246],[136.32038,34.17344],[136.31892,34.17507]]],[[[136.33535,34.17923],[136.33549,34.17774],[136.33691,34.17832],[136.33535,34.17923]]],[[[136.37813,34.19596],[136.37655,34.1954],[136.37977,34.19394],[136.37813,34.19596]]],[[[136.81384,34.2307],[136.81263,34.23237],[136.81202,34.23015],[136.81384,34.2307]]],[[[136.81704,34.23522],[136.81742,34.23712],[136.81636,34.23747],[136.81704,34.23522]]],[[[136.55132,34.24274],[136.54945,34.24271],[136.54993,34.24175],[136.55132,34.24274]]],[[[136.55064,34.24955],[136.54781,34.24406],[136.55523,34.24282],[136.55064,34.24955]]],[[[136.83832,34.26599],[136.83734,34.26514],[136.8381,34.26449],[136.83948,34.26585],[136.83832,34.26599]]],[[[136.83777,34.26937],[136.83832,34.26688],[136.84155,34.26756],[136.83777,34.26937]]],[[[136.80331,34.27733],[136.80276,34.27564],[136.80789,34.2739],[136.80331,34.27733]]],[[[136.57795,34.28647],[136.57348,34.28466],[136.57389,34.28322],[136.57795,34.28647]]],[[[136.8255,34.28641],[136.82305,34.28644],[136.8244,34.28514],[136.82676,34.2858],[136.8255,34.28641]]],[[[136.8309,34.29139],[136.82788,34.28966],[136.83248,34.28907],[136.8309,34.29139]]],[[[136.81787,34.29314],[136.80796,34.28751],[136.82036,34.2882],[136.81787,34.29314]]],[[[136.82235,34.29566],[136.82064,34.29445],[136.82406,34.29303],[136.82263,34.29132],[136.82581,34.2887],[136.8278,34.29057],[136.82504,34.29271],[136.82493,34.29443],[136.82235,34.29566]]],[[[136.81698,34.29715],[136.81664,34.29553],[136.81768,34.29621],[136.81698,34.29715]]],[[[136.82482,34.30027],[136.8201,34.29695],[136.82556,34.29642],[136.82482,34.29894],[136.82609,34.29941],[136.82482,34.30027]]],[[[136.6826,34.30054],[136.67995,34.29661],[136.68029,34.29531],[136.68234,34.2955],[136.68362,34.29725],[136.6826,34.30054]]],[[[136.81655,34.30107],[136.81287,34.30074],[136.81315,34.29937],[136.81655,34.30107]]],[[[136.81873,34.30265],[136.81748,34.30142],[136.81944,34.30132],[136.81997,34.29928],[136.82206,34.29997],[136.81873,34.30265]]],[[[136.80081,34.3099],[136.79937,34.3104],[136.79917,34.30926],[136.802,34.30881],[136.80081,34.3099]]],[[[136.82018,34.31145],[136.81107,34.30622],[136.8263,34.30702],[136.82018,34.31145]]],[[[136.71856,34.34064],[136.71515,34.33832],[136.71336,34.33417],[136.71754,34.33482],[136.71948,34.33828],[136.71856,34.34064]]],[[[136.87633,34.3678],[136.8663,34.36474],[136.87367,34.35778],[136.87633,34.3678]]],[[[136.88899,34.45357],[136.88791,34.45219],[136.88911,34.45085],[136.89082,34.45281],[136.88899,34.45357]]],[[[136.89784,34.46097],[136.89306,34.45848],[136.89169,34.45627],[136.89524,34.45606],[136.89784,34.46097]]],[[[136.84693,34.48427],[136.84572,34.48372],[136.84623,34.48252],[136.84795,34.48336],[136.84693,34.48427]]],[[[136.85962,34.49076],[136.85111,34.48739],[136.86361,34.48552],[136.85962,34.49076]]],[[[136.9004,34.50142],[136.89691,34.49957],[136.89887,34.49981],[136.9004,34.50142]]],[[[136.90408,34.50313],[136.87662,34.49326],[136.87313,34.48381],[136.88807,34.47731],[136.90665,34.4903],[136.90408,34.50313]]],[[[136.83763,34.50732],[136.83555,34.50669],[136.83607,34.50274],[136.83843,34.50622],[136.83763,34.50732]]],[[[136.8445,34.52027],[136.83567,34.51717],[136.84064,34.51585],[136.84724,34.51947],[136.8445,34.52027]]],[[[136.85763,34.52113],[136.86033,34.51981],[136.86245,34.52078],[136.85763,34.52113]]],[[[136.73914,34.53617],[136.73769,34.53722],[136.73706,34.53547],[136.73914,34.53617]]],[[[136.89862,34.53869],[136.8688,34.52932],[136.87949,34.52658],[136.84704,34.50773],[136.87541,34.5092],[136.89421,34.5231],[136.90398,34.51957],[136.89862,34.53869]]],[[[136.73324,34.54003],[136.73134,34.53741],[136.73215,34.53595],[136.73461,34.53629],[136.73324,34.54003]]],[[[136.91651,34.54439],[136.90759,34.5432],[136.90773,34.54157],[136.91256,34.53994],[136.91651,34.54439]]],[[[136.92547,34.55],[136.92365,34.54919],[136.92479,34.54854],[136.92547,34.55]]],[[[136.98157,34.55222],[136.97638,34.54723],[136.98202,34.54055],[136.9877,34.54958],[136.98157,34.55222]]],[[[136.673,34.99794],[136.65281,34.99185],[136.65013,34.97735],[136.66562,34.97294],[136.67758,34.98702],[136.66129,34.99347],[136.673,34.99794]]]]}},{"type":"Feature","properties":{"P":"滋賀県","code":"25"},"geometry":{"type":"Polygon","coordinates":[[[135.76879,35.35601],[135.76407,35.34456],[135.78082,35.34056],[135.79087,35.3238],[135.80878,35.31688],[135.82962,35.27674],[135.84008,35.27555],[135.85708,35.28904],[135.86076,35.28296],[135.82932,35.22048],[135.84539,35.16536],[135.85676,35.15362],[135.83505,35.09133],[135.83485,35.05555],[135.81478,35.04483],[135.82737,35.02213],[135.83452,35.02208],[135.83546,35.01233],[135.82046,35.01453],[135.83656,35.00123],[135.82709,34.99161],[135.84927,34.99173],[135.8567,34.98246],[135.85228,34.97135],[135.87868,34.94721],[135.87118,34.90995],[135.86313,34.9037],[135.86664,34.89214],[135.88872,34.88129],[135.88501,34.87564],[135.89967,34.8714],[135.94089,34.89368],[135.94619,34.85178],[135.9614,34.85466],[135.97205,34.84605],[135.96985,34.83813],[136.00399,34.84434],[136.00538,34.82656],[136.02771,34.8218],[136.01017,34.79846],[136.02673,34.79057],[136.09062,34.81223],[136.09519,34.8191],[136.0861,34.83764],[136.1044,34.84057],[136.10739,34.85276],[136.12638,34.86202],[136.12442,34.8723],[136.10317,34.86969],[136.08562,34.87725],[136.08748,34.89062],[136.09479,34.8878],[136.11077,34.90182],[136.13153,34.88313],[136.17839,34.88712],[136.17908,34.87968],[136.19807,34.86986],[136.25068,34.85773],[136.27712,34.87421],[136.29272,34.8703],[136.31323,34.88697],[136.3661,34.90501],[136.36781,34.9219],[136.37524,34.92451],[136.37269,34.94226],[136.39479,34.95142],[136.41587,34.9808],[136.41712,35.0196],[136.42389,35.02865],[136.41703,35.03378],[136.41785,35.0495],[136.4416,35.06672],[136.43527,35.08249],[136.44211,35.08615],[136.43997,35.11663],[136.44802,35.12384],[136.43564,35.13066],[136.44439,35.14934],[136.455,35.15241],[136.45454,35.16246],[136.42446,35.18451],[136.40995,35.18646],[136.41569,35.21719],[136.37734,35.24341],[136.39694,35.25791],[136.39115,35.2902],[136.40685,35.30526],[136.42233,35.34839],[136.41048,35.35279],[136.41191,35.3699],[136.43689,35.37913],[136.44425,35.38958],[136.41181,35.4186],[136.42617,35.44816],[136.42036,35.46623],[136.40177,35.46994],[136.38688,35.48841],[136.40564,35.51339],[136.4004,35.53008],[136.38425,35.53309],[136.37244,35.55977],[136.36252,35.55848],[136.35666,35.53991],[136.34606,35.53623],[136.33732,35.55025],[136.3175,35.5474],[136.32422,35.58512],[136.31507,35.6062],[136.32368,35.61652],[136.31556,35.6234],[136.28856,35.62059],[136.27916,35.63669],[136.28053,35.66128],[136.23441,35.68246],[136.21181,35.68245],[136.19128,35.70236],[136.15136,35.69843],[136.13449,35.66982],[136.1491,35.6611],[136.17684,35.59835],[136.16647,35.58265],[136.16904,35.56547],[136.11414,35.58296],[136.10645,35.52899],[136.08323,35.54056],[136.06923,35.52625],[136.04835,35.53453],[136.02663,35.52952],[136.00434,35.49097],[135.98095,35.48669],[135.97265,35.50011],[135.95237,35.50622],[135.94702,35.52048],[135.93965,35.52054],[135.91611,35.47112],[135.9098,35.44687],[135.91416,35.43211],[135.89298,35.41985],[135.89057,35.40318],[135.86453,35.39442],[135.8532,35.41154],[135.8138,35.41331],[135.80753,35.38536],[135.79089,35.38664],[135.76879,35.35601]]]}},{"type":"Feature","properties":{"P":"京都府","code":"26"},"geometry":{"type":"MultiPolygon","coordinates":[[[[135.4866,35.55794],[135.47324,35.5571],[135.46506,35.5712],[135.45183,35.56772],[135.44785,35.57824],[135.45611,35.58478],[135.45254,35.59143],[135.4625,35.59234],[135.46273,35.60372],[135.43407,35.59074],[135.42675,35.5665],[135.41335,35.57009],[135.40224,35.56123],[135.39854,35.56664],[135.39013,35.55655],[135.37938,35.56204],[135.3482,35.54294],[135.34299,35.55194],[135.33625,35.53397],[135.3447,35.52103],[135.33863,35.52286],[135.34967,35.51931],[135.34355,35.50424],[135.37979,35.50245],[135.3941,35.5172],[135.39822,35.47889],[135.37161,35.47705],[135.38268,35.48473],[135.37964,35.49035],[135.36068,35.48751],[135.34755,35.49444],[135.34955,35.48639],[135.34113,35.48124],[135.34897,35.48167],[135.34748,35.47532],[135.31671,35.45115],[135.31091,35.45807],[135.32188,35.47655],[135.31678,35.4796],[135.33209,35.49517],[135.33182,35.516],[135.32345,35.52565],[135.31058,35.51228],[135.28966,35.51591],[135.2693,35.53334],[135.24264,35.53721],[135.23653,35.55001],[135.24247,35.56021],[135.25116,35.56073],[135.25361,35.55248],[135.27483,35.56016],[135.25098,35.57043],[135.24766,35.58753],[135.25486,35.58812],[135.25615,35.5985],[135.23776,35.58157],[135.22781,35.58527],[135.22537,35.56793],[135.20417,35.55954],[135.21087,35.54828],[135.20671,35.54041],[135.19249,35.54019],[135.18659,35.55798],[135.19265,35.57085],[135.24476,35.62069],[135.26515,35.66482],[135.28778,35.67561],[135.29448,35.67057],[135.28774,35.66476],[135.30275,35.66212],[135.29891,35.67904],[135.30866,35.69376],[135.28634,35.70499],[135.2885,35.72433],[135.27333,35.73111],[135.27417,35.74289],[135.25718,35.74438],[135.25112,35.75053],[135.25515,35.75899],[135.24714,35.75714],[135.22347,35.77919],[135.20699,35.76391],[135.19305,35.76736],[135.14675,35.74989],[135.13859,35.75765],[135.12435,35.74569],[135.08577,35.73988],[135.08526,35.72578],[135.06149,35.70801],[135.0342,35.70137],[135.02557,35.68951],[134.98556,35.69201],[134.96558,35.67476],[134.96307,35.66223],[134.93141,35.64834],[134.8837,35.64664],[134.88568,35.65667],[134.8675,35.65823],[134.8739,35.62116],[134.85404,35.58928],[134.91481,35.54494],[134.91513,35.52771],[134.9269,35.51253],[134.96072,35.513],[134.99342,35.53431],[135.03003,35.54027],[135.03695,35.53857],[135.04363,35.51773],[135.04516,35.50869],[135.03242,35.49759],[135.04216,35.49406],[135.03534,35.47498],[135.05182,35.44249],[135.04874,35.40736],[135.03003,35.4101],[135.01924,35.39412],[134.99055,35.38571],[134.98548,35.39621],[134.95955,35.40897],[134.94615,35.41331],[134.93413,35.40738],[134.92341,35.39428],[134.92717,35.37955],[134.91894,35.36444],[134.92347,35.35424],[134.91721,35.34016],[134.92806,35.33024],[134.9247,35.31166],[134.99929,35.29084],[135.01191,35.28051],[135.01048,35.26974],[135.03747,35.26069],[135.05694,35.26448],[135.06787,35.23735],[135.10807,35.26597],[135.15725,35.26123],[135.16686,35.24034],[135.15469,35.2267],[135.19706,35.20302],[135.1991,35.19358],[135.18671,35.19022],[135.18687,35.17317],[135.20563,35.16101],[135.22557,35.16389],[135.23203,35.17746],[135.2741,35.17723],[135.29001,35.17104],[135.29173,35.1601],[135.27854,35.15108],[135.28762,35.14273],[135.34096,35.14966],[135.34177,35.13625],[135.38981,35.12877],[135.38803,35.09713],[135.40428,35.08899],[135.39954,35.0761],[135.36873,35.05489],[135.38004,35.03911],[135.38155,35.01038],[135.40977,35.01153],[135.42039,35.00221],[135.44018,35.00769],[135.49261,34.98934],[135.48316,34.98187],[135.48846,34.96657],[135.48194,34.96523],[135.48692,34.95734],[135.48086,34.95029],[135.49461,34.94084],[135.5147,34.94373],[135.51727,34.93348],[135.53699,34.92553],[135.54106,34.91531],[135.58126,34.92245],[135.58105,34.93704],[135.5628,34.93342],[135.56308,34.94219],[135.55749,34.93432],[135.56313,34.95366],[135.57858,34.95589],[135.57294,34.97137],[135.58299,34.97667],[135.5921,34.96611],[135.61326,34.9712],[135.61863,34.95796],[135.59975,34.92805],[135.63297,34.93462],[135.64962,34.92488],[135.6485,34.90955],[135.67577,34.8993],[135.69491,34.84828],[135.70772,34.84927],[135.74646,34.80247],[135.72863,34.778],[135.73335,34.75478],[135.75706,34.73592],[135.75565,34.72754],[135.79196,34.72473],[135.84902,34.70597],[135.87614,34.71388],[135.89017,34.70944],[135.89739,34.73087],[135.9253,34.75772],[135.92557,34.74034],[135.9429,34.73749],[135.95492,34.74829],[135.95865,34.74026],[135.98357,34.73447],[135.98616,34.71531],[136.00932,34.71661],[136.01387,34.7078],[136.02878,34.70635],[136.043,34.73611],[136.05548,34.73856],[136.0286,34.75746],[136.03358,34.77944],[136.01017,34.79846],[136.02771,34.8218],[136.00538,34.82656],[136.00399,34.84434],[135.96985,34.83813],[135.97205,34.84605],[135.9614,34.85466],[135.94619,34.85178],[135.94089,34.89368],[135.8973,34.8713],[135.86664,34.89214],[135.86313,34.9037],[135.87118,34.90995],[135.87868,34.94721],[135.85228,34.97135],[135.8567,34.98246],[135.84927,34.99173],[135.82748,34.99112],[135.83656,35.00123],[135.82024,35.01335],[135.83546,35.01233],[135.81478,35.04483],[135.83485,35.05555],[135.83505,35.09133],[135.85676,35.15362],[135.84539,35.16536],[135.82932,35.22048],[135.83735,35.22596],[135.83476,35.24125],[135.85843,35.28923],[135.84008,35.27555],[135.82962,35.27674],[135.80878,35.31688],[135.79087,35.3238],[135.78082,35.34056],[135.76407,35.34456],[135.76879,35.35601],[135.71894,35.3553],[135.70099,35.34369],[135.64236,35.36672],[135.52754,35.38022],[135.52579,35.42042],[135.50205,35.42003],[135.49779,35.43755],[135.45845,35.46807],[135.4763,35.48968],[135.47622,35.50549],[135.44944,35.52605],[135.46048,35.54846],[135.4866,35.55794]]],[[[135.33429,35.47466],[135.32951,35.47035],[135.33136,35.46955],[135.33393,35.47061],[135.336,35.47322],[135.33429,35.47466]]],[[[135.34432,35.48978],[135.34425,35.48806],[135.34617,35.48886],[135.34432,35.48978]]],[[[135.36799,35.49843],[135.3674,35.49665],[135.36854,35.49608],[135.36799,35.49843]]],[[[135.34239,35.49752],[135.33857,35.49361],[135.34769,35.49604],[135.34239,35.49752]]],[[[135.47749,35.56808],[135.47614,35.56751],[135.48107,35.56636],[135.48067,35.56771],[135.47749,35.56808]]],[[[135.39245,35.5779],[135.39284,35.5744],[135.39417,35.57381],[135.39531,35.57639],[135.39245,35.5779]]],[[[135.3905,35.57857],[135.38963,35.58041],[135.38892,35.5794],[135.3905,35.57857]]],[[[135.47891,35.60515],[135.47448,35.59525],[135.48047,35.59298],[135.47891,35.60515]]],[[[135.28565,35.66569],[135.28429,35.66729],[135.28177,35.66612],[135.28565,35.66569]]],[[[135.42522,35.68742],[135.42499,35.68461],[135.4213,35.68021],[135.42343,35.67647],[135.42769,35.68139],[135.42677,35.68661],[135.42522,35.68742]]],[[[135.43694,35.71294],[135.43793,35.7089],[135.43882,35.70947],[135.43694,35.71294]]],[[[135.08294,35.73835],[135.08157,35.7371],[135.08306,35.73626],[135.08414,35.73687],[135.08294,35.73835]]]]}},{"type":"Feature","properties":{"P":"大阪府","code":"27"},"geometry":{"type":"MultiPolygon","coordinates":[[[[135.37125,35.04529],[135.35003,35.05119],[135.33107,35.03571],[135.3398,35.02588],[135.35472,35.02461],[135.35256,34.99039],[135.35953,34.98252],[135.35055,34.98025],[135.34635,34.96465],[135.36073,34.95442],[135.3828,34.95582],[135.39235,34.94137],[135.41184,34.94402],[135.41848,34.93389],[135.44159,34.93938],[135.4682,34.92755],[135.4636,34.91831],[135.4393,34.9205],[135.4187,34.90848],[135.42745,34.90559],[135.43074,34.89243],[135.44582,34.89652],[135.43136,34.85642],[135.418,34.85231],[135.42428,34.83657],[135.41599,34.81769],[135.42374,34.80205],[135.44266,34.79099],[135.46,34.7338],[135.44709,34.73305],[135.44581,34.71809],[135.4073,34.6971],[135.42226,34.67963],[135.40825,34.67182],[135.41667,34.67321],[135.41739,34.66376],[135.42627,34.66782],[135.41436,34.65206],[135.42046,34.6602],[135.42578,34.65028],[135.44992,34.64668],[135.45267,34.63494],[135.44716,34.6147],[135.4413,34.62618],[135.43129,34.62181],[135.43296,34.61302],[135.42343,34.61898],[135.42341,34.61077],[135.4375,34.61077],[135.44657,34.60186],[135.42354,34.60492],[135.42555,34.59334],[135.43813,34.58885],[135.4606,34.59486],[135.46233,34.58738],[135.44939,34.58697],[135.46578,34.58279],[135.45009,34.58341],[135.45761,34.57572],[135.4514,34.57498],[135.45237,34.5648],[135.44151,34.58295],[135.42619,34.58962],[135.42943,34.5707],[135.42082,34.56968],[135.41576,34.59373],[135.40207,34.59967],[135.41054,34.56075],[135.44479,34.55722],[135.43206,34.53123],[135.39009,34.50548],[135.38954,34.51288],[135.38174,34.51168],[135.38602,34.51747],[135.37833,34.53189],[135.36716,34.51704],[135.37865,34.51089],[135.37086,34.50273],[135.37593,34.47322],[135.36614,34.4807],[135.37222,34.47167],[135.36354,34.46579],[135.36266,34.47234],[135.35347,34.45135],[135.35204,34.45792],[135.3325,34.43496],[135.3249,34.43694],[135.3228,34.4244],[135.318,34.43093],[135.31965,34.42094],[135.29453,34.41507],[135.28835,34.39726],[135.24867,34.37645],[135.22151,34.34646],[135.15294,34.33115],[135.14,34.31774],[135.13056,34.32617],[135.092,34.31504],[135.10592,34.30886],[135.09693,34.29597],[135.11163,34.27182],[135.13662,34.27351],[135.14796,34.28386],[135.15379,34.27428],[135.18454,34.27891],[135.20524,34.28863],[135.20939,34.30796],[135.22501,34.30086],[135.25424,34.31575],[135.28281,34.31791],[135.29291,34.29924],[135.30397,34.31371],[135.32978,34.31718],[135.3402,34.33529],[135.39741,34.33053],[135.40922,34.34194],[135.42479,34.33997],[135.43456,34.34841],[135.46571,34.34733],[135.48538,34.36283],[135.50904,34.33684],[135.57712,34.37605],[135.65383,34.38335],[135.68018,34.4089],[135.66429,34.42311],[135.68674,34.44876],[135.68472,34.4853],[135.67301,34.5029],[135.67717,34.52488],[135.65034,34.54425],[135.65692,34.56228],[135.68176,34.58478],[135.67577,34.60155],[135.65012,34.60783],[135.65906,34.61503],[135.66432,34.65129],[135.6787,34.67776],[135.6734,34.70225],[135.70402,34.72362],[135.69709,34.74424],[135.7103,34.75429],[135.70964,34.78017],[135.72657,34.77586],[135.74646,34.80247],[135.70772,34.84927],[135.69491,34.84828],[135.68269,34.88784],[135.67138,34.90238],[135.6485,34.90955],[135.64854,34.92599],[135.6304,34.93515],[135.59975,34.92805],[135.61863,34.95796],[135.61326,34.9712],[135.5921,34.96611],[135.58299,34.97667],[135.57294,34.97137],[135.57858,34.95589],[135.56313,34.95366],[135.55749,34.93432],[135.56308,34.94219],[135.5628,34.93342],[135.58105,34.93704],[135.58126,34.92245],[135.54106,34.91531],[135.53699,34.92553],[135.51727,34.93348],[135.5147,34.94373],[135.49461,34.94084],[135.48086,34.95029],[135.48692,34.95734],[135.48194,34.96523],[135.48846,34.96657],[135.48316,34.98187],[135.49261,34.98934],[135.44018,35.00769],[135.42039,35.00221],[135.40977,35.01153],[135.38155,35.01038],[135.38004,35.03911],[135.37125,35.04529]]],[[[135.23333,34.43409],[135.25421,34.45114],[135.24158,34.45522],[135.20116,34.42809],[135.20617,34.42311],[135.22943,34.43088],[135.21912,34.42222],[135.22769,34.41348],[135.26513,34.4378],[135.25176,34.44412],[135.23333,34.43409]]],[[[135.33907,34.4693],[135.32807,34.44979],[135.33301,34.44473],[135.34721,34.45869],[135.33907,34.4693]]],[[[135.35478,34.4887],[135.35109,34.4657],[135.35957,34.4737],[135.35478,34.4887]]],[[[135.39693,34.53194],[135.38836,34.524],[135.39517,34.51811],[135.40269,34.52556],[135.39693,34.53194]]],[[[135.43767,34.55563],[135.42023,34.53798],[135.41133,34.542],[135.41588,34.54999],[135.40945,34.55443],[135.39917,34.53649],[135.42147,34.52481],[135.44081,34.54926],[135.43767,34.55563]]],[[[135.38966,34.62828],[135.40267,34.61211],[135.42043,34.61292],[135.41843,34.61955],[135.38966,34.62828]]],[[[135.34936,34.62007],[135.35864,34.62759],[135.35329,34.63241],[135.34398,34.62273],[135.34936,34.62007]]],[[[135.41691,34.64468],[135.39878,34.63856],[135.3985,34.63134],[135.41228,34.6372],[135.40748,34.6295],[135.4221,34.62195],[135.4417,34.62921],[135.4393,34.64121],[135.41691,34.64468]]],[[[135.37963,34.66092],[135.3729,34.65208],[135.37894,34.64319],[135.3928,34.64184],[135.40452,34.65372],[135.37963,34.66092]]],[[[135.40276,34.67308],[135.38685,34.66268],[135.40978,34.65904],[135.40276,34.67308]]]]}},{"type":"Feature","properties":{"P":"兵庫県","code":"28"},"geometry":{"type":"MultiPolygon","coordinates":[[[[134.8675,35.65823],[134.8531,35.65955],[134.8405,35.64248],[134.83356,35.64879],[134.83926,35.65567],[134.82133,35.65627],[134.79835,35.6704],[134.78419,35.66096],[134.76507,35.66075],[134.76379,35.67472],[134.75744,35.66119],[134.74598,35.66616],[134.73419,35.65795],[134.72498,35.667],[134.70707,35.66655],[134.70479,35.65294],[134.68821,35.66544],[134.68637,35.65564],[134.67445,35.66093],[134.66321,35.64815],[134.65777,35.65816],[134.66597,35.66542],[134.65744,35.66548],[134.6163,35.63928],[134.60073,35.65803],[134.5786,35.66018],[134.57713,35.6524],[134.56397,35.65642],[134.56017,35.65047],[134.53756,35.67013],[134.50472,35.6611],[134.45305,35.629],[134.44049,35.62889],[134.43867,35.63578],[134.43208,35.62029],[134.42062,35.62434],[134.40501,35.61567],[134.36994,35.61458],[134.4083,35.58907],[134.40777,35.56529],[134.4219,35.56218],[134.42551,35.54189],[134.4127,35.5149],[134.43088,35.50247],[134.44032,35.4428],[134.48011,35.42695],[134.47138,35.38003],[134.5135,35.35409],[134.50192,35.32654],[134.5148,35.30767],[134.50928,35.29378],[134.51524,35.27723],[134.46177,35.24403],[134.46282,35.2367],[134.44802,35.23794],[134.43532,35.22917],[134.40281,35.24102],[134.397,35.22762],[134.38252,35.22172],[134.38299,35.19469],[134.41207,35.18546],[134.40618,35.16578],[134.41163,35.15196],[134.36739,35.14696],[134.35035,35.09104],[134.31908,35.08344],[134.31687,35.04353],[134.28117,35.03688],[134.26444,35.01669],[134.26576,35.00497],[134.28645,34.99659],[134.27059,34.9829],[134.27696,34.96333],[134.25373,34.93909],[134.27309,34.93255],[134.29501,34.90746],[134.26268,34.88393],[134.26708,34.87548],[134.25284,34.85231],[134.26531,34.84045],[134.2624,34.82888],[134.28745,34.8288],[134.28793,34.82156],[134.3171,34.80195],[134.31583,34.78104],[134.33479,34.76889],[134.32153,34.76171],[134.31303,34.7384],[134.32353,34.73248],[134.32173,34.72195],[134.33967,34.73889],[134.36382,34.74085],[134.35883,34.75128],[134.38528,34.72612],[134.41412,34.72904],[134.43434,34.7476],[134.42587,34.75436],[134.43309,34.76617],[134.4553,34.76821],[134.45054,34.75378],[134.46432,34.76427],[134.45663,34.7804],[134.46559,34.78932],[134.46791,34.79827],[134.45953,34.80323],[134.46517,34.80888],[134.47725,34.78561],[134.46968,34.7843],[134.47465,34.75547],[134.49974,34.77448],[134.50468,34.76123],[134.52682,34.78275],[134.57005,34.75795],[134.58644,34.76186],[134.58484,34.76873],[134.60544,34.77948],[134.61279,34.7781],[134.61139,34.76786],[134.62388,34.76942],[134.6287,34.77843],[134.62244,34.78376],[134.64392,34.78341],[134.63197,34.77256],[134.64573,34.76732],[134.65555,34.78838],[134.65011,34.77067],[134.6635,34.78474],[134.67028,34.78002],[134.65974,34.77382],[134.66787,34.7706],[134.68531,34.77816],[134.69284,34.77018],[134.70193,34.77209],[134.70025,34.77775],[134.74631,34.7688],[134.76611,34.7606],[134.75723,34.75184],[134.76332,34.74849],[134.78546,34.74141],[134.78944,34.74641],[134.79715,34.73249],[134.81538,34.73116],[134.8088,34.71848],[134.82658,34.70635],[134.84821,34.71959],[134.9076,34.67528],[134.92967,34.67103],[134.97207,34.64282],[135.01956,34.64281],[135.04559,34.62474],[135.1493,34.64902],[135.18323,34.64948],[135.17741,34.66384],[135.18738,34.66688],[135.17765,34.67043],[135.18869,34.67102],[135.18376,34.6778],[135.19015,34.68552],[135.20235,34.67866],[135.2189,34.69549],[135.23831,34.69327],[135.22799,34.70005],[135.28798,34.70399],[135.28173,34.71244],[135.29427,34.71946],[135.32357,34.71797],[135.32439,34.72558],[135.33586,34.7257],[135.36294,34.70611],[135.3539,34.69682],[135.36324,34.68846],[135.36849,34.69631],[135.37375,34.69302],[135.37123,34.68077],[135.37761,34.69266],[135.39994,34.69982],[135.37384,34.67858],[135.39197,34.68004],[135.40635,34.6976],[135.44695,34.71913],[135.44709,34.73305],[135.46,34.7338],[135.44266,34.79099],[135.42374,34.80205],[135.41599,34.81769],[135.42428,34.83657],[135.418,34.85231],[135.43136,34.85642],[135.44582,34.89652],[135.43074,34.89243],[135.42745,34.90559],[135.4187,34.90848],[135.4393,34.9205],[135.4636,34.91831],[135.46852,34.92543],[135.44159,34.93938],[135.41848,34.93389],[135.41184,34.94402],[135.39235,34.94137],[135.3828,34.95582],[135.36073,34.95442],[135.34507,34.96685],[135.35055,34.98025],[135.35953,34.98252],[135.35256,34.99039],[135.35472,35.02461],[135.3398,35.02588],[135.33107,35.03571],[135.35003,35.05119],[135.37125,35.04529],[135.37661,35.06602],[135.39954,35.0761],[135.40428,35.08899],[135.38768,35.09915],[135.3912,35.12648],[135.34177,35.13625],[135.34096,35.14966],[135.28762,35.14273],[135.27854,35.15108],[135.29173,35.1601],[135.29001,35.17104],[135.2741,35.17723],[135.23203,35.17746],[135.22557,35.16389],[135.20563,35.16101],[135.18687,35.17317],[135.18671,35.19022],[135.1991,35.19358],[135.19706,35.20302],[135.15469,35.2267],[135.16686,35.24034],[135.15725,35.26123],[135.10807,35.26597],[135.06787,35.23735],[135.05694,35.26448],[135.03747,35.26069],[135.01048,35.26974],[135.01191,35.28051],[134.99929,35.29084],[134.9247,35.31166],[134.92806,35.33024],[134.91721,35.34016],[134.92347,35.35424],[134.91894,35.36444],[134.92717,35.37955],[134.92341,35.39428],[134.93413,35.40738],[134.94615,35.41331],[134.95955,35.40897],[134.98548,35.39621],[134.99055,35.38571],[135.01924,35.39412],[135.03003,35.4101],[135.04874,35.40736],[135.05182,35.44249],[135.03534,35.47498],[135.04216,35.49406],[135.03242,35.49759],[135.04516,35.50869],[135.03695,35.53857],[135.03003,35.54027],[134.99342,35.53431],[134.96072,35.513],[134.9269,35.51253],[134.91513,35.52771],[134.91481,35.54494],[134.85411,35.58851],[134.8739,35.62116],[134.8675,35.65823]]],[[[134.82144,34.17954],[134.81302,34.15609],[134.83056,34.16458],[134.82144,34.17954]]],[[[134.71142,34.2496],[134.70963,34.24907],[134.71195,34.24858],[134.71142,34.2496]]],[[[134.9478,34.29803],[134.94558,34.29743],[134.94552,34.29551],[134.9472,34.29307],[134.9521,34.2924],[134.95241,34.28776],[134.9581,34.28176],[134.95609,34.27718],[134.95726,34.27642],[134.95846,34.27759],[134.95831,34.28173],[134.95335,34.28907],[134.95253,34.29272],[134.9478,34.29803]]],[[[135.01332,34.55741],[135.01158,34.55784],[135.01126,34.55668],[135.01332,34.55741]]],[[[134.46146,34.59678],[134.4614,34.59433],[134.46282,34.59564],[134.46146,34.59678]]],[[[134.46776,34.59757],[134.46621,34.59511],[134.46746,34.59534],[134.46776,34.59757]]],[[[134.48401,34.59993],[134.47946,34.59964],[134.47929,34.59749],[134.47654,34.59579],[134.4764,34.59312],[134.48364,34.59511],[134.48552,34.59841],[134.48401,34.59993]]],[[[134.46757,34.60238],[134.4668,34.60436],[134.46585,34.60298],[134.46757,34.60238]]],[[[135.00425,34.60833],[134.97656,34.59805],[134.93507,34.54942],[134.87603,34.52213],[134.84109,34.47101],[134.81869,34.46944],[134.79746,34.44852],[134.7654,34.38916],[134.75492,34.38556],[134.72962,34.32956],[134.7061,34.32112],[134.68734,34.33116],[134.67397,34.31755],[134.65429,34.29317],[134.66273,34.28922],[134.65943,34.27238],[134.67178,34.26857],[134.67593,34.25618],[134.65888,34.24071],[134.68177,34.24837],[134.70083,34.24139],[134.72189,34.2549],[134.72174,34.24149],[134.71017,34.23892],[134.6999,34.22128],[134.7282,34.209],[134.73409,34.18872],[134.80044,34.19999],[134.84635,34.23103],[134.95164,34.26653],[134.95514,34.27714],[134.94896,34.27434],[134.94396,34.29712],[134.92097,34.31144],[134.9135,34.33889],[134.89408,34.35185],[134.89494,34.41662],[134.89933,34.41387],[134.91123,34.42972],[134.90537,34.43238],[134.9163,34.43509],[134.924,34.44405],[134.91838,34.44635],[134.9398,34.45866],[134.93447,34.45932],[134.95845,34.48885],[134.98603,34.51114],[134.99926,34.552],[135.02449,34.57414],[135.02384,34.58888],[135.00425,34.60833]]],[[[134.47219,34.61267],[134.47132,34.6097],[134.47454,34.61066],[134.47219,34.61267]]],[[[134.50097,34.6361],[134.49768,34.6352],[134.49628,34.63095],[134.49701,34.6299],[134.49892,34.6293],[134.50028,34.63084],[134.49954,34.63464],[134.50097,34.6361]]],[[[134.48226,34.64082],[134.48,34.6393],[134.48181,34.63968],[134.48226,34.64082]]],[[[135.23655,34.64081],[135.21374,34.64002],[135.20928,34.63014],[135.24049,34.63311],[135.23655,34.64081]]],[[[134.99451,34.6446],[134.99106,34.6443],[134.99325,34.64341],[134.99451,34.6446]]],[[[134.58555,34.6433],[134.58547,34.64443],[134.58327,34.64423],[134.58693,34.63798],[134.588,34.63812],[134.58555,34.6433]]],[[[134.53371,34.64652],[134.53056,34.64574],[134.52924,34.64269],[134.53434,34.64327],[134.53371,34.64652]]],[[[134.44111,34.65389],[134.43464,34.65194],[134.43337,34.64828],[134.43498,34.64722],[134.43656,34.64943],[134.44135,34.64882],[134.44111,34.65389]]],[[[134.52813,34.65703],[134.52683,34.65689],[134.52687,34.65466],[134.52946,34.65527],[134.52813,34.65703]]],[[[134.51559,34.65959],[134.5012,34.64637],[134.51455,34.63652],[134.51789,34.64404],[134.51001,34.64901],[134.51824,34.65021],[134.51559,34.65959]]],[[[135.28019,34.65135],[135.28046,34.66608],[135.27454,34.66542],[135.28019,34.65135]]],[[[134.48733,34.67161],[134.48185,34.65835],[134.46381,34.66425],[134.4585,34.64525],[134.46765,34.64036],[134.48084,34.6499],[134.49076,34.64768],[134.48438,34.64108],[134.5001,34.6441],[134.49009,34.65828],[134.49602,34.66794],[134.48733,34.67161]]],[[[134.57338,34.67668],[134.56183,34.66804],[134.57601,34.65089],[134.59121,34.66543],[134.57338,34.67668]]],[[[135.35968,34.6723],[135.35376,34.6765],[135.31705,34.67763],[135.35374,34.67643],[135.35968,34.6723]]],[[[134.60788,34.67934],[134.60646,34.6769],[134.60837,34.67732],[134.61056,34.67587],[134.61106,34.67771],[134.60788,34.67934]]],[[[135.22,34.68278],[135.20323,34.67713],[135.20236,34.65924],[135.21715,34.65008],[135.24511,34.65082],[135.23889,34.66125],[135.22815,34.65797],[135.23645,34.66529],[135.2334,34.67105],[135.22112,34.66731],[135.23189,34.67343],[135.21778,34.67268],[135.22552,34.67789],[135.22,34.68278]]],[[[134.53559,34.68655],[134.50832,34.67713],[134.5419,34.65819],[134.54613,34.67928],[134.52819,34.67698],[134.53559,34.68655]]],[[[134.63788,34.68746],[134.63608,34.6868],[134.63615,34.6855],[134.63845,34.68555],[134.63822,34.6838],[134.63998,34.68343],[134.64084,34.68535],[134.63788,34.68746]]],[[[134.71489,34.68852],[134.71323,34.68839],[134.71364,34.68543],[134.71491,34.68548],[134.71489,34.68852]]],[[[135.2814,34.6973],[135.25221,34.6933],[135.25446,34.67776],[135.29051,34.6817],[135.27877,34.68967],[135.2891,34.69087],[135.2814,34.6973]]],[[[134.87155,34.70078],[134.86491,34.70284],[134.86897,34.69579],[134.85737,34.69198],[134.8776,34.68441],[134.88399,34.69187],[134.87155,34.70078]]],[[[134.85562,34.71025],[134.84788,34.71225],[134.85315,34.70573],[134.84592,34.70825],[134.84002,34.69671],[134.85323,34.69414],[134.86212,34.70744],[134.85562,34.71025]]],[[[135.34326,34.71537],[135.347,34.70287],[135.35305,34.70733],[135.34326,34.71537]]],[[[135.32211,34.71208],[135.30623,34.7133],[135.30694,34.70616],[135.32095,34.70485],[135.31652,34.70993],[135.32211,34.71208]]],[[[135.30395,34.70998],[135.30329,34.71688],[135.29387,34.71761],[135.29335,34.70473],[135.30395,34.70998]]],[[[135.33031,34.72211],[135.32483,34.71037],[135.33879,34.71095],[135.34027,34.71789],[135.33031,34.72211]]],[[[134.49323,34.74122],[134.49276,34.73985],[134.49369,34.73991],[134.49323,34.74122]]],[[[134.46364,34.74927],[134.46321,34.74767],[134.46464,34.74766],[134.46364,34.74927]]],[[[134.49896,34.74997],[134.49919,34.74829],[134.50005,34.7492],[134.49896,34.74997]]],[[[134.43968,34.76392],[134.43841,34.76546],[134.43544,34.76313],[134.43817,34.7614],[134.43968,34.76392]]],[[[134.45326,34.76646],[134.45155,34.76705],[134.45182,34.76603],[134.45326,34.76646]]],[[[134.70195,34.7708],[134.69267,34.76827],[134.69086,34.7602],[134.69794,34.75996],[134.70195,34.7708]]],[[[134.60555,34.77221],[134.59307,34.76952],[134.59581,34.7618],[134.60555,34.77221]]],[[[134.66337,34.76544],[134.66226,34.77251],[134.65722,34.76517],[134.66337,34.76544]]],[[[134.38531,35.61848],[134.3845,35.61632],[134.38565,35.61586],[134.38531,35.61848]]],[[[134.64532,35.65956],[134.64289,35.65928],[134.64384,35.65832],[134.64532,35.65956]]],[[[134.63639,35.66086],[134.63575,35.6594],[134.63835,35.65847],[134.6384,35.66008],[134.63639,35.66086]]],[[[134.50283,35.66286],[134.50175,35.66219],[134.50296,35.66035],[134.50369,35.66209],[134.50283,35.66286]]],[[[134.67238,35.66608],[134.67059,35.66238],[134.6721,35.66089],[134.67421,35.66287],[134.67238,35.66608]]]]}},{"type":"Feature","properties":{"P":"奈良県","code":"29"},"geometry":{"type":"Polygon","coordinates":[[[135.87483,33.8616],[135.87331,33.87045],[135.88269,33.87887],[135.85866,33.89481],[135.86576,33.92194],[135.89395,33.90615],[135.8937,33.92001],[135.90908,33.91847],[135.8925,33.94597],[135.92211,33.97851],[135.94125,33.97576],[135.98461,33.99164],[136.01963,34.03679],[136.03173,34.03187],[136.04346,34.04068],[136.05197,34.03231],[136.07266,34.03386],[136.09638,34.02246],[136.10447,34.02696],[136.09223,34.04817],[136.09331,34.08288],[136.11865,34.08232],[136.10236,34.09603],[136.10787,34.10309],[136.09943,34.11874],[136.1084,34.12678],[136.10195,34.14133],[136.11469,34.16082],[136.10446,34.17361],[136.10886,34.18514],[136.09268,34.19039],[136.09758,34.20247],[136.11828,34.21437],[136.10971,34.22804],[136.13031,34.24287],[136.13185,34.2519],[136.11806,34.2606],[136.12055,34.27017],[136.09783,34.28882],[136.0949,34.30145],[136.12951,34.31617],[136.10236,34.33605],[136.08959,34.37384],[136.06914,34.39426],[136.09027,34.41604],[136.0887,34.42872],[136.0959,34.43522],[136.12967,34.4455],[136.15144,34.44185],[136.15824,34.44901],[136.20536,34.44835],[136.21556,34.48115],[136.22978,34.49329],[136.21467,34.50131],[136.21521,34.52896],[136.18212,34.51675],[136.1674,34.52017],[136.171,34.53745],[136.1555,34.55973],[136.1384,34.56095],[136.11452,34.54593],[136.11059,34.55645],[136.08336,34.55933],[136.04977,34.58027],[136.04657,34.60056],[136.07358,34.63409],[136.06485,34.65156],[136.03955,34.6614],[136.06451,34.65196],[136.07778,34.65876],[136.08646,34.67535],[136.07508,34.6977],[136.05358,34.70479],[136.07107,34.71468],[136.05548,34.73856],[136.043,34.73611],[136.02878,34.70635],[136.01387,34.7078],[136.00932,34.71661],[135.98616,34.71531],[135.97589,34.74112],[135.95865,34.74026],[135.95492,34.74829],[135.9429,34.73749],[135.92557,34.74034],[135.92442,34.75767],[135.89739,34.73087],[135.89017,34.70944],[135.87614,34.71388],[135.84902,34.70597],[135.79196,34.72473],[135.75565,34.72754],[135.75706,34.73592],[135.73335,34.75478],[135.72916,34.77746],[135.71197,34.78133],[135.70985,34.75313],[135.69709,34.74424],[135.70402,34.72362],[135.6734,34.70225],[135.6787,34.67776],[135.66432,34.65129],[135.65906,34.61503],[135.65012,34.60783],[135.67577,34.60155],[135.68176,34.58478],[135.65692,34.56228],[135.65034,34.54425],[135.67693,34.52553],[135.67301,34.5029],[135.68472,34.4853],[135.68698,34.45146],[135.67861,34.43236],[135.66429,34.42311],[135.67783,34.41334],[135.67635,34.40052],[135.65113,34.38321],[135.66353,34.35544],[135.659,34.334],[135.66813,34.32575],[135.67276,34.28148],[135.68081,34.27062],[135.69247,34.27827],[135.71621,34.26558],[135.73018,34.2283],[135.70779,34.20824],[135.66977,34.22455],[135.64352,34.21562],[135.63412,34.19908],[135.64511,34.19067],[135.64196,34.18319],[135.6206,34.16852],[135.62192,34.15842],[135.58817,34.14652],[135.57879,34.11637],[135.54729,34.10033],[135.54979,34.08498],[135.5397,34.07538],[135.56706,34.05735],[135.58049,34.05791],[135.59966,34.03202],[135.59361,34.01328],[135.62333,34.00892],[135.63868,33.98515],[135.63695,33.95055],[135.61693,33.95382],[135.61023,33.91287],[135.59999,33.90826],[135.6062,33.89912],[135.62287,33.89796],[135.6265,33.88323],[135.61796,33.87206],[135.64799,33.8769],[135.6622,33.88908],[135.6606,33.89757],[135.68538,33.90372],[135.72411,33.90329],[135.75594,33.88519],[135.80182,33.89582],[135.8086,33.90647],[135.85113,33.89439],[135.86219,33.86272],[135.87483,33.8616]]]}},{"type":"Feature","properties":{"P":"和歌山県","code":"30"},"geometry":{"type":"MultiPolygon","coordinates":[[[[135.85792,33.87315],[135.85113,33.89439],[135.8086,33.90647],[135.80182,33.89582],[135.75594,33.88519],[135.72411,33.90329],[135.68538,33.90372],[135.6606,33.89757],[135.6622,33.88908],[135.64799,33.8769],[135.61796,33.87206],[135.6265,33.88323],[135.62287,33.89796],[135.60111,33.90257],[135.61405,33.92514],[135.60946,33.93208],[135.61849,33.94144],[135.61693,33.95382],[135.63695,33.95055],[135.63868,33.98515],[135.62333,34.00892],[135.59361,34.01328],[135.59966,34.03202],[135.58049,34.05791],[135.56706,34.05735],[135.5397,34.07538],[135.54979,34.08498],[135.54626,34.0981],[135.57879,34.11637],[135.59086,34.149],[135.62192,34.15842],[135.6206,34.16852],[135.6449,34.18846],[135.63448,34.20459],[135.64808,34.21899],[135.67769,34.22344],[135.70779,34.20824],[135.73018,34.2283],[135.71621,34.26558],[135.69247,34.27827],[135.68081,34.27062],[135.67276,34.28148],[135.66813,34.32575],[135.659,34.334],[135.66353,34.35544],[135.65113,34.38321],[135.57712,34.37605],[135.50628,34.33629],[135.50175,34.3502],[135.48538,34.36283],[135.46571,34.34733],[135.43456,34.34841],[135.42479,34.33997],[135.40922,34.34194],[135.39741,34.33053],[135.3402,34.33529],[135.32978,34.31718],[135.30397,34.31371],[135.29291,34.29924],[135.28281,34.31791],[135.24877,34.3142],[135.22501,34.30086],[135.20939,34.30796],[135.20465,34.28807],[135.15379,34.27428],[135.14796,34.28386],[135.13662,34.27351],[135.11064,34.27237],[135.09693,34.29597],[135.10363,34.31097],[135.07672,34.30744],[135.06999,34.29815],[135.07376,34.27721],[135.06144,34.26343],[135.08955,34.26082],[135.12308,34.24159],[135.13274,34.22988],[135.10039,34.23561],[135.11039,34.22698],[135.13953,34.22541],[135.13352,34.21911],[135.14348,34.21929],[135.13991,34.21207],[135.15012,34.20027],[135.147,34.19459],[135.13725,34.20105],[135.13983,34.18847],[135.1506,34.1822],[135.16424,34.18773],[135.17676,34.17662],[135.17272,34.18629],[135.17997,34.18691],[135.18265,34.1587],[135.193,34.15824],[135.18414,34.14832],[135.20949,34.14942],[135.17081,34.13377],[135.12607,34.13677],[135.12184,34.1305],[135.13276,34.13404],[135.13098,34.12213],[135.14333,34.10966],[135.11425,34.11913],[135.11079,34.09681],[135.09687,34.09362],[135.08961,34.07342],[135.07851,34.07346],[135.13554,34.06476],[135.14637,34.05611],[135.14616,34.04532],[135.16108,34.046],[135.15852,34.03814],[135.16768,34.0373],[135.17152,34.02769],[135.13692,34.01687],[135.15141,34.00944],[135.14766,34.00517],[135.11848,33.99893],[135.10949,33.98904],[135.09351,33.99321],[135.08807,33.97921],[135.06766,33.97682],[135.0857,33.96871],[135.07437,33.95994],[135.07998,33.95584],[135.09521,33.95774],[135.10184,33.96665],[135.11679,33.96027],[135.08897,33.94914],[135.09062,33.94327],[135.08104,33.94116],[135.08504,33.93521],[135.0683,33.93166],[135.06549,33.92632],[135.07928,33.92559],[135.07522,33.91762],[135.08224,33.91929],[135.08352,33.91032],[135.07616,33.90304],[135.05898,33.90489],[135.06491,33.89616],[135.05741,33.88092],[135.11191,33.89338],[135.14192,33.88482],[135.18609,33.81951],[135.20875,33.80881],[135.21702,33.81418],[135.23586,33.79787],[135.23467,33.78189],[135.27069,33.78263],[135.29826,33.76386],[135.31426,33.76888],[135.32467,33.75973],[135.32732,33.74207],[135.35406,33.74366],[135.35747,33.73746],[135.3479,33.73253],[135.35419,33.72632],[135.36828,33.73147],[135.387,33.71466],[135.39916,33.7204],[135.39596,33.70349],[135.3862,33.69349],[135.38198,33.70261],[135.37706,33.69497],[135.38295,33.69121],[135.37288,33.68922],[135.37782,33.68275],[135.36643,33.68608],[135.3605,33.67956],[135.35377,33.68358],[135.35617,33.69503],[135.3359,33.69515],[135.3441,33.68051],[135.32967,33.67029],[135.34263,33.65879],[135.37728,33.65324],[135.39138,33.64301],[135.39333,33.62737],[135.3985,33.6312],[135.38604,33.59998],[135.3926,33.58856],[135.40328,33.58722],[135.40871,33.57584],[135.41802,33.58055],[135.42021,33.56913],[135.44386,33.56322],[135.44638,33.54893],[135.49083,33.54913],[135.48701,33.54282],[135.51042,33.53479],[135.51804,33.52187],[135.5695,33.51737],[135.58885,33.50327],[135.60645,33.50969],[135.6241,33.50248],[135.62923,33.50912],[135.67526,33.48778],[135.70178,33.49327],[135.70981,33.48808],[135.70867,33.47798],[135.71295,33.48572],[135.72708,33.47741],[135.7385,33.48491],[135.73941,33.47671],[135.75931,33.48437],[135.76744,33.48116],[135.76619,33.47229],[135.77475,33.47845],[135.77652,33.46341],[135.75043,33.45059],[135.75376,33.43644],[135.76465,33.43539],[135.76958,33.44693],[135.78726,33.43809],[135.79128,33.44857],[135.79796,33.44548],[135.78929,33.45791],[135.79662,33.46191],[135.78122,33.46334],[135.79847,33.4991],[135.82524,33.51459],[135.85473,33.51781],[135.87182,33.53362],[135.87836,33.52886],[135.92338,33.55903],[135.89097,33.55686],[135.92286,33.57604],[135.95954,33.58212],[135.96104,33.59513],[135.94546,33.59078],[135.94662,33.60433],[135.93479,33.59368],[135.92511,33.60761],[135.94502,33.61742],[135.94908,33.63028],[135.952,33.61852],[135.95275,33.6323],[135.93687,33.6421],[135.96101,33.65446],[135.97499,33.65672],[135.97901,33.64886],[135.98616,33.6552],[135.98832,33.66318],[135.9764,33.65951],[135.9718,33.67261],[135.98837,33.68451],[135.99252,33.70124],[136.01189,33.7233],[135.98089,33.73679],[135.97227,33.73437],[135.97609,33.72309],[135.96158,33.7251],[135.94122,33.73574],[135.93799,33.75741],[135.92837,33.75402],[135.90691,33.7671],[135.8924,33.80035],[135.85601,33.81931],[135.85792,33.87315]]],[[[135.88076,33.90937],[135.88022,33.91793],[135.86576,33.92194],[135.86894,33.91446],[135.85872,33.90119],[135.86013,33.88817],[135.88269,33.87887],[135.87331,33.87045],[135.87483,33.8616],[135.8786,33.87195],[135.89763,33.86975],[135.90164,33.88199],[135.8931,33.89349],[135.89273,33.88177],[135.88534,33.88386],[135.88076,33.90937]]],[[[136.00361,34.00988],[135.9746,33.98597],[135.94125,33.97576],[135.92211,33.97851],[135.89385,33.95007],[135.89921,33.92526],[135.92226,33.91411],[135.93249,33.91685],[135.93267,33.92266],[135.91729,33.92506],[135.92183,33.93433],[135.93133,33.93386],[135.92954,33.94143],[135.96791,33.92827],[135.97761,33.96698],[135.98815,33.9677],[135.99916,33.95578],[136.01333,33.96923],[135.99557,34.00005],[136.00464,34.00226],[136.00361,34.00988]]],[[[135.81898,33.4487],[135.81997,33.44629],[135.82037,33.44701],[135.81898,33.4487]]],[[[135.81869,33.45263],[135.81424,33.45048],[135.81319,33.45105],[135.81234,33.44966],[135.81356,33.44768],[135.81701,33.44593],[135.81701,33.44767],[135.82006,33.44922],[135.81921,33.45011],[135.82062,33.45091],[135.81869,33.45263]]],[[[135.83435,33.45457],[135.83446,33.45288],[135.83521,33.45338],[135.83435,33.45457]]],[[[135.80846,33.46383],[135.8077,33.4625],[135.80876,33.46213],[135.80846,33.46383]]],[[[135.81174,33.48136],[135.79759,33.46362],[135.82088,33.46225],[135.82162,33.45237],[135.83142,33.44897],[135.82917,33.45616],[135.83661,33.4529],[135.86266,33.47136],[135.81174,33.48136]]],[[[135.69296,33.48337],[135.6912,33.48289],[135.69196,33.48164],[135.69382,33.48246],[135.69296,33.48337]]],[[[135.62605,33.50196],[135.6245,33.50215],[135.62547,33.50019],[135.62667,33.50026],[135.62605,33.50196]]],[[[135.59109,33.5024],[135.5894,33.50162],[135.58924,33.5],[135.59266,33.49783],[135.59347,33.50054],[135.59109,33.5024]]],[[[135.82532,33.50554],[135.82452,33.50448],[135.82708,33.50348],[135.82532,33.50554]]],[[[135.84458,33.51513],[135.84346,33.51375],[135.84473,33.51336],[135.84458,33.51513]]],[[[135.95181,33.61575],[135.95217,33.61399],[135.95311,33.61376],[135.95181,33.61575]]],[[[135.94613,33.62208],[135.94701,33.61882],[135.94911,33.61926],[135.94613,33.62208]]],[[[135.94839,33.6267],[135.94875,33.62475],[135.94934,33.62487],[135.94839,33.6267]]],[[[135.39225,33.63542],[135.39073,33.63552],[135.39114,33.63429],[135.39225,33.63542]]],[[[135.35943,33.68604],[135.3608,33.68492],[135.36118,33.68573],[135.35943,33.68604]]],[[[135.36663,33.68855],[135.36455,33.68688],[135.36515,33.6863],[135.36754,33.68729],[135.36663,33.68855]]],[[[135.36433,33.69736],[135.3629,33.69682],[135.36324,33.69581],[135.36433,33.69736]]],[[[135.31415,33.75272],[135.31296,33.75241],[135.31469,33.74992],[135.31616,33.75043],[135.31415,33.75272]]],[[[135.14327,33.86332],[135.14769,33.85679],[135.15502,33.85818],[135.15607,33.85949],[135.15537,33.86228],[135.1463,33.86052],[135.14327,33.86332]]],[[[135.07396,33.95078],[135.07233,33.95035],[135.07362,33.94919],[135.07309,33.94733],[135.07558,33.948],[135.07621,33.94947],[135.07396,33.95078]]],[[[135.08712,33.9917],[135.08247,33.98877],[135.08952,33.98691],[135.08712,33.9917]]],[[[135.08991,34.00342],[135.08934,34.00222],[135.09239,34.00167],[135.09317,34.00256],[135.08991,34.00342]]],[[[135.09372,34.00785],[135.09137,34.00516],[135.0931,34.00295],[135.09986,34.00282],[135.10244,34.0041],[135.09501,34.00589],[135.095,34.00757],[135.09372,34.00785]]],[[[135.12134,34.01964],[135.11873,34.0184],[135.12229,34.01552],[135.12874,34.01762],[135.12134,34.01964]]],[[[135.13197,34.03203],[135.12952,34.03084],[135.13256,34.03144],[135.13197,34.03203]]],[[[135.13448,34.03479],[135.13488,34.03306],[135.13558,34.03347],[135.13448,34.03479]]],[[[135.07732,34.11516],[135.07488,34.1131],[135.07854,34.11003],[135.08353,34.11271],[135.08369,34.11425],[135.07732,34.11516]]],[[[135.10286,34.11813],[135.09856,34.11646],[135.09758,34.11451],[135.09803,34.1092],[135.10035,34.10813],[135.10535,34.11014],[135.10159,34.11431],[135.10286,34.11813]]],[[[135.18381,34.15262],[135.1842,34.15528],[135.18019,34.15572],[135.17762,34.1551],[135.1769,34.15212],[135.18138,34.1508],[135.18329,34.15116],[135.18381,34.15262]]],[[[135.17745,34.15906],[135.17629,34.15789],[135.17879,34.15791],[135.17881,34.15533],[135.18221,34.15585],[135.18085,34.159],[135.17745,34.15906]]],[[[135.17483,34.15687],[135.17395,34.15435],[135.17669,34.15219],[135.1774,34.15509],[135.17446,34.1558],[135.17483,34.15687]]],[[[135.13497,34.19123],[135.13417,34.19066],[135.13539,34.18994],[135.13709,34.19093],[135.13497,34.19123]]],[[[135.13658,34.20295],[135.13343,34.21179],[135.13329,34.21174],[135.13658,34.20295]]],[[[135.02076,34.29309],[134.99905,34.27973],[135.0108,34.27587],[135.02076,34.29309]]],[[[135.02709,34.29365],[135.02435,34.29266],[135.02653,34.29102],[135.02709,34.29365]]],[[[135.05528,34.29919],[135.03275,34.29574],[135.04376,34.29199],[135.06003,34.29721],[135.05528,34.29919]]]]}},{"type":"Feature","properties":{"P":"鳥取県","code":"31"},"geometry":{"type":"Polygon","coordinates":[[[134.36994,35.61458],[134.36644,35.60209],[134.34772,35.60131],[134.3456,35.60895],[134.33526,35.59247],[134.29376,35.58934],[134.29675,35.58014],[134.27781,35.57287],[134.2694,35.55901],[134.22288,35.54444],[134.18709,35.54289],[134.1961,35.53271],[134.17802,35.54015],[134.16159,35.53218],[134.03391,35.51849],[134.0173,35.52237],[134.00757,35.53789],[133.99815,35.52459],[133.96035,35.52548],[133.95667,35.51807],[133.92545,35.51003],[133.78083,35.50059],[133.66809,35.50675],[133.59014,35.53202],[133.56802,35.5304],[133.49775,35.5158],[133.47276,35.49902],[133.44768,35.49503],[133.43315,35.48208],[133.42494,35.45981],[133.40247,35.45328],[133.32196,35.4664],[133.27432,35.49059],[133.25161,35.51428],[133.26058,35.51973],[133.24455,35.53512],[133.27183,35.55234],[133.21851,35.54631],[133.19812,35.52873],[133.2225,35.48022],[133.27202,35.44601],[133.30869,35.43088],[133.32156,35.4078],[133.31357,35.38735],[133.32451,35.37403],[133.29605,35.34937],[133.29856,35.3251],[133.29264,35.32075],[133.30691,35.30348],[133.29951,35.29227],[133.31055,35.26792],[133.27521,35.25781],[133.25328,35.26003],[133.24342,35.25048],[133.22279,35.24911],[133.15247,35.2188],[133.15288,35.2038],[133.16816,35.20929],[133.18081,35.20267],[133.19491,35.16989],[133.18416,35.1569],[133.1484,35.13977],[133.13628,35.06957],[133.14201,35.06475],[133.16126,35.07414],[133.17813,35.06723],[133.21137,35.0742],[133.23007,35.06802],[133.2325,35.07748],[133.24958,35.07904],[133.26914,35.05768],[133.29082,35.07094],[133.29337,35.10169],[133.32552,35.09347],[133.33822,35.10656],[133.35487,35.10077],[133.37472,35.11352],[133.41183,35.12115],[133.41122,35.13875],[133.39322,35.16769],[133.3961,35.1806],[133.41557,35.18472],[133.42218,35.17611],[133.44756,35.1713],[133.50805,35.19309],[133.52625,35.18305],[133.52151,35.21057],[133.50554,35.22817],[133.51675,35.24066],[133.53483,35.23672],[133.56053,35.24659],[133.57192,35.27257],[133.57679,35.31441],[133.5968,35.34502],[133.64918,35.33634],[133.67835,35.31894],[133.69711,35.32714],[133.72713,35.31701],[133.74501,35.3196],[133.78373,35.29477],[133.79987,35.29269],[133.81815,35.25263],[133.83208,35.24883],[133.84457,35.24949],[133.86594,35.27226],[133.86255,35.2927],[133.92522,35.3069],[133.9341,35.33513],[133.94532,35.33262],[133.96963,35.34783],[134.01481,35.35039],[134.01536,35.33386],[133.99947,35.31465],[134.00784,35.3084],[134.07022,35.29727],[134.09776,35.3057],[134.11582,35.2835],[134.1398,35.27882],[134.1376,35.26956],[134.15058,35.25796],[134.13734,35.23865],[134.16418,35.22798],[134.15301,35.19587],[134.17245,35.16974],[134.18994,35.17587],[134.19389,35.18929],[134.22162,35.19042],[134.2609,35.21046],[134.27846,35.19687],[134.32122,35.20182],[134.33655,35.21948],[134.3689,35.23172],[134.37316,35.24588],[134.38973,35.25212],[134.43532,35.22917],[134.44802,35.23794],[134.46282,35.2367],[134.46177,35.24403],[134.51524,35.27723],[134.50928,35.29378],[134.5148,35.30767],[134.50192,35.32654],[134.5135,35.35409],[134.47138,35.38003],[134.48011,35.42695],[134.44032,35.4428],[134.43088,35.50247],[134.4127,35.5149],[134.42551,35.54189],[134.4219,35.56218],[134.40777,35.56529],[134.4083,35.58907],[134.36994,35.61458]]]}},{"type":"Feature","properties":{"P":"島根県","code":"32"},"geometry":{"type":"MultiPolygon","coordinates":[[[[133.24462,35.54911],[133.30757,35.55825],[133.32678,35.56795],[133.26759,35.57867],[133.2549,35.56985],[133.25083,35.57568],[133.22499,35.57109],[133.23437,35.57855],[133.21709,35.58158],[133.21094,35.56709],[133.19483,35.56814],[133.19049,35.58009],[133.19202,35.56219],[133.17507,35.56884],[133.166,35.56335],[133.16148,35.57192],[133.15626,35.56057],[133.14322,35.56058],[133.13003,35.57787],[133.13976,35.58153],[133.12561,35.57624],[133.11211,35.59761],[133.0902,35.60376],[133.08404,35.60166],[133.09808,35.59014],[133.09027,35.58775],[133.09585,35.57816],[133.0698,35.58415],[133.06751,35.57631],[133.05937,35.58219],[133.04819,35.5783],[133.05981,35.56488],[133.04902,35.55437],[133.0287,35.55565],[133.02827,35.53857],[132.96974,35.54423],[132.97137,35.51597],[132.8648,35.51311],[132.8127,35.49689],[132.80032,35.48349],[132.72753,35.4704],[132.75886,35.45677],[132.75343,35.44756],[132.709,35.44141],[132.6849,35.45172],[132.6866,35.44066],[132.6757,35.4478],[132.64144,35.44086],[132.64756,35.43524],[132.64124,35.43136],[132.62937,35.4352],[132.62277,35.41856],[132.64466,35.41622],[132.67035,35.40189],[132.67486,35.37905],[132.66024,35.32637],[132.62856,35.28791],[132.54411,35.25951],[132.50086,35.22829],[132.48742,35.23047],[132.48636,35.22295],[132.46681,35.21695],[132.45005,35.19875],[132.4183,35.19086],[132.42183,35.18288],[132.40357,35.17034],[132.40381,35.15881],[132.38161,35.14646],[132.39138,35.13946],[132.389,35.1314],[132.33979,35.10221],[132.34516,35.09202],[132.33254,35.09744],[132.32363,35.08828],[132.32669,35.07574],[132.31773,35.07356],[132.31082,35.05784],[132.26917,35.03932],[132.23628,35.0346],[132.18277,34.98982],[132.1519,34.97742],[132.14572,34.96442],[132.11248,34.95316],[132.1063,34.93554],[132.08505,34.93094],[132.07285,34.91822],[132.07797,34.90578],[132.06352,34.90421],[132.07063,34.89219],[132.06402,34.89621],[132.05756,34.88897],[132.05684,34.87303],[132.04435,34.87219],[132.04643,34.87831],[132.03595,34.88207],[132.02097,34.86854],[132.00662,34.86686],[132.01533,34.8591],[132.00807,34.84729],[131.99438,34.8418],[131.99024,34.82877],[131.95506,34.81546],[131.94679,34.79314],[131.9265,34.78076],[131.92311,34.78869],[131.91449,34.77408],[131.89727,34.77568],[131.88789,34.75687],[131.86465,34.75529],[131.87435,34.74221],[131.84913,34.71128],[131.8108,34.69211],[131.74594,34.67551],[131.70351,34.67257],[131.69062,34.68105],[131.68386,34.6688],[131.70002,34.64843],[131.69482,34.62068],[131.71841,34.6134],[131.72,34.58301],[131.72753,34.57675],[131.7132,34.56281],[131.70283,34.56507],[131.70079,34.53774],[131.70674,34.53308],[131.66797,34.5067],[131.68213,34.49284],[131.68234,34.479],[131.69912,34.47703],[131.69743,34.43531],[131.73783,34.4286],[131.75538,34.44036],[131.76139,34.43367],[131.79382,34.43621],[131.78478,34.39986],[131.76346,34.38094],[131.76525,34.36407],[131.77796,34.35342],[131.77691,34.33345],[131.79287,34.32904],[131.82035,34.30244],[131.83144,34.30262],[131.83406,34.31116],[131.86034,34.30462],[131.88129,34.30862],[131.88755,34.32724],[131.89983,34.31907],[131.91894,34.33798],[131.9455,34.32334],[131.95868,34.30634],[131.96076,34.32079],[131.97417,34.32895],[131.97402,34.34113],[132.01347,34.37133],[132.01352,34.38203],[131.98994,34.41321],[131.99746,34.42779],[132.01623,34.43747],[132.01542,34.45204],[132.02507,34.46238],[132.06858,34.46767],[132.05722,34.4822],[132.05974,34.49227],[132.03645,34.50126],[132.05146,34.52866],[132.08395,34.53753],[132.11374,34.56261],[132.12553,34.58315],[132.12968,34.59548],[132.11764,34.60176],[132.11638,34.61227],[132.13081,34.62917],[132.12775,34.64178],[132.16193,34.68314],[132.15846,34.69234],[132.13052,34.69885],[132.13099,34.70807],[132.17785,34.73663],[132.18927,34.73374],[132.20243,34.74859],[132.2225,34.74972],[132.22519,34.76998],[132.24251,34.78267],[132.24279,34.80669],[132.2781,34.79898],[132.28021,34.78351],[132.29796,34.77655],[132.31813,34.80158],[132.3338,34.79004],[132.37485,34.8008],[132.38305,34.7948],[132.3814,34.78584],[132.39668,34.77942],[132.42471,34.79908],[132.42106,34.81393],[132.43662,34.82095],[132.45668,34.80741],[132.45399,34.8021],[132.50515,34.79602],[132.51838,34.8039],[132.53785,34.795],[132.55408,34.80828],[132.568,34.80654],[132.59932,34.8336],[132.61182,34.83292],[132.61525,34.84308],[132.65188,34.84056],[132.66186,34.83215],[132.66966,34.83281],[132.68085,34.85147],[132.69866,34.84295],[132.7106,34.84986],[132.70149,34.88118],[132.68021,34.88466],[132.67539,34.89442],[132.66303,34.88984],[132.65569,34.89949],[132.63486,34.89913],[132.63403,34.9048],[132.67593,34.93277],[132.68509,34.95056],[132.70728,34.95509],[132.72039,34.94799],[132.73836,34.96207],[132.74258,34.95632],[132.74972,34.96026],[132.74513,34.97683],[132.7687,34.98395],[132.76559,34.99671],[132.78785,35.0049],[132.78811,35.01504],[132.80883,35.02856],[132.81372,35.04055],[132.83677,35.0471],[132.82836,35.06237],[132.87327,35.10232],[132.89735,35.10406],[132.90948,35.08622],[132.95052,35.07546],[132.97496,35.08318],[132.9907,35.1013],[133.03311,35.06824],[133.05236,35.07023],[133.05998,35.0811],[133.08539,35.07818],[133.0962,35.08539],[133.14081,35.07564],[133.13687,35.09101],[133.14559,35.10534],[133.1403,35.11728],[133.1484,35.13977],[133.18416,35.1569],[133.19491,35.16989],[133.18081,35.20267],[133.16816,35.20929],[133.15288,35.2038],[133.15247,35.2188],[133.22279,35.24911],[133.24342,35.25048],[133.25328,35.26003],[133.27521,35.25781],[133.31055,35.26792],[133.29951,35.29227],[133.30691,35.30348],[133.29264,35.32075],[133.29856,35.3251],[133.29605,35.34937],[133.32451,35.37403],[133.31357,35.38735],[133.32057,35.41028],[133.30869,35.43088],[133.27202,35.44601],[133.2225,35.48022],[133.19863,35.52602],[133.21851,35.54631],[133.24462,35.54911]]],[[[131.89002,34.76462],[131.88886,34.76384],[131.88991,34.76326],[131.89002,34.76462]]],[[[131.91503,34.78137],[131.91268,34.78076],[131.91278,34.7793],[131.91503,34.78137]]],[[[131.83352,34.8374],[131.8296,34.83697],[131.83149,34.83465],[131.84193,34.83393],[131.84162,34.83602],[131.83611,34.83785],[131.83352,34.8374]]],[[[132.04194,34.88163],[132.04547,34.88932],[132.04525,34.88939],[132.04194,34.88163]]],[[[132.05202,34.89982],[132.04901,34.89735],[132.05179,34.89668],[132.0535,34.89794],[132.05202,34.89982]]],[[[132.06152,34.90475],[132.05809,34.90395],[132.05778,34.89986],[132.0601,34.8994],[132.06083,34.89751],[132.06345,34.90146],[132.06278,34.90441],[132.06152,34.90475]]],[[[132.05079,34.90608],[132.04463,34.9036],[132.04739,34.90159],[132.05111,34.90255],[132.05079,34.90608]]],[[[132.28219,35.05202],[132.28215,35.05037],[132.28362,35.05125],[132.28219,35.05202]]],[[[132.33772,35.10259],[132.33686,35.1003],[132.33806,35.10005],[132.33965,35.10179],[132.33772,35.10259]]],[[[132.40133,35.17058],[132.3994,35.17072],[132.39919,35.16934],[132.40065,35.16881],[132.40133,35.17058]]],[[[132.63945,35.43298],[132.63792,35.43411],[132.63862,35.43194],[132.63945,35.43298]]],[[[132.65525,35.44413],[132.65405,35.44305],[132.6556,35.44055],[132.65639,35.44255],[132.65525,35.44413]]],[[[133.01827,35.54488],[133.0178,35.54335],[133.01917,35.54364],[133.01827,35.54488]]],[[[133.05291,35.56828],[133.0517,35.56891],[133.05139,35.56615],[133.05045,35.56824],[133.04849,35.56721],[133.05229,35.56461],[133.05291,35.56828]]],[[[133.04621,35.57195],[133.0444,35.57207],[133.04475,35.57033],[133.04621,35.57195]]],[[[133.19747,35.57338],[133.19695,35.57199],[133.19804,35.57208],[133.19747,35.57338]]],[[[133.21238,35.57749],[133.21081,35.57593],[133.21298,35.57552],[133.21238,35.57749]]],[[[133.25411,35.57835],[133.25316,35.57745],[133.25441,35.5764],[133.25411,35.57835]]],[[[133.24068,35.58247],[133.23548,35.58109],[133.2363,35.57946],[133.23848,35.57873],[133.23992,35.57984],[133.24226,35.57841],[133.24204,35.58053],[133.24481,35.58144],[133.24068,35.58247]]],[[[133.05679,35.58256],[133.05556,35.58202],[133.05583,35.58105],[133.05679,35.58256]]],[[[133.12637,35.5962],[133.11962,35.58907],[133.12503,35.58747],[133.12637,35.5962]]],[[[133.02963,35.99482],[133.02705,35.99449],[133.02705,35.99239],[133.02963,35.99482]]],[[[133.03819,35.99767],[133.03759,35.99695],[133.0394,35.99466],[133.04193,35.99509],[133.03819,35.99767]]],[[[133.07718,36],[133.07564,35.99843],[133.07668,35.99714],[133.07601,35.99486],[133.07786,35.99308],[133.07992,35.99688],[133.07718,36]]],[[[133.05432,36.00217],[133.04794,36.00132],[133.04965,35.99354],[133.05432,36.00217]]],[[[133.07431,36.0117],[133.07319,36.01092],[133.07443,36.01041],[133.07431,36.0117]]],[[[133.00383,36.03293],[133.0093,36.00194],[133.0234,36.00667],[133.03004,35.99994],[133.03315,36.00648],[133.03805,36.00075],[133.04146,36.0131],[133.04814,36.00423],[133.05749,36.00537],[133.05512,35.99708],[133.06229,35.9943],[133.073,36.00985],[133.05489,36.01298],[133.02713,36.03185],[133.00383,36.03293]]],[[[133.00479,36.04895],[133.00367,36.04895],[133.00367,36.04778],[133.00528,36.04744],[133.00479,36.04895]]],[[[133.13634,36.07037],[133.1352,36.06925],[133.13668,36.06737],[133.13817,36.06887],[133.13634,36.07037]]],[[[133.16428,36.11403],[133.1565,36.10513],[133.1646,36.09978],[133.16428,36.11403]]],[[[133.08533,36.11445],[133.08599,36.11566],[133.08485,36.11566],[133.08533,36.11445]]],[[[132.98778,36.11681],[132.98621,36.11646],[132.9869,36.11529],[132.98778,36.11681]]],[[[133.11256,36.12012],[133.09094,36.11403],[133.09698,36.10966],[133.09131,36.09647],[133.08327,36.11417],[133.0772,36.10886],[133.08133,36.10247],[133.06433,36.10107],[133.07485,36.081],[133.06754,36.07574],[133.07973,36.06927],[133.07038,36.05923],[133.06826,36.03509],[133.08052,36.03802],[133.07699,36.04431],[133.08712,36.04545],[133.08775,36.05279],[133.10381,36.05002],[133.09608,36.05681],[133.10814,36.0647],[133.09699,36.07227],[133.11682,36.0642],[133.11574,36.07912],[133.13149,36.07341],[133.1402,36.08205],[133.15143,36.07481],[133.13536,36.08633],[133.11911,36.08145],[133.13596,36.10209],[133.11256,36.12012]]],[[[133.12119,36.12867],[133.11991,36.1276],[133.12118,36.12726],[133.12119,36.12867]]],[[[133.06234,36.1347],[133.06144,36.13578],[133.06049,36.13508],[133.06234,36.1347]]],[[[133.17501,36.14008],[133.16838,36.13319],[133.17962,36.13695],[133.17501,36.14008]]],[[[133.0692,36.14274],[133.05543,36.1267],[133.05471,36.13221],[133.04566,36.12737],[133.04303,36.1342],[133.01451,36.13762],[133.00547,36.10772],[132.99481,36.11435],[132.98506,36.1079],[132.98194,36.11716],[132.96369,36.09821],[132.9698,36.09421],[132.95094,36.08559],[132.94604,36.06488],[132.97324,36.0573],[132.99758,36.03839],[132.9767,36.08339],[132.98575,36.09335],[132.99143,36.08377],[132.99046,36.09153],[133.0051,36.09298],[133.00634,36.10569],[133.01299,36.09785],[133.00543,36.09042],[133.00773,36.07397],[133.02275,36.06324],[133.04624,36.0609],[133.05695,36.08313],[133.04098,36.10924],[133.07029,36.11364],[133.09229,36.13824],[133.0692,36.14274]]],[[[133.12265,36.14847],[133.12209,36.14725],[133.12492,36.14753],[133.12265,36.14847]]],[[[133.25504,36.15452],[133.25414,36.15343],[133.25544,36.15319],[133.25504,36.15452]]],[[[133.07288,36.15464],[133.07192,36.15415],[133.07376,36.15294],[133.07288,36.15464]]],[[[133.23824,36.1582],[133.23637,36.15637],[133.23846,36.15603],[133.23824,36.1582]]],[[[133.25469,36.15788],[133.25353,36.15987],[133.25163,36.1579],[133.25229,36.1559],[133.25346,36.15564],[133.25469,36.15788]]],[[[133.34822,36.20757],[133.34648,36.20715],[133.34715,36.20588],[133.34822,36.20757]]],[[[133.37832,36.25146],[133.37641,36.25115],[133.37663,36.25034],[133.37832,36.25146]]],[[[133.19682,36.28491],[133.1947,36.2843],[133.19546,36.28308],[133.19682,36.28491]]],[[[133.27905,36.34889],[133.28003,36.3405],[133.2634,36.32789],[133.24632,36.33438],[133.22477,36.32813],[133.23193,36.31791],[133.21013,36.31083],[133.20964,36.30043],[133.19587,36.30152],[133.19169,36.28971],[133.21596,36.28971],[133.19945,36.28739],[133.20434,36.28047],[133.17985,36.28808],[133.18777,36.27382],[133.17729,36.25093],[133.19265,36.24546],[133.18311,36.21198],[133.20762,36.20994],[133.20858,36.19808],[133.22407,36.18842],[133.24486,36.19016],[133.23713,36.18049],[133.24119,36.17544],[133.23039,36.17014],[133.24323,36.16709],[133.24309,36.17559],[133.24976,36.17493],[133.24788,36.16113],[133.25802,36.17273],[133.26387,36.17193],[133.25995,36.16338],[133.27802,36.16961],[133.27995,36.1881],[133.2875,36.17093],[133.29075,36.17977],[133.32542,36.16734],[133.34112,36.17002],[133.33572,36.1972],[133.30624,36.19841],[133.3162,36.20528],[133.33495,36.20278],[133.33742,36.22044],[133.34516,36.22468],[133.35201,36.21224],[133.33966,36.19591],[133.36957,36.20568],[133.37774,36.23059],[133.37269,36.251],[133.38579,36.26836],[133.37586,36.27026],[133.37908,36.27651],[133.3713,36.28174],[133.36269,36.27911],[133.35617,36.29233],[133.36381,36.29693],[133.34512,36.29865],[133.33683,36.30662],[133.34228,36.31095],[133.32448,36.30889],[133.32101,36.32777],[133.30895,36.31921],[133.30988,36.32845],[133.29762,36.32757],[133.27905,36.34889]]],[[[133.27632,36.35107],[133.27471,36.35062],[133.27634,36.34903],[133.2775,36.34969],[133.27632,36.35107]]],[[[133.2814,36.35391],[133.28028,36.35429],[133.27868,36.35176],[133.28021,36.35022],[133.2814,36.35391]]],[[[133.27758,36.35615],[133.27613,36.35588],[133.27609,36.35432],[133.27754,36.35267],[133.27758,36.35615]]],[[[131.87041,37.24152],[131.86801,37.23922],[131.87107,37.23964],[131.87041,37.24152]]],[[[131.8662,37.24272],[131.86281,37.24295],[131.86299,37.24073],[131.86528,37.24011],[131.86712,37.2411],[131.8662,37.24272]]]]}},{"type":"Feature","properties":{"P":"岡山県","code":"33"},"geometry":{"type":"MultiPolygon","coordinates":[[[[134.40281,35.24102],[134.38973,35.25212],[134.37316,35.24588],[134.3689,35.23172],[134.33655,35.21948],[134.32122,35.20182],[134.27846,35.19687],[134.2609,35.21046],[134.22162,35.19042],[134.19389,35.18929],[134.18994,35.17587],[134.17245,35.16974],[134.15301,35.19587],[134.16418,35.22798],[134.13734,35.23865],[134.15058,35.25796],[134.1376,35.26956],[134.1398,35.27882],[134.11582,35.2835],[134.09776,35.3057],[134.07022,35.29727],[134.00784,35.3084],[133.99947,35.31465],[134.01536,35.33386],[134.01481,35.35039],[133.96963,35.34783],[133.94532,35.33262],[133.9341,35.33513],[133.92522,35.3069],[133.86255,35.2927],[133.86594,35.27226],[133.84457,35.24949],[133.83208,35.24883],[133.81815,35.25263],[133.79987,35.29269],[133.78373,35.29477],[133.74501,35.3196],[133.72713,35.31701],[133.69711,35.32714],[133.67835,35.31894],[133.64918,35.33634],[133.5968,35.34502],[133.57679,35.31441],[133.57192,35.27257],[133.56053,35.24659],[133.53483,35.23672],[133.51675,35.24066],[133.50554,35.22817],[133.52151,35.21057],[133.52625,35.18305],[133.50114,35.19277],[133.44756,35.1713],[133.40744,35.18588],[133.3961,35.1806],[133.39322,35.16769],[133.41262,35.13349],[133.40336,35.11432],[133.37879,35.11467],[133.35487,35.10077],[133.33822,35.10656],[133.32552,35.09347],[133.29094,35.10036],[133.29082,35.07094],[133.26693,35.05243],[133.3216,35.00622],[133.32012,34.98353],[133.30308,34.97204],[133.29726,34.956],[133.30945,34.93705],[133.29525,34.89556],[133.33116,34.85577],[133.33609,34.83475],[133.35299,34.83064],[133.37809,34.80836],[133.3698,34.78977],[133.37685,34.78175],[133.36185,34.7556],[133.37038,34.74686],[133.35823,34.73335],[133.36977,34.72266],[133.38304,34.67997],[133.40338,34.67192],[133.38848,34.64343],[133.39192,34.63113],[133.38477,34.61676],[133.39701,34.59488],[133.42218,34.58657],[133.42673,34.56914],[133.44603,34.55643],[133.45439,34.53151],[133.44494,34.50589],[133.45639,34.5001],[133.44587,34.48306],[133.45522,34.47737],[133.45632,34.45454],[133.48438,34.46595],[133.49027,34.45879],[133.47317,34.44372],[133.48678,34.44107],[133.50094,34.45173],[133.52747,34.45389],[133.52697,34.47122],[133.48679,34.51419],[133.51004,34.49881],[133.51836,34.47912],[133.52902,34.47754],[133.54038,34.46138],[133.60091,34.47271],[133.58873,34.48248],[133.59416,34.49107],[133.6194,34.49194],[133.62534,34.50099],[133.64878,34.50438],[133.65859,34.52035],[133.67688,34.5184],[133.67019,34.50735],[133.68407,34.50707],[133.69067,34.51964],[133.67866,34.52307],[133.68763,34.5256],[133.70533,34.52306],[133.70403,34.47783],[133.7402,34.4699],[133.73718,34.49058],[133.71905,34.49641],[133.71898,34.50388],[133.73505,34.49859],[133.73977,34.52512],[133.74833,34.48947],[133.75958,34.48585],[133.75814,34.46853],[133.76663,34.47232],[133.78662,34.43549],[133.82249,34.43002],[133.81168,34.44074],[133.80896,34.46113],[133.83647,34.47457],[133.8819,34.45619],[133.93475,34.45091],[133.94359,34.46285],[133.93541,34.47857],[133.95017,34.4928],[133.96481,34.49522],[133.95648,34.50597],[133.95947,34.52272],[133.97939,34.53285],[134.00339,34.51147],[134.00657,34.51735],[133.99552,34.52687],[134.00118,34.54552],[134.03135,34.55068],[134.03098,34.57002],[134.04717,34.57669],[134.03269,34.59778],[133.97385,34.59447],[133.95956,34.58365],[133.94605,34.59899],[133.97877,34.6001],[133.99673,34.61352],[134.04215,34.60833],[134.04743,34.59762],[134.06289,34.60856],[134.05321,34.59603],[134.06009,34.58462],[134.08785,34.58056],[134.11997,34.58863],[134.13838,34.59955],[134.13436,34.60782],[134.14685,34.61703],[134.17059,34.61394],[134.17866,34.62995],[134.18721,34.63133],[134.18421,34.63678],[134.17374,34.63202],[134.17056,34.65286],[134.18853,34.65081],[134.19831,34.6586],[134.19164,34.66415],[134.21036,34.66678],[134.20452,34.67435],[134.22302,34.68163],[134.21369,34.68497],[134.24528,34.70105],[134.23561,34.71486],[134.20268,34.71005],[134.21414,34.71629],[134.19758,34.71525],[134.19403,34.72121],[134.20428,34.72719],[134.18048,34.73519],[134.18224,34.74003],[134.20395,34.73048],[134.22934,34.7311],[134.23198,34.72269],[134.22533,34.71973],[134.24406,34.71527],[134.26859,34.71918],[134.26764,34.73024],[134.27627,34.72824],[134.27545,34.73456],[134.28261,34.72994],[134.29811,34.73654],[134.31513,34.73221],[134.32173,34.72195],[134.32353,34.73248],[134.31303,34.7384],[134.32153,34.76171],[134.33479,34.76889],[134.31583,34.78104],[134.3171,34.80195],[134.28793,34.82156],[134.28745,34.8288],[134.26382,34.82668],[134.26531,34.84045],[134.25302,34.85138],[134.26708,34.87548],[134.26325,34.88471],[134.29486,34.90398],[134.275,34.93095],[134.25373,34.93909],[134.27696,34.96333],[134.27059,34.9829],[134.28645,34.99659],[134.2634,35.01135],[134.28117,35.03688],[134.31687,35.04353],[134.31908,35.08344],[134.35035,35.09104],[134.36739,35.14696],[134.41163,35.15196],[134.40618,35.16578],[134.41207,35.18546],[134.38369,35.19393],[134.37998,35.20936],[134.38252,35.22172],[134.397,35.22762],[134.40281,35.24102]]],[[[133.53824,34.30973],[133.52746,34.30808],[133.52851,34.30048],[133.53699,34.30062],[133.53824,34.30973]]],[[[133.51746,34.32132],[133.51629,34.32061],[133.51737,34.31973],[133.51746,34.32132]]],[[[133.49827,34.35063],[133.49725,34.34032],[133.50833,34.3352],[133.49827,34.35063]]],[[[133.51667,34.35228],[133.51569,34.35073],[133.51953,34.3465],[133.51891,34.34362],[133.52245,34.34307],[133.52253,34.34819],[133.51667,34.35228]]],[[[133.58714,34.36373],[133.56709,34.35105],[133.58087,34.35113],[133.59123,34.35918],[133.58714,34.36373]]],[[[133.59296,34.37388],[133.59228,34.3724],[133.59345,34.37223],[133.59401,34.37316],[133.59296,34.37388]]],[[[133.58635,34.37219],[133.58733,34.37324],[133.58585,34.37574],[133.58362,34.37358],[133.58377,34.37254],[133.58635,34.37219]]],[[[133.58883,34.38122],[133.583,34.38086],[133.58221,34.37867],[133.58596,34.37696],[133.58883,34.38122]]],[[[133.49544,34.38483],[133.49687,34.38218],[133.50005,34.38189],[133.50064,34.38301],[133.49544,34.38483]]],[[[133.54264,34.40202],[133.51617,34.38436],[133.54572,34.36656],[133.55862,34.36702],[133.55974,34.37697],[133.54479,34.38022],[133.55773,34.39613],[133.55181,34.39305],[133.54264,34.40202]]],[[[133.52479,34.41642],[133.50584,34.40664],[133.51184,34.39011],[133.5256,34.39887],[133.52479,34.41642]]],[[[133.92528,34.41882],[133.924,34.42168],[133.91966,34.41958],[133.9201,34.4185],[133.92528,34.41882]]],[[[133.5168,34.42415],[133.51052,34.42224],[133.5143,34.42239],[133.5168,34.42415]]],[[[133.83678,34.42547],[133.82786,34.42378],[133.83092,34.4176],[133.83678,34.42547]]],[[[133.81719,34.42597],[133.81522,34.42543],[133.81574,34.42447],[133.8186,34.42476],[133.81719,34.42597]]],[[[133.76117,34.43129],[133.76397,34.41977],[133.77675,34.4215],[133.76117,34.43129]]],[[[133.49087,34.43213],[133.48894,34.43149],[133.48999,34.43056],[133.49087,34.43213]]],[[[133.51215,34.43526],[133.49961,34.42432],[133.51611,34.42881],[133.51215,34.43526]]],[[[133.49951,34.43593],[133.49902,34.43704],[133.49788,34.43585],[133.49792,34.43317],[133.49619,34.43088],[133.4985,34.43034],[133.50039,34.43337],[133.50065,34.43525],[133.49951,34.43593]]],[[[133.50348,34.44051],[133.50189,34.44003],[133.50281,34.43739],[133.50412,34.43755],[133.50447,34.43992],[133.50348,34.44051]]],[[[133.75934,34.44318],[133.75751,34.4443],[133.75647,34.44371],[133.75934,34.44318]]],[[[133.7533,34.44857],[133.75139,34.44893],[133.75402,34.447],[133.7533,34.44857]]],[[[133.85334,34.45022],[133.85126,34.4484],[133.85288,34.44512],[133.85529,34.44799],[133.85334,34.45022]]],[[[133.75015,34.44887],[133.74874,34.45052],[133.74805,34.44997],[133.75015,34.44887]]],[[[133.74684,34.45526],[133.74576,34.4546],[133.74714,34.45393],[133.74684,34.45526]]],[[[133.76064,34.46428],[133.76105,34.46196],[133.76227,34.46227],[133.76273,34.46304],[133.76064,34.46428]]],[[[133.69116,34.46449],[133.68827,34.4615],[133.69022,34.46043],[133.69288,34.46262],[133.69116,34.46449]]],[[[133.71525,34.46436],[133.71147,34.46614],[133.71057,34.46417],[133.70737,34.46374],[133.71044,34.4606],[133.71438,34.46212],[133.7167,34.4611],[133.71711,34.46286],[133.71525,34.46436]]],[[[133.68442,34.50427],[133.66919,34.50203],[133.66884,34.48753],[133.68123,34.48736],[133.66906,34.49071],[133.68354,34.49053],[133.68442,34.50427]]],[[[134.02388,34.50684],[134.00756,34.49804],[134.01658,34.4959],[134.02388,34.50684]]],[[[134.01654,34.51345],[134.01535,34.51257],[134.01732,34.51283],[134.01654,34.51345]]],[[[134.09242,34.55879],[134.09263,34.55728],[134.09377,34.55772],[134.09242,34.55879]]],[[[134.10849,34.56407],[134.10783,34.56109],[134.11052,34.56053],[134.11035,34.56276],[134.10849,34.56407]]],[[[134.10418,34.56772],[134.09712,34.55947],[134.10652,34.56076],[134.10418,34.56772]]],[[[134.09824,34.56519],[134.09566,34.56819],[134.09472,34.56511],[134.09824,34.56519]]],[[[134.15952,34.60054],[134.15757,34.5974],[134.15957,34.59697],[134.16293,34.59986],[134.15952,34.60054]]],[[[134.19085,34.6023],[134.19336,34.59499],[134.20068,34.59871],[134.19085,34.6023]]],[[[133.98918,34.60561],[133.98805,34.6047],[133.99017,34.60085],[133.99102,34.6018],[133.98918,34.60561]]],[[[134.2097,34.61274],[134.20304,34.60993],[134.2012,34.6075],[134.20579,34.61014],[134.20725,34.60961],[134.21063,34.61216],[134.2097,34.61274]]],[[[134.19898,34.61721],[134.16435,34.6039],[134.19078,34.60549],[134.19898,34.61721]]],[[[134.21517,34.66711],[134.21339,34.66683],[134.21222,34.66392],[134.21558,34.66458],[134.21517,34.66711]]],[[[134.24214,34.67832],[134.21835,34.67445],[134.2246,34.6678],[134.24416,34.67224],[134.24214,34.67832]]],[[[134.22547,34.68174],[134.22392,34.6815],[134.22521,34.67962],[134.22634,34.68076],[134.22547,34.68174]]],[[[134.29178,34.68545],[134.29087,34.68709],[134.29004,34.68636],[134.29477,34.68016],[134.30263,34.68309],[134.30065,34.68647],[134.30028,34.68422],[134.29794,34.68357],[134.29724,34.68477],[134.29247,34.6842],[134.29178,34.68545]]],[[[134.25693,34.68735],[134.24264,34.68044],[134.26185,34.67476],[134.27349,34.68082],[134.25693,34.68735]]],[[[134.32153,34.6984],[134.3197,34.69833],[134.31946,34.6957],[134.32132,34.69288],[134.32422,34.69583],[134.32427,34.69766],[134.32153,34.6984]]],[[[134.28629,34.70418],[134.27974,34.70343],[134.29217,34.69659],[134.28629,34.70418]]],[[[134.25901,34.70703],[134.25039,34.70578],[134.25532,34.69023],[134.2633,34.69875],[134.27159,34.69607],[134.25901,34.70703]]],[[[134.2647,34.714],[134.24744,34.70991],[134.26899,34.70872],[134.2647,34.714]]],[[[134.21304,34.72589],[134.20918,34.7201],[134.21926,34.72143],[134.21304,34.72589]]],[[[134.29834,34.7302],[134.28529,34.72404],[134.28688,34.71852],[134.27656,34.7216],[134.2747,34.71346],[134.28695,34.71327],[134.28134,34.70781],[134.28753,34.70615],[134.30287,34.70817],[134.30543,34.71517],[134.31671,34.70286],[134.32586,34.71215],[134.34176,34.70319],[134.34696,34.70813],[134.33348,34.72304],[134.32304,34.7141],[134.29834,34.7302]]]]}},{"type":"Feature","properties":{"P":"広島県","code":"34"},"geometry":{"type":"MultiPolygon","coordinates":[[[[133.13642,35.07426],[133.11951,35.08486],[133.0962,35.08539],[133.08539,35.07818],[133.05998,35.0811],[133.05236,35.07023],[133.03311,35.06824],[132.9907,35.1013],[132.9738,35.08248],[132.94759,35.07576],[132.90948,35.08622],[132.89735,35.10406],[132.87327,35.10232],[132.82836,35.06237],[132.83677,35.0471],[132.81372,35.04055],[132.80883,35.02856],[132.78811,35.01504],[132.78785,35.0049],[132.76559,34.99671],[132.7687,34.98395],[132.74513,34.97683],[132.74972,34.96026],[132.74258,34.95632],[132.73836,34.96207],[132.72039,34.94799],[132.70728,34.95509],[132.68509,34.95056],[132.67593,34.93277],[132.63403,34.9048],[132.63486,34.89913],[132.65569,34.89949],[132.66303,34.88984],[132.67539,34.89442],[132.68021,34.88466],[132.70149,34.88118],[132.7106,34.84986],[132.69866,34.84295],[132.68085,34.85147],[132.66966,34.83281],[132.66186,34.83215],[132.65188,34.84056],[132.61525,34.84308],[132.61182,34.83292],[132.59932,34.8336],[132.568,34.80654],[132.55408,34.80828],[132.53785,34.795],[132.51838,34.8039],[132.50515,34.79602],[132.45399,34.8021],[132.45668,34.80741],[132.43662,34.82095],[132.42106,34.81393],[132.42471,34.79908],[132.39668,34.77942],[132.3814,34.78584],[132.38305,34.7948],[132.37485,34.8008],[132.3338,34.79004],[132.31813,34.80158],[132.29796,34.77655],[132.28021,34.78351],[132.2781,34.79898],[132.24037,34.80499],[132.24286,34.78373],[132.22519,34.76998],[132.2225,34.74972],[132.20243,34.74859],[132.18927,34.73374],[132.17785,34.73663],[132.13099,34.70807],[132.13052,34.69885],[132.15846,34.69234],[132.16193,34.68314],[132.12775,34.64178],[132.13081,34.62917],[132.11638,34.61227],[132.11764,34.60176],[132.12968,34.59548],[132.12553,34.58315],[132.11374,34.56261],[132.08395,34.53753],[132.05271,34.53027],[132.03645,34.50126],[132.05974,34.49227],[132.05722,34.4822],[132.08099,34.44354],[132.06889,34.41626],[132.07449,34.40445],[132.06973,34.39115],[132.0778,34.3879],[132.0698,34.3563],[132.08526,34.35788],[132.10128,34.34531],[132.10734,34.32814],[132.12737,34.33271],[132.12398,34.29678],[132.14005,34.28494],[132.13357,34.27236],[132.14635,34.25678],[132.14475,34.23642],[132.15731,34.22922],[132.17114,34.23341],[132.17115,34.22534],[132.20453,34.22874],[132.19511,34.20451],[132.2456,34.21067],[132.23889,34.22714],[132.22066,34.23276],[132.22738,34.23543],[132.23106,34.25592],[132.27867,34.28263],[132.31899,34.3233],[132.32678,34.34412],[132.33676,34.33768],[132.34774,34.34144],[132.33713,34.34631],[132.35654,34.3494],[132.34041,34.35276],[132.34711,34.35659],[132.36449,34.36031],[132.36473,34.34747],[132.37686,34.35238],[132.37556,34.36038],[132.39926,34.36536],[132.43991,34.35232],[132.44399,34.34054],[132.45249,34.3528],[132.47851,34.35672],[132.47734,34.36438],[132.48263,34.3536],[132.52248,34.36283],[132.50873,34.35271],[132.51653,34.34387],[132.50253,34.34983],[132.49162,34.3387],[132.50497,34.33407],[132.49432,34.31624],[132.51904,34.28201],[132.51457,34.25695],[132.52992,34.2553],[132.52484,34.24516],[132.53155,34.24153],[132.53965,34.24775],[132.55852,34.23824],[132.54894,34.22549],[132.53811,34.22863],[132.53156,34.22217],[132.54392,34.20964],[132.53824,34.19385],[132.56836,34.19798],[132.59352,34.21252],[132.59554,34.23098],[132.60575,34.22652],[132.60275,34.22015],[132.61587,34.22432],[132.61801,34.21043],[132.64317,34.20221],[132.66145,34.20897],[132.66014,34.2192],[132.68401,34.21024],[132.68507,34.22245],[132.70132,34.23752],[132.76035,34.24089],[132.75836,34.24658],[132.77298,34.25596],[132.76481,34.2626],[132.75312,34.25943],[132.75977,34.26789],[132.75418,34.28207],[132.78849,34.278],[132.79947,34.31269],[132.83418,34.31528],[132.84735,34.29179],[132.8738,34.30216],[132.86888,34.31177],[132.88458,34.31517],[132.88861,34.32404],[132.91617,34.33254],[132.92777,34.3256],[132.95086,34.33948],[132.98311,34.3312],[132.99448,34.3375],[133.01486,34.32857],[133.07769,34.34442],[133.08699,34.37841],[133.09674,34.37936],[133.08488,34.39565],[133.12752,34.38257],[133.20952,34.41063],[133.23406,34.41156],[133.24548,34.42421],[133.24209,34.43589],[133.25404,34.42347],[133.25167,34.44115],[133.27033,34.4327],[133.27394,34.41729],[133.25959,34.39712],[133.24409,34.39916],[133.24663,34.38961],[133.27082,34.39178],[133.28146,34.40158],[133.28971,34.38498],[133.34422,34.37832],[133.34611,34.3655],[133.36713,34.36882],[133.38383,34.38148],[133.38606,34.42137],[133.40746,34.42814],[133.40833,34.43743],[133.4313,34.4241],[133.44053,34.43626],[133.40818,34.45724],[133.40847,34.47846],[133.41474,34.47681],[133.41452,34.45922],[133.44495,34.44617],[133.4429,34.48267],[133.45639,34.5001],[133.44521,34.50972],[133.45439,34.53151],[133.44603,34.55643],[133.42673,34.56914],[133.42317,34.58554],[133.39701,34.59488],[133.38358,34.61979],[133.40338,34.67192],[133.38304,34.67997],[133.36977,34.72266],[133.35823,34.73335],[133.37038,34.74686],[133.36185,34.7556],[133.37685,34.78175],[133.3698,34.78977],[133.37809,34.80836],[133.35299,34.83064],[133.33609,34.83475],[133.33116,34.85577],[133.29525,34.89556],[133.30945,34.93705],[133.29726,34.956],[133.30308,34.97204],[133.32012,34.98353],[133.3216,35.00622],[133.26897,35.04998],[133.24958,35.07904],[133.2325,35.07748],[133.23007,35.06802],[133.21137,35.0742],[133.16846,35.06744],[133.16126,35.07414],[133.14201,35.06475],[133.13642,35.07426]]],[[[132.52065,34.0433],[132.51915,34.04176],[132.52035,34.04058],[132.51975,34.03968],[132.52148,34.03878],[132.52065,34.0433]]],[[[132.49395,34.04555],[132.48663,34.04169],[132.48209,34.03707],[132.48298,34.03473],[132.49236,34.04059],[132.49306,34.04282],[132.49607,34.04484],[132.49395,34.04555]]],[[[132.46239,34.06133],[132.46224,34.0594],[132.46532,34.05699],[132.46765,34.05698],[132.4662,34.06066],[132.46384,34.05934],[132.46239,34.06133]]],[[[132.53329,34.07423],[132.51973,34.05298],[132.52948,34.04627],[132.53947,34.06651],[132.53329,34.07423]]],[[[132.54944,34.07949],[132.54105,34.06875],[132.55881,34.07105],[132.54944,34.07216],[132.54944,34.07949]]],[[[132.78949,34.12251],[132.78611,34.11432],[132.80057,34.12046],[132.78949,34.12251]]],[[[132.31934,34.11893],[132.31875,34.12334],[132.31454,34.12328],[132.31337,34.12221],[132.31481,34.12079],[132.31823,34.12094],[132.31934,34.11893]]],[[[132.42203,34.13388],[132.41753,34.13336],[132.41591,34.13032],[132.41781,34.12918],[132.42203,34.13388]]],[[[132.56219,34.15752],[132.56101,34.15546],[132.56341,34.15507],[132.56219,34.15752]]],[[[132.65864,34.15799],[132.65621,34.15574],[132.65444,34.15671],[132.65155,34.15575],[132.65172,34.15084],[132.65532,34.15187],[132.65586,34.15394],[132.65858,34.15619],[132.65864,34.15799]]],[[[132.77501,34.15558],[132.77311,34.15826],[132.77135,34.15827],[132.76954,34.15565],[132.7616,34.15369],[132.75882,34.15418],[132.75883,34.14993],[132.75993,34.14817],[132.76344,34.14904],[132.7639,34.15058],[132.7667,34.15175],[132.76903,34.15117],[132.77314,34.15275],[132.77501,34.15558]]],[[[132.7522,34.15869],[132.7497,34.15735],[132.75085,34.15718],[132.7522,34.15869]]],[[[132.67129,34.15974],[132.66564,34.15418],[132.67116,34.15053],[132.67129,34.15974]]],[[[132.43926,34.1605],[132.4294,34.1468],[132.44123,34.15148],[132.43926,34.1605]]],[[[132.57801,34.16825],[132.57128,34.16348],[132.56983,34.15734],[132.57231,34.15515],[132.57611,34.15906],[132.57921,34.15901],[132.57801,34.16825]]],[[[132.38548,34.1775],[132.3873,34.14993],[132.4137,34.15066],[132.41197,34.16958],[132.38548,34.1775]]],[[[132.79512,34.16786],[132.79994,34.17522],[132.78655,34.18882],[132.77137,34.1764],[132.77221,34.16111],[132.79512,34.16786]]],[[[132.86174,34.18917],[132.86028,34.18914],[132.86055,34.18743],[132.86332,34.18704],[132.86174,34.18917]]],[[[132.85568,34.19504],[132.85544,34.19248],[132.85871,34.1911],[132.85958,34.19273],[132.85814,34.19468],[132.85568,34.19504]]],[[[132.85272,34.19509],[132.84952,34.1931],[132.85008,34.19193],[132.8536,34.19289],[132.85272,34.19509]]],[[[132.84904,34.19629],[132.80731,34.17743],[132.80263,34.15498],[132.82003,34.15092],[132.86752,34.1742],[132.84904,34.19629]]],[[[132.81999,34.19492],[132.82082,34.1959],[132.81972,34.19692],[132.81605,34.19508],[132.81192,34.19531],[132.80832,34.19355],[132.81056,34.19145],[132.80987,34.18951],[132.80619,34.18849],[132.8113,34.18701],[132.81464,34.18775],[132.81324,34.18873],[132.81997,34.19075],[132.82134,34.19239],[132.81999,34.19492]]],[[[132.51452,34.19931],[132.51158,34.19638],[132.51171,34.19189],[132.51456,34.19514],[132.51452,34.19931]]],[[[132.29647,34.19933],[132.29243,34.18905],[132.3004,34.18487],[132.31955,34.18988],[132.29647,34.19933]]],[[[132.53486,34.20046],[132.50042,34.18106],[132.49306,34.15397],[132.5081,34.14416],[132.50419,34.13338],[132.44801,34.10931],[132.44773,34.09431],[132.46034,34.08239],[132.49852,34.09096],[132.50211,34.10333],[132.5138,34.09896],[132.51329,34.09114],[132.53261,34.10373],[132.53619,34.09508],[132.54568,34.0979],[132.54956,34.0797],[132.55651,34.07999],[132.56982,34.11524],[132.58965,34.10832],[132.59296,34.11523],[132.58351,34.11171],[132.57594,34.12784],[132.53884,34.10814],[132.5376,34.12105],[132.55768,34.15074],[132.54843,34.14139],[132.54825,34.15153],[132.53202,34.14664],[132.52172,34.15747],[132.54002,34.16438],[132.54678,34.17663],[132.55848,34.17255],[132.55202,34.18728],[132.53373,34.18901],[132.53486,34.20046]]],[[[132.31966,34.20074],[132.31701,34.19879],[132.31692,34.19634],[132.31804,34.19542],[132.32039,34.19678],[132.3206,34.20036],[132.31966,34.20074]]],[[[132.675,34.2023],[132.65606,34.19629],[132.64472,34.17093],[132.67623,34.17505],[132.68446,34.18771],[132.675,34.2023]]],[[[132.712,34.20381],[132.68652,34.19643],[132.68582,34.18259],[132.71283,34.18107],[132.7219,34.16953],[132.73906,34.17305],[132.73942,34.15823],[132.76534,34.17692],[132.75469,34.18268],[132.75734,34.19362],[132.712,34.20381]]],[[[132.69699,34.22346],[132.69231,34.21869],[132.70086,34.2183],[132.69699,34.22346]]],[[[132.80251,34.23025],[132.80005,34.2267],[132.80116,34.2257],[132.80447,34.22857],[132.80251,34.23025]]],[[[132.2659,34.23584],[132.26407,34.23485],[132.26436,34.23342],[132.26608,34.23334],[132.2659,34.23584]]],[[[132.35489,34.24178],[132.35316,34.23958],[132.35731,34.23577],[132.3585,34.23811],[132.35489,34.24178]]],[[[132.52275,34.24309],[132.52147,34.24239],[132.52219,34.24131],[132.52275,34.24309]]],[[[132.86259,34.25498],[132.86062,34.25317],[132.86082,34.25142],[132.86208,34.2519],[132.86152,34.25353],[132.86259,34.25498]]],[[[132.84027,34.25547],[132.83704,34.25497],[132.83637,34.25335],[132.84093,34.25422],[132.84027,34.25547]]],[[[132.77545,34.26091],[132.77361,34.26063],[132.77436,34.25926],[132.77938,34.25797],[132.77545,34.26091]]],[[[132.78326,34.26125],[132.78086,34.25767],[132.78724,34.25565],[132.78747,34.25756],[132.78628,34.25742],[132.78613,34.25892],[132.78751,34.25906],[132.78788,34.26054],[132.78326,34.26125]]],[[[132.9,34.26486],[132.89896,34.26292],[132.90077,34.26313],[132.9,34.26486]]],[[[132.79908,34.26375],[132.80016,34.26418],[132.79942,34.26552],[132.79797,34.26569],[132.79814,34.26372],[132.79908,34.26375]]],[[[132.77442,34.26846],[132.77259,34.26801],[132.7709,34.26469],[132.7751,34.26504],[132.77442,34.26846]]],[[[132.86959,34.27141],[132.86339,34.26389],[132.87521,34.25474],[132.86959,34.27141]]],[[[132.88769,34.27178],[132.88773,34.26984],[132.89063,34.26984],[132.89035,34.27113],[132.88926,34.27046],[132.88769,34.27178]]],[[[132.91012,34.27853],[132.90669,34.27766],[132.90627,34.27104],[132.91072,34.27323],[132.91186,34.27689],[132.91012,34.27853]]],[[[132.3706,34.27984],[132.36149,34.27567],[132.37912,34.27588],[132.3706,34.27984]]],[[[132.80609,34.28147],[132.79032,34.27267],[132.80325,34.26856],[132.81122,34.27578],[132.80609,34.28147]]],[[[132.93094,34.2846],[132.90799,34.26467],[132.90055,34.24753],[132.89163,34.24963],[132.88762,34.26199],[132.87729,34.25166],[132.88175,34.24851],[132.83827,34.24128],[132.84693,34.2326],[132.84197,34.22328],[132.86417,34.20641],[132.92076,34.21413],[132.91454,34.23506],[132.92995,34.24814],[132.94221,34.27739],[132.93094,34.2846]]],[[[132.94254,34.28777],[132.9373,34.28695],[132.93573,34.28461],[132.94031,34.28301],[132.94454,34.28402],[132.94254,34.28777]]],[[[132.88985,34.28449],[132.88982,34.2884],[132.88906,34.2866],[132.88985,34.28449]]],[[[132.88365,34.29006],[132.88172,34.28668],[132.88415,34.28437],[132.88463,34.28267],[132.88284,34.27938],[132.88524,34.2758],[132.88789,34.28036],[132.88582,34.28357],[132.88665,34.28718],[132.88365,34.29006]]],[[[132.81813,34.28936],[132.81715,34.29121],[132.81377,34.28886],[132.81427,34.28716],[132.81813,34.28936]]],[[[132.36229,34.29175],[132.36082,34.28892],[132.3623,34.28991],[132.36407,34.28925],[132.36229,34.29175]]],[[[132.47969,34.29627],[132.48038,34.28497],[132.44192,34.28935],[132.43418,34.2793],[132.44578,34.26662],[132.43266,34.25374],[132.43551,34.24744],[132.44985,34.24688],[132.45609,34.25674],[132.47706,34.23759],[132.47442,34.20863],[132.45877,34.22993],[132.43939,34.22478],[132.41981,34.25799],[132.38133,34.25706],[132.37715,34.26464],[132.37208,34.2583],[132.38852,34.24149],[132.38442,34.22634],[132.42071,34.19727],[132.42874,34.174],[132.43817,34.19555],[132.45725,34.17769],[132.44576,34.17886],[132.44486,34.15166],[132.42876,34.12851],[132.4461,34.13958],[132.4451,34.13291],[132.49001,34.14236],[132.48428,34.16802],[132.47132,34.17888],[132.47406,34.19537],[132.47923,34.19207],[132.49018,34.20386],[132.49852,34.26848],[132.47969,34.29627]]],[[[132.80537,34.29558],[132.80431,34.29659],[132.80276,34.29437],[132.80435,34.29348],[132.80537,34.29558]]],[[[132.90339,34.29838],[132.90403,34.2995],[132.9013,34.29785],[132.90137,34.29445],[132.90241,34.2942],[132.90339,34.29838]]],[[[132.91567,34.30019],[132.90504,34.28499],[132.91601,34.27966],[132.92628,34.29462],[132.91646,34.29069],[132.91567,34.30019]]],[[[132.97903,34.31056],[132.97794,34.31052],[132.98059,34.30579],[132.98205,34.30826],[132.97903,34.31056]]],[[[132.33364,34.31127],[132.31963,34.29527],[132.2902,34.28747],[132.27703,34.2628],[132.26385,34.2563],[132.2727,34.23376],[132.30288,34.24379],[132.34706,34.28053],[132.34859,34.29292],[132.33364,34.31127]]],[[[132.40288,34.31495],[132.40136,34.31317],[132.40242,34.31295],[132.40288,34.31495]]],[[[132.9891,34.31591],[132.99183,34.30301],[132.99825,34.30546],[132.9891,34.31591]]],[[[133.46668,34.31686],[133.45758,34.31478],[133.46903,34.3101],[133.46668,34.31686]]],[[[133.13344,34.31689],[133.10239,34.30629],[133.08907,34.31294],[133.0682,34.27359],[133.06983,34.26205],[133.09331,34.25652],[133.14364,34.28492],[133.14907,34.30109],[133.13344,34.31689]]],[[[132.46303,34.31688],[132.46043,34.31548],[132.46048,34.31224],[132.46194,34.31093],[132.4653,34.31259],[132.46303,34.31688]]],[[[132.93715,34.32453],[132.93698,34.32293],[132.9398,34.32152],[132.94453,34.31536],[132.94653,34.31044],[132.94915,34.31008],[132.94883,34.31597],[132.94618,34.31727],[132.94285,34.32368],[132.93715,34.32453]]],[[[132.44089,34.32589],[132.41452,34.30071],[132.44177,34.29715],[132.43831,34.306],[132.44812,34.31612],[132.44089,34.32589]]],[[[133.07868,34.33309],[133.06283,34.31809],[133.06924,34.3026],[133.08179,34.30348],[133.08715,34.31326],[133.07868,34.33309]]],[[[132.48146,34.34697],[132.4768,34.34586],[132.47728,34.34038],[132.47881,34.33883],[132.48068,34.33126],[132.48235,34.33073],[132.4866,34.33597],[132.48688,34.3391],[132.4839,34.34112],[132.48556,34.34413],[132.48146,34.34697]]],[[[133.43645,34.35141],[133.42794,34.34901],[133.43074,34.33902],[133.45449,34.33823],[133.43645,34.35141]]],[[[132.46002,34.35172],[132.45778,34.3465],[132.4586,34.34364],[132.463,34.33996],[132.46491,34.34244],[132.46298,34.35045],[132.46002,34.35172]]],[[[133.46708,34.35678],[133.46484,34.35592],[133.46649,34.35406],[133.46798,34.35495],[133.46642,34.35543],[133.46708,34.35678]]],[[[133.13917,34.35739],[133.13837,34.35655],[133.13931,34.35325],[133.1419,34.35159],[133.14031,34.35405],[133.14268,34.35603],[133.13917,34.35739]]],[[[133.28609,34.35773],[133.26377,34.34777],[133.2625,34.33261],[133.28513,34.33788],[133.28609,34.35773]]],[[[133.15171,34.35859],[133.14676,34.347],[133.13766,34.34621],[133.13451,34.32888],[133.15595,34.2991],[133.19605,34.27542],[133.19626,34.28598],[133.2103,34.29687],[133.19338,34.29989],[133.2105,34.31865],[133.2035,34.31923],[133.19611,34.33824],[133.1766,34.34376],[133.17654,34.35588],[133.15171,34.35859]]],[[[133.11732,34.36012],[133.10409,34.3559],[133.10267,34.32576],[133.09469,34.33065],[133.11008,34.3172],[133.12624,34.33664],[133.11732,34.36012]]],[[[133.10735,34.36835],[133.09891,34.36333],[133.09919,34.35961],[133.10647,34.36187],[133.10647,34.36369],[133.10895,34.36638],[133.10735,34.36835]]],[[[133.2202,34.36772],[133.22049,34.36908],[133.21912,34.36867],[133.2202,34.36772]]],[[[133.14558,34.37087],[133.13323,34.36078],[133.14495,34.36323],[133.14558,34.37087]]],[[[133.33795,34.37164],[133.33594,34.3706],[133.33772,34.36972],[133.33881,34.37059],[133.33795,34.37164]]],[[[133.31902,34.37255],[133.2889,34.35649],[133.29614,34.34468],[133.33817,34.35658],[133.34253,34.36998],[133.33197,34.37052],[133.32511,34.35997],[133.31902,34.37255]]],[[[133.22255,34.37503],[133.2217,34.37475],[133.22326,34.37217],[133.22255,34.37503]]],[[[133.24167,34.37967],[133.23807,34.37486],[133.23968,34.3722],[133.24433,34.37088],[133.24648,34.375],[133.24253,34.37714],[133.24167,34.37967]]],[[[133.39083,34.38129],[133.389,34.38095],[133.39023,34.38018],[133.39083,34.38129]]],[[[133.26096,34.38443],[133.25909,34.36602],[133.27016,34.36082],[133.27943,34.38024],[133.26096,34.38443]]],[[[133.39926,34.38856],[133.38869,34.3835],[133.40132,34.37806],[133.39926,34.38856]]],[[[133.16232,34.3915],[133.15159,34.38184],[133.15605,34.37434],[133.17266,34.37393],[133.16232,34.3915]]],[[[133.21548,34.40909],[133.17227,34.39276],[133.17438,34.3665],[133.18367,34.35854],[133.21263,34.35776],[133.21964,34.38112],[133.23695,34.39135],[133.23721,34.4055],[133.21548,34.40909]]]]}},{"type":"Feature","properties":{"P":"山口県","code":"35"},"geometry":{"type":"MultiPolygon","coordinates":[[[[131.69062,34.68105],[131.66775,34.67561],[131.67485,34.6647],[131.64632,34.65241],[131.64984,34.64083],[131.63831,34.64586],[131.64357,34.65516],[131.63461,34.66447],[131.60371,34.66191],[131.58978,34.63269],[131.60266,34.6341],[131.60304,34.623],[131.58925,34.61915],[131.57947,34.62559],[131.58003,34.62028],[131.55706,34.6152],[131.55478,34.57986],[131.539,34.56301],[131.51655,34.55374],[131.50089,34.53249],[131.46683,34.53839],[131.45544,34.52552],[131.45019,34.5068],[131.46662,34.50159],[131.46137,34.48545],[131.44063,34.48316],[131.44737,34.47659],[131.43185,34.47197],[131.43479,34.466],[131.41686,34.44915],[131.40108,34.45956],[131.3943,34.4559],[131.40065,34.44548],[131.42105,34.44184],[131.40928,34.433],[131.41627,34.42779],[131.40078,34.42803],[131.39135,34.41728],[131.3812,34.42304],[131.36164,34.4111],[131.33741,34.41821],[131.32523,34.39265],[131.30655,34.38292],[131.2921,34.38019],[131.27193,34.3901],[131.262,34.38416],[131.25596,34.38967],[131.2482,34.38154],[131.22594,34.39298],[131.2248,34.37861],[131.21533,34.37083],[131.20512,34.37487],[131.20896,34.38053],[131.19826,34.39749],[131.18801,34.3806],[131.15677,34.3723],[131.13738,34.39109],[131.13194,34.41781],[131.11183,34.40948],[131.07438,34.42458],[131.04641,34.41092],[131.01999,34.41099],[131.00498,34.41498],[131.00328,34.42782],[130.9719,34.44174],[130.97332,34.43204],[130.96113,34.42764],[130.95878,34.41182],[130.93747,34.40368],[130.9353,34.39176],[130.95522,34.38906],[130.9499,34.40277],[130.95855,34.40793],[130.97999,34.39948],[131.01668,34.40476],[131.02101,34.3911],[131.03441,34.38492],[131.03588,34.37125],[130.99562,34.37266],[130.96699,34.35757],[130.93481,34.35184],[130.92769,34.34132],[130.92094,34.35386],[130.90096,34.36296],[130.90203,34.35337],[130.88967,34.3443],[130.89145,34.32422],[130.89795,34.32479],[130.89131,34.31925],[130.8976,34.31728],[130.88492,34.31048],[130.88243,34.2958],[130.86686,34.28783],[130.92165,34.23945],[130.91625,34.21512],[130.92981,34.21153],[130.93354,34.18908],[130.91566,34.15957],[130.89627,34.15324],[130.90456,34.14741],[130.8997,34.13796],[130.86646,34.13627],[130.86084,34.11047],[130.88824,34.0655],[130.89557,34.07073],[130.91212,34.05898],[130.91402,34.04257],[130.90364,34.02516],[130.91632,34.01972],[130.90869,33.9925],[130.91686,33.97849],[130.9059,33.95424],[130.91998,33.95232],[130.91501,33.93906],[130.92837,33.93842],[130.92462,33.94741],[130.93795,33.94916],[130.99695,33.99005],[130.99756,34.00408],[131.00627,34.00308],[131.00282,34.01544],[131.01171,34.00963],[131.02126,34.02012],[131.01257,34.02656],[131.03072,34.0395],[131.03685,34.05708],[131.04342,34.0574],[131.04761,34.04223],[131.10033,34.03287],[131.13419,33.99162],[131.13951,33.99267],[131.13442,34.00334],[131.15064,34.0035],[131.14622,33.99545],[131.1555,33.98924],[131.16944,33.99653],[131.16104,33.97387],[131.17428,33.97326],[131.16187,33.96975],[131.16015,33.96446],[131.1696,33.96371],[131.15766,33.95535],[131.17845,33.93141],[131.21049,33.94453],[131.20892,33.95893],[131.22402,33.9491],[131.22721,33.96402],[131.22606,33.94678],[131.23322,33.95402],[131.21533,33.93672],[131.23119,33.93782],[131.23901,33.95143],[131.24871,33.94284],[131.23402,33.93644],[131.23255,33.92708],[131.25246,33.9368],[131.25593,33.93193],[131.24665,33.93138],[131.25063,33.92359],[131.24491,33.91897],[131.26843,33.92289],[131.31459,33.95364],[131.33341,33.95339],[131.35576,33.96645],[131.34805,33.98168],[131.36037,33.98582],[131.37817,34.00833],[131.38339,34.02189],[131.37085,34.0268],[131.38651,34.03203],[131.38515,34.05119],[131.40415,34.04259],[131.39538,34.03693],[131.39516,34.02534],[131.41696,34.02139],[131.39447,33.99765],[131.39567,33.98493],[131.40964,33.99767],[131.41146,34.01198],[131.42114,34.01563],[131.43179,34.00668],[131.42412,33.98918],[131.43835,33.98259],[131.44949,33.99542],[131.46115,33.988],[131.45518,34.00385],[131.4797,34.01183],[131.46556,34.02752],[131.47348,34.03753],[131.50874,34.02293],[131.51556,34.01416],[131.50956,34.00359],[131.52289,34.00764],[131.52676,33.99936],[131.5402,33.99759],[131.59942,34.03861],[131.60958,34.02098],[131.63479,34.04679],[131.64353,34.04676],[131.64673,34.03786],[131.67633,34.04289],[131.67862,34.05445],[131.69799,34.04671],[131.70968,34.06046],[131.73876,34.06146],[131.74273,34.07105],[131.74535,34.06572],[131.75319,34.07079],[131.7582,34.06533],[131.73887,34.05526],[131.73723,34.04569],[131.74244,34.05243],[131.74706,34.04591],[131.75804,34.0486],[131.76356,34.05872],[131.78003,34.05351],[131.78298,34.06137],[131.78232,34.05456],[131.79683,34.0591],[131.79283,34.05054],[131.80081,34.04847],[131.7811,34.02751],[131.78847,34.02468],[131.80234,34.04323],[131.82759,34.02933],[131.79765,34.00985],[131.78274,33.99524],[131.78738,33.98767],[131.77202,33.97776],[131.81671,33.96957],[131.82188,33.97593],[131.81696,33.98171],[131.79469,33.98774],[131.81846,33.9931],[131.83174,34.01137],[131.85301,34.00362],[131.85623,34.0084],[131.86866,33.99828],[131.86494,33.98931],[131.91397,33.97017],[131.92362,33.95327],[131.92966,33.96223],[131.92825,33.95248],[131.93637,33.94722],[131.96094,33.94687],[131.96937,33.9304],[131.96305,33.92817],[131.96485,33.91885],[131.97576,33.91744],[131.97011,33.92392],[131.98019,33.92985],[132.02418,33.90178],[132.05698,33.92032],[132.04489,33.90868],[132.07401,33.90545],[132.08231,33.88975],[132.11999,33.87549],[132.11303,33.86029],[132.1167,33.83218],[132.13994,33.8318],[132.15745,33.84471],[132.15827,33.85972],[132.14631,33.86714],[132.14826,33.87461],[132.13006,33.88372],[132.13191,33.91006],[132.11878,33.9531],[132.12458,33.947],[132.12815,33.95723],[132.18464,33.96134],[132.21286,34.00202],[132.22051,34.04865],[132.20869,34.06234],[132.21116,34.08302],[132.2002,34.12033],[132.22252,34.13105],[132.24993,34.13002],[132.25068,34.1655],[132.24576,34.17896],[132.23161,34.18495],[132.23751,34.19005],[132.23081,34.18894],[132.2456,34.21067],[132.19511,34.20451],[132.20453,34.22874],[132.17115,34.22534],[132.17114,34.23341],[132.15731,34.22922],[132.14475,34.23642],[132.14635,34.25678],[132.13357,34.27236],[132.14005,34.28494],[132.12398,34.29678],[132.12737,34.33271],[132.10734,34.32814],[132.10128,34.34531],[132.08526,34.35788],[132.0698,34.3563],[132.0778,34.3879],[132.06973,34.39115],[132.07449,34.40445],[132.06889,34.41626],[132.08099,34.44354],[132.06649,34.4684],[132.02507,34.46238],[132.01542,34.45204],[132.01623,34.43747],[131.99746,34.42779],[131.98994,34.41321],[132.01352,34.38203],[132.01347,34.37133],[131.97402,34.34113],[131.97417,34.32895],[131.96076,34.32079],[131.95868,34.30634],[131.9196,34.33795],[131.89983,34.31907],[131.88755,34.32724],[131.88129,34.30862],[131.86034,34.30462],[131.83406,34.31116],[131.83144,34.30262],[131.82035,34.30244],[131.79287,34.32904],[131.77691,34.33345],[131.77902,34.35021],[131.76525,34.36407],[131.76346,34.38094],[131.78478,34.39986],[131.79382,34.43621],[131.76139,34.43367],[131.75538,34.44036],[131.73783,34.4286],[131.69743,34.43531],[131.69912,34.47703],[131.68234,34.479],[131.68213,34.49284],[131.66797,34.5041],[131.70674,34.53308],[131.70079,34.53774],[131.70283,34.56507],[131.7132,34.56281],[131.72753,34.57675],[131.72,34.58301],[131.71841,34.6134],[131.69482,34.62068],[131.70002,34.64843],[131.68386,34.6688],[131.69062,34.68105]],[[131.73385,34.04876],[131.74028,34.05403],[131.74234,34.0525],[131.7401,34.04968],[131.73858,34.05019],[131.7353,34.04748],[131.73385,34.04876]],[[131.74005,34.04952],[131.73937,34.04757],[131.73757,34.04918],[131.74005,34.04952]],[[131.73925,34.04749],[131.73724,34.04593],[131.73549,34.04748],[131.7375,34.04905],[131.73925,34.04749]]],[[[132.31337,34.12221],[132.31201,34.1202],[132.31305,34.11882],[132.31756,34.11988],[132.31934,34.11893],[132.31823,34.12094],[132.31481,34.12079],[132.31337,34.12221]]],[[[132.0304,33.74014],[132.02781,33.73932],[132.02541,33.73719],[132.02574,33.73618],[132.02978,33.7361],[132.03143,33.73752],[132.0304,33.74014]]],[[[132.15091,33.76389],[132.14002,33.74719],[132.145,33.73081],[132.12662,33.71941],[132.13354,33.71292],[132.15301,33.72745],[132.14608,33.74022],[132.15091,33.76389]]],[[[132.0525,33.77961],[132.05127,33.77886],[132.05187,33.77659],[132.05042,33.77477],[132.04758,33.7752],[132.05115,33.77174],[132.0533,33.77495],[132.0548,33.77526],[132.0525,33.77961]]],[[[131.94395,33.78199],[131.94459,33.78043],[131.94543,33.78089],[131.94395,33.78199]]],[[[132.38802,33.78296],[132.3879,33.78025],[132.39278,33.77726],[132.39245,33.78092],[132.38802,33.78296]]],[[[132.0284,33.78635],[132.02273,33.7849],[132.02293,33.78402],[132.02487,33.78379],[132.0284,33.78635]]],[[[131.9342,33.79498],[131.93051,33.78981],[131.93795,33.78699],[131.9342,33.79498]]],[[[131.97065,33.79799],[131.96264,33.79491],[131.96162,33.78236],[131.94711,33.78075],[131.95041,33.77261],[131.9641,33.76855],[131.99353,33.77974],[131.97065,33.79799]]],[[[132.401,33.81459],[132.39212,33.80828],[132.39447,33.80182],[132.401,33.81459]]],[[[132.25887,33.81625],[132.24937,33.81417],[132.25177,33.80666],[132.25887,33.81625]]],[[[132.2094,33.81729],[132.17748,33.80801],[132.17272,33.79699],[132.19691,33.80425],[132.21566,33.78194],[132.23672,33.78334],[132.25857,33.76884],[132.27334,33.77997],[132.25955,33.77964],[132.24954,33.79524],[132.2094,33.81729]]],[[[132.11929,33.82376],[132.11852,33.82109],[132.11663,33.8198],[132.11918,33.81894],[132.12013,33.81699],[132.12001,33.81361],[132.11831,33.81111],[132.12138,33.81279],[132.12246,33.81627],[132.12067,33.82277],[132.11929,33.82376]]],[[[132.18056,33.84972],[132.17842,33.84893],[132.1783,33.84631],[132.18422,33.84424],[132.18571,33.84589],[132.18518,33.84844],[132.18056,33.84972]]],[[[132.20071,33.85057],[132.19837,33.84892],[132.2006,33.84649],[132.20201,33.84673],[132.20329,33.84926],[132.20071,33.85057]]],[[[132.07141,33.85841],[132.06763,33.8485],[132.08111,33.83615],[132.07902,33.82838],[132.06006,33.81881],[132.05415,33.79827],[132.02792,33.79469],[132.03344,33.78814],[132.05132,33.78545],[132.059,33.80182],[132.07266,33.80312],[132.08775,33.82549],[132.118,33.83061],[132.09153,33.84884],[132.08259,33.84527],[132.07141,33.85841]]],[[[132.35934,33.85862],[132.35414,33.8542],[132.37273,33.84811],[132.35934,33.85862]]],[[[132.31471,33.86758],[132.31105,33.86733],[132.30904,33.86445],[132.30989,33.86264],[132.3134,33.86229],[132.31263,33.8661],[132.31471,33.86758]]],[[[131.9838,33.87106],[131.98101,33.86875],[131.98575,33.8695],[131.9838,33.87106]]],[[[132.01715,33.87139],[132.01604,33.85944],[131.9976,33.85743],[132.02376,33.85186],[132.01715,33.87139]]],[[[132.06473,33.88365],[132.05696,33.87763],[132.06165,33.86677],[132.06995,33.87094],[132.06473,33.88365]]],[[[132.05588,33.88814],[132.05418,33.88845],[132.05727,33.88434],[132.05871,33.88754],[132.05588,33.88814]]],[[[132.0439,33.90087],[132.04158,33.89581],[132.04701,33.89369],[132.04776,33.89155],[132.05097,33.89035],[132.04911,33.8895],[132.04944,33.88708],[132.05214,33.88756],[132.05409,33.88964],[132.05138,33.89394],[132.05233,33.89503],[132.04891,33.89895],[132.0439,33.90087]]],[[[132.39321,33.90486],[132.39165,33.90486],[132.39257,33.90051],[132.39502,33.9042],[132.39321,33.90486]]],[[[132.33525,33.91094],[132.33547,33.91374],[132.33367,33.91516],[132.33329,33.91356],[132.33525,33.91094]]],[[[132.13566,33.91887],[132.13366,33.91843],[132.13441,33.91773],[132.13566,33.91887]]],[[[132.45471,33.92702],[132.45426,33.92103],[132.45718,33.91923],[132.46265,33.91877],[132.46279,33.91718],[132.46612,33.91473],[132.46734,33.91727],[132.46319,33.91947],[132.4627,33.92374],[132.45471,33.92702]]],[[[132.31011,33.92844],[132.30964,33.92609],[132.31266,33.92639],[132.31011,33.92844]]],[[[132.15591,33.93289],[132.15401,33.93158],[132.15467,33.93077],[132.15591,33.93289]]],[[[132.354,33.93174],[132.35347,33.93419],[132.35249,33.93273],[132.354,33.93174]]],[[[130.92888,33.93617],[130.92852,33.93399],[130.93064,33.9308],[130.9318,33.93437],[130.92888,33.93617]]],[[[131.92744,33.94311],[131.92679,33.94075],[131.92928,33.93875],[131.92865,33.93678],[131.9305,33.93569],[131.931,33.93882],[131.92744,33.94311]]],[[[132.16646,33.94733],[132.15445,33.9396],[132.1633,33.93933],[132.16646,33.94733]]],[[[131.69687,33.94984],[131.68935,33.94208],[131.69502,33.93493],[131.70081,33.94034],[131.69687,33.94984]]],[[[130.9122,33.95421],[130.8953,33.94421],[130.88399,33.95274],[130.87535,33.94577],[130.89349,33.93926],[130.89923,33.92182],[130.91002,33.92629],[130.90099,33.91763],[130.91086,33.91115],[130.92345,33.91434],[130.92835,33.92636],[130.91469,33.93834],[130.9122,33.95421]]],[[[130.87764,33.95503],[130.87685,33.95182],[130.87289,33.94972],[130.87648,33.94872],[130.87917,33.95141],[130.8791,33.95431],[130.87764,33.95503]]],[[[131.69961,33.95504],[131.69746,33.95339],[131.69788,33.95126],[131.69946,33.95125],[131.69961,33.95504]]],[[[132.49133,33.95847],[132.48581,33.95627],[132.48687,33.95561],[132.48626,33.95485],[132.48869,33.95305],[132.49059,33.95329],[132.49212,33.95601],[132.49133,33.95847]]],[[[131.7013,33.9592],[131.69867,33.95878],[131.69743,33.95725],[131.69839,33.95663],[131.7013,33.9592]]],[[[132.34773,33.95933],[132.33671,33.94766],[132.35265,33.93934],[132.35553,33.95251],[132.34773,33.95933]]],[[[131.80078,33.96297],[131.79934,33.9608],[131.79987,33.95755],[131.80141,33.95829],[131.80236,33.96212],[131.80078,33.96297]]],[[[132.4708,33.96657],[132.45865,33.96394],[132.47808,33.95445],[132.4708,33.96657]]],[[[132.23399,33.96763],[132.22935,33.95958],[132.21261,33.96404],[132.20553,33.94913],[132.18456,33.95373],[132.188,33.93471],[132.17348,33.9264],[132.17623,33.89445],[132.20419,33.87868],[132.19958,33.87116],[132.20787,33.857],[132.21983,33.87439],[132.25693,33.87809],[132.2642,33.86891],[132.27722,33.87077],[132.26805,33.87669],[132.26897,33.89021],[132.28856,33.90214],[132.28959,33.89081],[132.30019,33.89663],[132.32497,33.89129],[132.32683,33.88172],[132.33614,33.8843],[132.32739,33.85756],[132.34767,33.86967],[132.37218,33.86202],[132.36234,33.89626],[132.37178,33.91074],[132.39896,33.91782],[132.40868,33.90988],[132.42117,33.92518],[132.43639,33.93237],[132.44295,33.92794],[132.47201,33.94841],[132.44446,33.94212],[132.43865,33.95156],[132.41746,33.95324],[132.40183,33.94087],[132.40127,33.92824],[132.36977,33.92839],[132.35331,33.91762],[132.35399,33.90714],[132.33118,33.90126],[132.31673,33.90602],[132.3199,33.92195],[132.31285,33.91494],[132.30126,33.92009],[132.28584,33.95542],[132.26437,33.94841],[132.23399,33.96763]]],[[[131.51197,33.96778],[131.50929,33.96717],[131.50996,33.96633],[131.51197,33.96778]]],[[[131.42215,33.97064],[131.42082,33.96892],[131.42155,33.96839],[131.42413,33.97004],[131.42215,33.97064]]],[[[132.34873,33.97379],[132.34418,33.97029],[132.35101,33.96137],[132.35554,33.96704],[132.34873,33.97379]]],[[[130.86451,33.98091],[130.86151,33.97038],[130.86752,33.97205],[130.86451,33.98091]]],[[[131.73644,33.98206],[131.73269,33.98024],[131.73706,33.97882],[131.73809,33.98046],[131.73644,33.98206]]],[[[131.75992,33.9835],[131.76231,33.97499],[131.76892,33.98003],[131.75992,33.9835]]],[[[132.43121,33.98288],[132.43095,33.98386],[132.42915,33.9819],[132.43141,33.9798],[132.43248,33.9807],[132.43121,33.98288]]],[[[132.35296,33.98975],[132.34937,33.98851],[132.3495,33.98652],[132.35379,33.98751],[132.35459,33.98878],[132.35296,33.98975]]],[[[131.85809,33.99005],[131.85367,33.97396],[131.84407,33.97047],[131.84844,33.95184],[131.83335,33.95605],[131.83339,33.94825],[131.82068,33.94478],[131.81686,33.95694],[131.8056,33.93999],[131.82649,33.93106],[131.86171,33.95102],[131.85821,33.96367],[131.87743,33.97079],[131.85809,33.99005]]],[[[132.43194,33.99026],[132.4301,33.99308],[132.42971,33.99008],[132.43194,33.98813],[132.43278,33.98861],[132.43194,33.99026]]],[[[130.89524,33.99311],[130.89028,33.99017],[130.89466,33.99298],[130.89559,33.98517],[130.90539,33.99034],[130.89524,33.99311]]],[[[131.02682,33.99624],[131.02458,33.99565],[131.02857,33.99541],[131.02682,33.99624]]],[[[132.33107,34.00363],[132.33001,34.00324],[132.32881,33.99401],[132.33169,33.99114],[132.33429,33.99152],[132.33561,33.99443],[132.33493,33.99863],[132.33107,34.00363]]],[[[132.26371,34.0098],[132.2584,34.00387],[132.2691,33.9945],[132.26371,34.0098]]],[[[132.4316,34.00956],[132.42936,34.00704],[132.42914,34.00477],[132.43075,34.00199],[132.43198,34.00221],[132.4301,34.00605],[132.43238,34.00895],[132.4316,34.00956]]],[[[131.72309,34.01808],[131.72239,34.01731],[131.72454,34.01549],[131.72571,34.01642],[131.72309,34.01808]]],[[[131.79797,34.02416],[131.794,34.02269],[131.79397,34.02043],[131.79578,34.01955],[131.79725,34.02067],[131.79896,34.02308],[131.79797,34.02416]]],[[[131.58618,34.02352],[131.56888,34.01342],[131.55581,33.99027],[131.5643,33.9938],[131.56616,33.98696],[131.59158,33.99937],[131.60136,34.01449],[131.58618,34.02352]]],[[[132.3254,34.02274],[132.32417,34.0241],[132.32519,34.02106],[132.3261,34.02143],[132.3254,34.02274]]],[[[132.41497,34.03035],[132.40285,34.02731],[132.40567,34.01428],[132.42678,34.01108],[132.43078,34.01516],[132.41497,34.03035]]],[[[131.72029,34.03203],[131.72084,34.03289],[131.71917,34.03405],[131.71852,34.03279],[131.72029,34.03203]]],[[[131.70915,34.03518],[131.70501,34.00803],[131.69144,34.00805],[131.71968,33.98926],[131.71869,33.97964],[131.73283,33.98263],[131.71088,34.00036],[131.70941,34.0254],[131.71541,34.03112],[131.70915,34.03518]]],[[[132.41994,34.03734],[132.41833,34.03706],[132.4168,34.03467],[132.42247,34.03213],[132.42752,34.03445],[132.41994,34.03734]]],[[[132.39167,34.04271],[132.37623,34.03684],[132.38406,34.02672],[132.39167,34.04271]]],[[[131.77298,34.05032],[131.76274,34.04808],[131.75283,34.03273],[131.73085,34.0364],[131.72871,34.02264],[131.75453,34.02844],[131.78022,34.04853],[131.77298,34.05032]]],[[[132.39538,34.0601],[132.39199,34.05603],[132.39739,34.05364],[132.39973,34.0571],[132.39934,34.05848],[132.39771,34.05819],[132.39538,34.0601]]],[[[132.39423,34.07197],[132.39174,34.07101],[132.39116,34.06817],[132.39214,34.06962],[132.39516,34.07023],[132.39423,34.07197]]],[[[130.7788,34.11524],[130.77742,34.10266],[130.79878,34.09235],[130.80013,34.10002],[130.7788,34.11524]]],[[[130.9013,34.17657],[130.89748,34.17158],[130.90504,34.17056],[130.9013,34.17657]]],[[[130.90183,34.18018],[130.89753,34.1792],[130.89697,34.17678],[130.90101,34.17765],[130.90183,34.18018]]],[[[132.24597,34.17914],[132.24692,34.17994],[132.24537,34.18121],[132.24439,34.18039],[132.24597,34.17914]]],[[[130.86697,34.30556],[130.86598,34.30458],[130.86751,34.30445],[130.86697,34.30556]]],[[[130.88698,34.35183],[130.88598,34.35211],[130.88584,34.35074],[130.88725,34.35073],[130.88698,34.35183]]],[[[130.97418,34.36383],[130.96696,34.36309],[130.96478,34.35934],[130.96574,34.35836],[130.96914,34.3608],[130.97255,34.36113],[130.97452,34.36279],[130.97418,34.36383]]],[[[130.86733,34.37371],[130.86577,34.3594],[130.84026,34.35519],[130.84054,34.34526],[130.84762,34.34135],[130.85914,34.35321],[130.87761,34.35346],[130.88051,34.36363],[130.86733,34.37371]]],[[[131.255,34.39415],[131.25234,34.39164],[131.25723,34.39284],[131.25753,34.3939],[131.255,34.39415]]],[[[131.20234,34.39686],[131.20238,34.39322],[131.20446,34.39352],[131.20432,34.39597],[131.20234,34.39686]]],[[[131.2756,34.41031],[131.27581,34.40689],[131.27751,34.40781],[131.2756,34.41031]]],[[[131.26762,34.41845],[131.26692,34.41067],[131.27322,34.41079],[131.26762,34.41845]]],[[[131.31899,34.43286],[131.31705,34.42786],[131.32024,34.42628],[131.32226,34.42768],[131.32217,34.42943],[131.32084,34.43246],[131.31899,34.43286]]],[[[131.24626,34.4383],[131.2174,34.42565],[131.1667,34.42864],[131.17449,34.40699],[131.20424,34.39789],[131.21461,34.40105],[131.20733,34.4108],[131.22437,34.42715],[131.22479,34.41688],[131.24708,34.42549],[131.26031,34.41678],[131.26024,34.43065],[131.24626,34.4383]]],[[[131.37589,34.46674],[131.37396,34.46591],[131.37547,34.46265],[131.37691,34.46175],[131.38011,34.46296],[131.37942,34.46555],[131.37589,34.46674]]],[[[131.38067,34.48785],[131.37719,34.48611],[131.37576,34.48217],[131.37945,34.48207],[131.38135,34.48408],[131.38174,34.48732],[131.38067,34.48785]]],[[[131.34369,34.50367],[131.33928,34.50302],[131.33858,34.49974],[131.34106,34.49809],[131.34503,34.4985],[131.34629,34.5021],[131.34369,34.50367]]],[[[131.41248,34.51303],[131.40068,34.49744],[131.40757,34.48928],[131.41894,34.49414],[131.41248,34.51303]]],[[[131.451,34.51441],[131.44848,34.51456],[131.44881,34.51329],[131.45081,34.5128],[131.45186,34.51344],[131.451,34.51441]]],[[[131.27762,34.51799],[131.27122,34.50773],[131.2776,34.49707],[131.29393,34.51132],[131.27762,34.51799]]],[[[131.38945,34.52371],[131.3865,34.5231],[131.38414,34.52098],[131.38406,34.51583],[131.38654,34.51244],[131.39113,34.51432],[131.39227,34.52217],[131.38945,34.52371]]],[[[131.4916,34.54536],[131.49065,34.54401],[131.49223,34.54403],[131.4916,34.54536]]],[[[131.51757,34.56603],[131.5167,34.56474],[131.51804,34.56425],[131.51757,34.56603]]],[[[131.51511,34.56693],[131.51265,34.56525],[131.51657,34.56411],[131.51511,34.56693]]],[[[131.47723,34.5752],[131.47884,34.57203],[131.48109,34.57447],[131.47723,34.5752]]],[[[131.58154,34.63143],[131.58075,34.63062],[131.58159,34.62915],[131.58154,34.63143]]],[[[131.60568,34.67497],[131.60364,34.67392],[131.6059,34.67395],[131.60568,34.67497]]],[[[131.1307,34.79865],[131.13692,34.75832],[131.16091,34.76365],[131.16375,34.77811],[131.14786,34.77841],[131.1488,34.79],[131.1307,34.79865]]]]}},{"type":"Feature","properties":{"P":"徳島県","code":"36"},"geometry":{"type":"MultiPolygon","coordinates":[[[[134.31778,33.54895],[134.31624,33.54655],[134.31836,33.54488],[134.31589,33.54422],[134.31722,33.54349],[134.3169,33.54155],[134.31871,33.54026],[134.32385,33.54022],[134.32431,33.54117],[134.32193,33.54248],[134.32255,33.54404],[134.31778,33.54895]]],[[[134.31708,33.55924],[134.31832,33.5584],[134.31922,33.55927],[134.31708,33.55924]]],[[[134.36752,33.5897],[134.36618,33.58839],[134.3683,33.58822],[134.36752,33.5897]]],[[[134.4222,33.63725],[134.42083,33.63414],[134.42199,33.63022],[134.42413,33.62885],[134.42618,33.62996],[134.42662,33.63544],[134.42545,33.63695],[134.42339,33.63713],[134.4249,33.63565],[134.4222,33.63725]]],[[[134.45013,33.63987],[134.4483,33.63874],[134.44535,33.63977],[134.44509,33.63883],[134.44859,33.63715],[134.44983,33.63756],[134.45013,33.63987]]],[[[134.48587,33.64537],[134.48326,33.63306],[134.49649,33.63002],[134.5049,33.64004],[134.48587,33.64537]]],[[[134.59313,33.7635],[134.5904,33.76159],[134.59032,33.75919],[134.5936,33.75932],[134.59313,33.7635]]],[[[134.80251,33.84363],[134.80177,33.8422],[134.80315,33.83931],[134.80503,33.84007],[134.8044,33.84352],[134.80251,33.84363]]],[[[134.79702,33.84864],[134.79199,33.84678],[134.80157,33.84287],[134.79702,33.84864]]],[[[134.74029,33.85289],[134.73673,33.84989],[134.73305,33.85045],[134.7325,33.8486],[134.72931,33.84766],[134.73687,33.84835],[134.74151,33.85031],[134.74029,33.85289]]],[[[134.81969,33.85771],[134.80735,33.85098],[134.80925,33.84007],[134.81893,33.8434],[134.81969,33.85771]]],[[[134.71034,33.85778],[134.70884,33.85544],[134.70972,33.85281],[134.71456,33.85588],[134.71431,33.8569],[134.71302,33.85618],[134.71034,33.85778]]],[[[134.65673,33.86751],[134.64819,33.86388],[134.64937,33.85403],[134.66397,33.86134],[134.65673,33.86751]]],[[[134.67976,33.86968],[134.67132,33.8671],[134.67349,33.85971],[134.67976,33.86968]]],[[[134.66722,33.87731],[134.66507,33.87661],[134.66685,33.87622],[134.66722,33.87731]]],[[[134.67559,33.87921],[134.67365,33.87787],[134.6751,33.87794],[134.67559,33.87921]]],[[[134.71424,33.91231],[134.71163,33.91158],[134.71256,33.91104],[134.71424,33.91231]]],[[[134.72263,33.92616],[134.71944,33.92361],[134.72173,33.92396],[134.72263,33.92616]]],[[[134.59024,34.05092],[134.58982,34.04911],[134.59192,34.04877],[134.59067,34.04525],[134.59377,34.04449],[134.59611,34.04932],[134.59024,34.05092]]],[[[134.6,34.06831],[134.59113,34.05569],[134.60324,34.05578],[134.6,34.06831]]],[[[134.64366,34.23954],[134.61702,34.23229],[134.61332,34.22302],[134.62463,34.218],[134.62132,34.21037],[134.59061,34.21187],[134.58972,34.20302],[134.62406,34.1858],[134.64366,34.23954]]],[[[134.30566,33.54862],[134.31404,33.54561],[134.31985,33.55498],[134.30691,33.56138],[134.31784,33.58183],[134.36284,33.57988],[134.33173,33.58311],[134.36391,33.58865],[134.3643,33.60201],[134.38945,33.62294],[134.36252,33.62808],[134.37714,33.63271],[134.39714,33.65693],[134.41377,33.65483],[134.42018,33.66596],[134.44243,33.66403],[134.51696,33.7017],[134.54268,33.71928],[134.54413,33.73693],[134.5546,33.74194],[134.56573,33.73239],[134.57485,33.75335],[134.56994,33.76173],[134.58049,33.7622],[134.58176,33.77152],[134.59414,33.77267],[134.60228,33.76432],[134.60184,33.77206],[134.62023,33.78666],[134.64104,33.78117],[134.64227,33.78938],[134.74991,33.83399],[134.74197,33.84212],[134.71923,33.8313],[134.70082,33.83619],[134.67975,33.83049],[134.69638,33.84279],[134.72021,33.84506],[134.69249,33.8482],[134.692,33.85428],[134.6691,33.84375],[134.65778,33.84873],[134.64285,33.84302],[134.64496,33.86535],[134.62879,33.85695],[134.63679,33.87235],[134.66077,33.87584],[134.65345,33.88242],[134.66631,33.87876],[134.6756,33.88594],[134.67446,33.87967],[134.69875,33.90622],[134.70563,33.92594],[134.69598,33.95172],[134.66494,33.96508],[134.63919,34.0078],[134.62611,34.009],[134.63417,33.99315],[134.61191,33.99169],[134.60752,33.98273],[134.60584,33.99391],[134.61426,33.99681],[134.58827,34.00809],[134.6009,34.0184],[134.58882,34.02798],[134.59536,34.03285],[134.5869,34.0352],[134.59099,34.04455],[134.58398,34.04282],[134.60512,34.09069],[134.60334,34.11632],[134.6076,34.1255],[134.6234,34.12816],[134.62554,34.13654],[134.61624,34.14443],[134.64191,34.18],[134.62437,34.18075],[134.58645,34.20133],[134.58891,34.23902],[134.5684,34.23571],[134.57227,34.22263],[134.5056,34.22572],[134.47179,34.20877],[134.44021,34.20785],[134.4391,34.19128],[134.42926,34.18335],[134.43387,34.16951],[134.4153,34.15705],[134.40196,34.16802],[134.38549,34.1651],[134.35553,34.18529],[134.34419,34.17238],[134.31445,34.17722],[134.29757,34.16868],[134.29223,34.17914],[134.26026,34.18356],[134.2043,34.17269],[134.17133,34.17562],[134.13718,34.15473],[134.13931,34.13408],[134.12233,34.11879],[134.09448,34.11459],[134.07956,34.12114],[134.06135,34.11103],[134.05148,34.11803],[134.02626,34.08509],[134.01043,34.08677],[133.99393,34.07262],[133.97305,34.07302],[133.94453,34.09302],[133.93931,34.11534],[133.9223,34.11441],[133.90309,34.10007],[133.89285,34.1082],[133.86708,34.10015],[133.85872,34.10526],[133.82294,34.09304],[133.81769,34.07224],[133.79783,34.06976],[133.79157,34.07817],[133.77796,34.07893],[133.72899,34.04416],[133.72132,34.02229],[133.67955,34.01252],[133.68574,34.00366],[133.67509,33.98368],[133.68204,33.98351],[133.68298,33.96459],[133.69236,33.96246],[133.68713,33.95533],[133.69257,33.94399],[133.67568,33.92638],[133.68563,33.92572],[133.69052,33.91629],[133.67758,33.90955],[133.67795,33.89308],[133.66092,33.88376],[133.66641,33.86601],[133.70174,33.84979],[133.73832,33.84973],[133.74824,33.83677],[133.77577,33.8423],[133.81777,33.83732],[133.83869,33.84517],[133.87236,33.80619],[133.89338,33.80494],[133.91278,33.7914],[133.94747,33.80374],[133.9511,33.82869],[133.95978,33.83466],[133.98515,33.84078],[133.99735,33.82117],[134.03268,33.82844],[134.03331,33.80928],[134.05812,33.78103],[134.0561,33.75195],[134.06836,33.72933],[134.0701,33.7112],[134.05806,33.69103],[134.12626,33.69589],[134.14771,33.68495],[134.17443,33.68441],[134.17133,33.65769],[134.18417,33.64902],[134.14925,33.62714],[134.15596,33.61179],[134.17596,33.6071],[134.17058,33.59697],[134.18472,33.58869],[134.19317,33.56163],[134.21871,33.56754],[134.23851,33.55292],[134.28171,33.56102],[134.30566,33.54862]]],[[[134.60724,34.25165],[134.58796,34.23198],[134.59107,34.21402],[134.60661,34.23171],[134.61725,34.23307],[134.61594,34.24819],[134.60724,34.25165]]]]}},{"type":"Feature","properties":{"P":"香川県","code":"37"},"geometry":{"type":"MultiPolygon","coordinates":[[[[133.9201,34.4185],[133.92337,34.41666],[133.92528,34.41882],[133.9201,34.4185]]],[[[134.00756,34.49804],[134.02212,34.47926],[134.02388,34.50684],[134.01658,34.4959],[134.00756,34.49804]]],[[[134.44021,34.20785],[134.40804,34.22462],[134.40448,34.23028],[134.4115,34.23578],[134.39703,34.23771],[134.39374,34.2511],[134.37814,34.26175],[134.36994,34.25002],[134.34322,34.25233],[134.30592,34.27849],[134.28741,34.27557],[134.27097,34.29021],[134.2584,34.2849],[134.24634,34.30571],[134.26554,34.31991],[134.26584,34.33661],[134.25847,34.33661],[134.25012,34.35159],[134.23377,34.33717],[134.2183,34.34974],[134.21132,34.36913],[134.20433,34.36681],[134.2118,34.34784],[134.19232,34.34387],[134.18311,34.35167],[134.18898,34.33258],[134.17926,34.33309],[134.17984,34.32517],[134.16432,34.32681],[134.15355,34.34437],[134.16367,34.38258],[134.13634,34.40033],[134.1203,34.39728],[134.12881,34.38606],[134.11642,34.37627],[134.12235,34.36067],[134.11529,34.3589],[134.0923,34.38458],[134.08566,34.35174],[134.07867,34.35],[134.075,34.36178],[134.06981,34.35157],[134.06954,34.36458],[134.05517,34.35624],[134.06397,34.35359],[134.05887,34.3478],[134.04806,34.35714],[134.02932,34.34853],[134.03249,34.35307],[134.0032,34.35923],[134.0004,34.35136],[133.97811,34.37246],[133.96644,34.36325],[133.95919,34.37764],[133.93846,34.37568],[133.93023,34.38934],[133.91756,34.37685],[133.89395,34.38242],[133.88805,34.37516],[133.89495,34.35459],[133.8679,34.33744],[133.86595,34.32768],[133.83668,34.3245],[133.83097,34.33138],[133.85762,34.3458],[133.85362,34.36054],[133.82892,34.34215],[133.84069,34.36057],[133.8189,34.35218],[133.82676,34.32083],[133.78894,34.30807],[133.79668,34.30171],[133.79294,34.29399],[133.78274,34.31066],[133.77214,34.30598],[133.78331,34.30001],[133.77534,34.2965],[133.77821,34.28968],[133.7654,34.30249],[133.77001,34.28706],[133.75171,34.27873],[133.7468,34.28537],[133.7404,34.28194],[133.74789,34.27621],[133.74388,34.27181],[133.73131,34.27869],[133.73562,34.26144],[133.70189,34.23606],[133.68175,34.234],[133.674,34.22199],[133.6785,34.23632],[133.67239,34.22695],[133.66802,34.2332],[133.67285,34.24696],[133.65073,34.23281],[133.6229,34.23558],[133.61261,34.25045],[133.58964,34.26013],[133.557,34.26143],[133.57449,34.25798],[133.57975,34.24938],[133.57334,34.24295],[133.60404,34.23411],[133.64868,34.19246],[133.6338,34.12611],[133.63916,34.12479],[133.62797,34.11895],[133.63734,34.11291],[133.63865,34.09297],[133.6312,34.06015],[133.62275,34.04939],[133.59887,34.04269],[133.61331,34.03232],[133.62688,34.03777],[133.63946,34.02593],[133.66443,34.02751],[133.67955,34.01252],[133.72132,34.02229],[133.72899,34.04416],[133.77796,34.07893],[133.79157,34.07817],[133.79783,34.06976],[133.81769,34.07224],[133.82294,34.09304],[133.85872,34.10526],[133.86708,34.10015],[133.89285,34.1082],[133.90309,34.10007],[133.9223,34.11441],[133.93931,34.11534],[133.94453,34.09302],[133.97305,34.07302],[133.99393,34.07262],[134.01043,34.08677],[134.02626,34.08509],[134.05148,34.11803],[134.06135,34.11103],[134.07956,34.12114],[134.09448,34.11459],[134.12233,34.11879],[134.13931,34.13408],[134.13718,34.15473],[134.17133,34.17562],[134.2043,34.17269],[134.26026,34.18356],[134.29223,34.17914],[134.29757,34.16868],[134.31445,34.17722],[134.34419,34.17238],[134.35553,34.18529],[134.38549,34.1651],[134.40196,34.16802],[134.4153,34.15705],[134.43387,34.16951],[134.42926,34.18335],[134.4391,34.19128],[134.44021,34.20785]]],[[[133.4485,34.11029],[133.44656,34.10749],[133.449,34.10668],[133.45012,34.10721],[133.4485,34.11029]]],[[[133.52717,34.13661],[133.53121,34.12462],[133.54191,34.12886],[133.52717,34.13661]]],[[[133.45297,34.15589],[133.45301,34.15348],[133.4566,34.1538],[133.45538,34.15562],[133.45297,34.15589]]],[[[133.63333,34.19479],[133.6306,34.19351],[133.63098,34.19253],[133.63287,34.19169],[133.63561,34.1927],[133.63284,34.19398],[133.63333,34.19479]]],[[[133.62798,34.20344],[133.62191,34.20125],[133.63102,34.19724],[133.62798,34.20344]]],[[[133.60946,34.221],[133.60747,34.2198],[133.60771,34.21725],[133.60916,34.21619],[133.61035,34.2176],[133.60946,34.221]]],[[[133.70165,34.25943],[133.69954,34.2583],[133.70107,34.25641],[133.70297,34.25809],[133.70165,34.25943]]],[[[133.67485,34.27443],[133.6714,34.26859],[133.68421,34.27025],[133.67485,34.27443]]],[[[134.30782,34.28242],[134.30696,34.28102],[134.30842,34.27993],[134.30782,34.28242]]],[[[134.30908,34.28457],[134.30782,34.2838],[134.30845,34.28311],[134.30976,34.28322],[134.30908,34.28457]]],[[[133.6267,34.28702],[133.62008,34.25608],[133.63301,34.26916],[133.65492,34.27036],[133.65633,34.28122],[133.63529,34.27267],[133.6267,34.28702]]],[[[134.27356,34.32331],[134.27238,34.32165],[134.27479,34.3214],[134.27356,34.32331]]],[[[133.66433,34.32554],[133.67049,34.30814],[133.68013,34.30582],[133.68013,34.31711],[133.66433,34.32554]]],[[[133.64658,34.33428],[133.64523,34.3368],[133.6426,34.33757],[133.63848,34.33628],[133.63838,34.33511],[133.64098,34.33348],[133.64658,34.33428]]],[[[133.62132,34.35439],[133.62537,34.3306],[133.63172,34.33898],[133.62132,34.35439]]],[[[133.99991,34.35833],[134.00023,34.35979],[133.99451,34.36322],[133.9931,34.36277],[133.993,34.35807],[133.99805,34.35611],[133.9982,34.35755],[133.99991,34.35833]]],[[[133.77967,34.3655],[133.77459,34.35672],[133.78645,34.35754],[133.77967,34.3655]]],[[[133.85248,34.37379],[133.85002,34.37287],[133.85481,34.37067],[133.85417,34.37329],[133.85248,34.37379]]],[[[133.64946,34.38328],[133.64227,34.37827],[133.65106,34.373],[133.64946,34.38328]]],[[[133.82946,34.39496],[133.82814,34.39479],[133.82739,34.3922],[133.83213,34.38721],[133.83249,34.3914],[133.83134,34.39416],[133.82946,34.39496]]],[[[133.82048,34.39537],[133.81234,34.39192],[133.81886,34.38269],[133.82048,34.39537]]],[[[133.92256,34.39651],[133.921,34.3946],[133.92158,34.39287],[133.92441,34.39186],[133.92534,34.39413],[133.92256,34.39651]]],[[[133.81187,34.39716],[133.81057,34.39723],[133.811,34.3938],[133.81226,34.39446],[133.81187,34.39716]]],[[[134.17545,34.39574],[134.17361,34.39775],[134.17242,34.39292],[134.17427,34.39045],[134.17616,34.3904],[134.17545,34.39574]]],[[[133.7105,34.3991],[133.70914,34.38726],[133.69158,34.37938],[133.68507,34.36361],[133.69885,34.35201],[133.73051,34.37029],[133.71889,34.3964],[133.7105,34.3991]]],[[[133.77766,34.401],[133.76146,34.38999],[133.75271,34.39861],[133.76019,34.37902],[133.75541,34.36998],[133.79448,34.38735],[133.77766,34.401]]],[[[133.78397,34.40723],[133.77918,34.40138],[133.78996,34.40453],[133.78397,34.40723]]],[[[133.81207,34.40868],[133.80883,34.40819],[133.80751,34.40533],[133.80827,34.40438],[133.81129,34.40427],[133.81154,34.40698],[133.8129,34.40731],[133.81207,34.40868]]],[[[134.05384,34.40922],[134.03817,34.37934],[134.05417,34.39043],[134.05384,34.40922]]],[[[133.67175,34.41082],[133.65085,34.40864],[133.66547,34.38301],[133.67786,34.39528],[133.67175,34.41082]]],[[[134.13677,34.41234],[134.13589,34.41069],[134.13799,34.4099],[134.13677,34.41234]]],[[[134.12102,34.41262],[134.11971,34.41003],[134.12294,34.41103],[134.12102,34.41262]]],[[[134.1054,34.4146],[134.10095,34.40055],[134.11168,34.40456],[134.1054,34.4146]]],[[[133.78024,34.41517],[133.77608,34.41337],[133.77823,34.41232],[133.78122,34.41406],[133.78024,34.41517]]],[[[133.83681,34.41581],[133.83597,34.41573],[133.83692,34.41398],[133.83961,34.41309],[133.83681,34.41581]]],[[[134.12624,34.42115],[134.12287,34.41898],[134.12257,34.41627],[134.12684,34.41651],[134.12657,34.41807],[134.12786,34.41923],[134.12624,34.42115]]],[[[134.28952,34.42637],[134.28734,34.42636],[134.28782,34.42514],[134.29018,34.42563],[134.28952,34.42637]]],[[[133.8046,34.42737],[133.79561,34.42527],[133.80732,34.4128],[133.8046,34.42737]]],[[[134.0626,34.43322],[134.05371,34.4176],[134.06473,34.42227],[134.0626,34.43322]]],[[[134.34713,34.44053],[134.345,34.43991],[134.3476,34.43738],[134.35021,34.43746],[134.34713,34.44053]]],[[[134.01363,34.44229],[134.00957,34.4411],[134.0068,34.44191],[134.00377,34.44014],[134.00437,34.43807],[134.00712,34.43556],[134.01035,34.43609],[134.01427,34.4399],[134.01484,34.44152],[134.01363,34.44229]]],[[[134.32535,34.44732],[134.32183,34.4477],[134.32165,34.44544],[134.32535,34.44732]]],[[[134.01681,34.45092],[134.01437,34.45087],[134.01493,34.44949],[134.01681,34.45092]]],[[[133.96547,34.46184],[133.95669,34.45615],[133.96761,34.45446],[133.96547,34.46184]]],[[[134.11038,34.4645],[134.10958,34.46351],[134.11137,34.46346],[134.11038,34.4645]]],[[[134.18947,34.47282],[134.18459,34.47013],[134.18553,34.46767],[134.19039,34.47078],[134.18947,34.47282]]],[[[134.00435,34.47318],[134.00143,34.46126],[134.01008,34.47029],[134.00435,34.47318]]],[[[133.9537,34.47782],[133.95071,34.47548],[133.95073,34.47346],[133.95487,34.47109],[133.95489,34.46825],[133.95884,34.46857],[133.95839,34.47166],[133.95595,34.47342],[133.9565,34.475],[133.9537,34.47782]]],[[[134.30103,34.47417],[134.30258,34.47588],[134.29899,34.47787],[134.29758,34.47536],[134.30103,34.47417]]],[[[133.99594,34.47776],[133.99531,34.47856],[133.99183,34.4776],[133.99237,34.4749],[133.99652,34.47265],[133.99921,34.4736],[134.00019,34.47576],[133.99649,34.4758],[133.99594,34.47776]]],[[[133.96981,34.47799],[133.96547,34.47018],[133.97628,34.44902],[134.00108,34.44334],[134.01218,34.45112],[134.00304,34.45067],[133.98269,34.47675],[133.96981,34.47799]]],[[[133.97234,34.48051],[133.97285,34.4738],[133.97754,34.47831],[133.97234,34.48051]]],[[[134.12707,34.48222],[134.10813,34.47506],[134.11694,34.47227],[134.12707,34.48222]]],[[[133.99408,34.48682],[133.99072,34.48584],[133.98968,34.48437],[133.99018,34.4815],[133.99404,34.48282],[133.99408,34.48682]]],[[[134.35361,34.4918],[134.35248,34.49146],[134.35289,34.49023],[134.35442,34.4914],[134.35361,34.4918]]],[[[133.97328,34.49493],[133.97234,34.49342],[133.97329,34.49296],[133.97328,34.49493]]],[[[133.97906,34.4951],[133.98154,34.48776],[133.98519,34.49361],[133.97906,34.4951]]],[[[133.97614,34.49757],[133.97313,34.49577],[133.97618,34.49572],[133.97614,34.49757]]],[[[134.08554,34.49944],[134.03613,34.48145],[134.08262,34.45959],[134.10458,34.48701],[134.08554,34.49944]]],[[[133.97184,34.50211],[133.9701,34.50152],[133.97106,34.49697],[133.97298,34.49756],[133.97184,34.50211]]],[[[133.97795,34.5042],[133.97668,34.50211],[133.97342,34.5017],[133.97428,34.4987],[133.97922,34.50128],[133.97795,34.5042]]],[[[133.97363,34.51252],[133.96988,34.51022],[133.97079,34.50701],[133.96903,34.5046],[133.96979,34.5038],[133.9756,34.50527],[133.97363,34.51252]]],[[[134.15119,34.52071],[134.14479,34.52031],[134.14483,34.51745],[134.14957,34.51612],[134.15263,34.51823],[134.153,34.5204],[134.15119,34.52071]]],[[[134.16469,34.5221],[134.15576,34.51849],[134.15634,34.51744],[134.16056,34.51904],[134.162,34.51777],[134.16501,34.52073],[134.16469,34.5221]]],[[[134.16239,34.53067],[134.15892,34.53049],[134.15866,34.52871],[134.16061,34.5281],[134.16034,34.5295],[134.16239,34.53067]]],[[[134.28084,34.5578],[134.28033,34.55693],[134.28161,34.55618],[134.28084,34.5578]]],[[[134.34682,34.56479],[134.32347,34.56215],[134.29522,34.54672],[134.26437,34.55327],[134.23842,34.52937],[134.18546,34.51576],[134.16846,34.52582],[134.15598,34.50484],[134.16495,34.50712],[134.18096,34.48748],[134.15644,34.49204],[134.14132,34.47021],[134.15274,34.46096],[134.19444,34.48476],[134.21208,34.48152],[134.21647,34.47359],[134.22839,34.48065],[134.22958,34.46889],[134.23612,34.47055],[134.2423,34.4591],[134.22348,34.43836],[134.23715,34.43756],[134.23782,34.43068],[134.22456,34.42505],[134.23551,34.41478],[134.25127,34.42441],[134.24691,34.43017],[134.26763,34.46788],[134.29634,34.47975],[134.31021,34.47746],[134.31666,34.45964],[134.28423,34.46079],[134.28672,34.44758],[134.27826,34.44686],[134.28443,34.44216],[134.30307,34.45782],[134.31963,34.45801],[134.33779,34.4329],[134.3361,34.44941],[134.35358,34.47617],[134.3428,34.48793],[134.35181,34.49236],[134.34764,34.50222],[134.36005,34.52902],[134.35538,34.53929],[134.36202,34.54186],[134.35163,34.53833],[134.34356,34.54502],[134.36679,34.56104],[134.34672,34.55608],[134.34682,34.56479]]]]}},{"type":"Feature","properties":{"P":"愛媛県","code":"38"},"geometry":{"type":"MultiPolygon","coordinates":[[[[133.04992,34.28523],[133.04959,34.28414],[133.0507,34.28401],[133.04992,34.28523]]],[[[133.67955,34.01252],[133.66443,34.02751],[133.63946,34.02593],[133.62688,34.03777],[133.61331,34.03232],[133.5985,34.04363],[133.57853,34.03133],[133.57225,34.01718],[133.56777,34.02339],[133.56128,34.00901],[133.55165,34.01301],[133.55559,34.001],[133.54606,34.00784],[133.54112,34.00334],[133.55012,33.99212],[133.54301,33.98532],[133.53935,33.99409],[133.5336,33.98838],[133.53878,33.98375],[133.53264,33.98697],[133.5163,33.97203],[133.49052,33.96925],[133.41061,33.99057],[133.35839,33.97905],[133.34039,33.99249],[133.33626,33.98032],[133.32849,33.98162],[133.33307,33.99089],[133.32588,33.99383],[133.28578,33.98027],[133.28062,33.98966],[133.27875,33.98144],[133.26703,33.98024],[133.27913,33.97417],[133.26675,33.97253],[133.27124,33.96846],[133.2638,33.96989],[133.26374,33.96122],[133.26086,33.97994],[133.24889,33.97621],[133.25424,33.95591],[133.247,33.95982],[133.24624,33.95293],[133.19931,33.94621],[133.20164,33.93566],[133.19576,33.94601],[133.17825,33.94759],[133.17164,33.92788],[133.1679,33.93817],[133.13296,33.92735],[133.1258,33.9415],[133.11906,33.92467],[133.11234,33.93052],[133.11932,33.94108],[133.10776,33.94776],[133.09361,33.94037],[133.09523,33.94947],[133.08828,33.94542],[133.08675,33.95754],[133.06321,33.97467],[133.0666,33.98265],[133.03151,34.05296],[133.02529,34.04996],[133.021,34.06424],[133.00679,34.06591],[132.97842,34.11524],[132.96907,34.10711],[132.94159,34.14204],[132.92369,34.11605],[132.89133,34.11789],[132.89792,34.10992],[132.92624,34.10942],[132.93161,34.09235],[132.91918,34.0856],[132.92161,34.06643],[132.86509,34.05922],[132.80068,34.01048],[132.76559,33.99844],[132.7749,33.98971],[132.77175,33.96227],[132.75523,33.91132],[132.73058,33.8996],[132.71072,33.90668],[132.69847,33.87876],[132.71894,33.86485],[132.70648,33.86689],[132.7104,33.85408],[132.69616,33.85201],[132.70079,33.83881],[132.68733,33.83412],[132.6961,33.81108],[132.68599,33.81435],[132.68336,33.80847],[132.68987,33.78832],[132.70196,33.78786],[132.69341,33.78488],[132.69925,33.75659],[132.69361,33.76033],[132.69286,33.75229],[132.67793,33.74432],[132.65366,33.69787],[132.58596,33.65358],[132.50805,33.63032],[132.48625,33.61569],[132.47958,33.61889],[132.42253,33.54789],[132.30481,33.48614],[132.28222,33.48157],[132.27781,33.47343],[132.25892,33.47378],[132.2657,33.46761],[132.26108,33.45046],[132.24335,33.45813],[132.24922,33.46024],[132.24214,33.46564],[132.22575,33.45913],[132.22461,33.44451],[132.19959,33.45609],[132.19606,33.4427],[132.17289,33.44625],[132.1738,33.42635],[132.15656,33.43972],[132.1481,33.43244],[132.16966,33.41872],[132.16519,33.41103],[132.15332,33.40712],[132.13835,33.42107],[132.13497,33.40275],[132.12013,33.41986],[132.01491,33.34413],[132.05163,33.35761],[132.04816,33.36625],[132.09483,33.38763],[132.12079,33.38835],[132.11202,33.37934],[132.11758,33.37269],[132.10283,33.37207],[132.10334,33.36191],[132.1531,33.37359],[132.15408,33.39032],[132.18241,33.41214],[132.23711,33.42547],[132.25532,33.44131],[132.28056,33.44711],[132.29975,33.47468],[132.31613,33.45201],[132.32429,33.47301],[132.35311,33.47369],[132.3419,33.48469],[132.35128,33.4883],[132.37181,33.47237],[132.37321,33.46047],[132.39035,33.47698],[132.40163,33.46781],[132.39037,33.46834],[132.38768,33.45939],[132.41988,33.46237],[132.40806,33.4465],[132.38428,33.44223],[132.41621,33.44291],[132.40669,33.42551],[132.39549,33.42938],[132.37999,33.41645],[132.39395,33.41323],[132.38955,33.40443],[132.39675,33.39795],[132.37871,33.38584],[132.38907,33.37193],[132.38505,33.36227],[132.40453,33.37162],[132.41061,33.38397],[132.41938,33.38305],[132.40618,33.36003],[132.42042,33.35665],[132.40919,33.35321],[132.41107,33.34318],[132.39203,33.34711],[132.38884,33.33767],[132.38551,33.34327],[132.37715,33.33779],[132.37059,33.31862],[132.39413,33.31921],[132.40059,33.30925],[132.42125,33.30341],[132.43127,33.31998],[132.45198,33.30901],[132.46936,33.31293],[132.46924,33.31937],[132.4905,33.31625],[132.49209,33.3254],[132.49835,33.31194],[132.52237,33.31584],[132.52816,33.30658],[132.50839,33.30608],[132.48308,33.28963],[132.46818,33.25548],[132.48316,33.26508],[132.47574,33.26984],[132.48292,33.27487],[132.50095,33.27014],[132.50937,33.25918],[132.54223,33.27159],[132.5409,33.25866],[132.52017,33.2488],[132.53881,33.23511],[132.55268,33.2362],[132.55769,33.22019],[132.53948,33.22693],[132.54396,33.21389],[132.51588,33.21617],[132.49996,33.20437],[132.50146,33.19374],[132.48901,33.19973],[132.50026,33.19055],[132.50874,33.19389],[132.50428,33.18799],[132.5149,33.17245],[132.50129,33.17013],[132.5047,33.17973],[132.49256,33.18435],[132.49674,33.17129],[132.48675,33.16443],[132.47716,33.1698],[132.48272,33.18587],[132.47118,33.17633],[132.45823,33.18435],[132.45856,33.21071],[132.44697,33.20067],[132.42074,33.21451],[132.39307,33.20491],[132.38946,33.19805],[132.39775,33.19614],[132.40101,33.18469],[132.41871,33.19627],[132.40741,33.19573],[132.4036,33.20537],[132.42259,33.20855],[132.43842,33.18533],[132.44779,33.1927],[132.4471,33.18467],[132.46462,33.17198],[132.43267,33.16909],[132.4333,33.15364],[132.42526,33.15528],[132.44299,33.14864],[132.4407,33.1382],[132.45189,33.13176],[132.45361,33.14251],[132.47635,33.13493],[132.47812,33.14192],[132.50031,33.13711],[132.4977,33.12847],[132.50283,33.12974],[132.49916,33.12038],[132.48366,33.1247],[132.47056,33.11473],[132.46903,33.12621],[132.44685,33.12446],[132.46224,33.12151],[132.47514,33.10706],[132.47092,33.09938],[132.48068,33.09857],[132.4639,33.09219],[132.46124,33.08621],[132.47039,33.08045],[132.46152,33.07609],[132.47305,33.07079],[132.47876,33.08415],[132.48621,33.07609],[132.47979,33.07124],[132.48879,33.06608],[132.4842,33.05688],[132.47958,33.06491],[132.44868,33.05544],[132.44714,33.06548],[132.43362,33.05293],[132.42492,33.06729],[132.41396,33.06274],[132.41581,33.07194],[132.40936,33.07097],[132.39719,33.05729],[132.40493,33.04739],[132.39519,33.03877],[132.39749,33.02951],[132.37872,33.0215],[132.39613,33.01334],[132.39994,33.02679],[132.41166,33.02771],[132.40413,33.03464],[132.41099,33.03875],[132.41044,33.05639],[132.42816,33.0538],[132.42987,33.04581],[132.43887,33.05122],[132.45225,33.03518],[132.44964,33.04797],[132.4708,33.04927],[132.47056,33.03966],[132.48366,33.0482],[132.48495,33.01067],[132.49498,33.0184],[132.50605,33.00495],[132.5006,32.9938],[132.51123,32.97674],[132.53788,32.97319],[132.55389,32.96025],[132.49267,32.96468],[132.5031,32.97274],[132.49619,32.97721],[132.5053,32.97967],[132.4948,32.98315],[132.49766,32.98743],[132.48491,32.98065],[132.48417,32.97155],[132.47051,32.96994],[132.50279,32.95605],[132.49214,32.93988],[132.46053,32.93815],[132.4775,32.92228],[132.47263,32.90673],[132.49166,32.89797],[132.49926,32.9055],[132.51638,32.90343],[132.52699,32.91502],[132.52584,32.9203],[132.49755,32.91802],[132.52613,32.93236],[132.50518,32.94127],[132.51267,32.95013],[132.53615,32.94837],[132.53992,32.93617],[132.56693,32.92939],[132.5481,32.94486],[132.57301,32.94686],[132.57761,32.93915],[132.60243,32.94751],[132.58607,32.93456],[132.59935,32.92195],[132.59903,32.91262],[132.65553,32.9252],[132.65247,32.93915],[132.68339,32.94683],[132.68113,32.96412],[132.69152,32.97357],[132.6757,33.01674],[132.67839,33.03719],[132.65767,33.05706],[132.6695,33.07118],[132.66397,33.10823],[132.62896,33.13292],[132.63229,33.14924],[132.61486,33.16929],[132.61944,33.18088],[132.63566,33.1864],[132.63466,33.17822],[132.66238,33.15442],[132.68689,33.13485],[132.69584,33.13759],[132.73784,33.18216],[132.74064,33.20128],[132.77535,33.20582],[132.77192,33.24106],[132.79156,33.27356],[132.84972,33.28964],[132.90044,33.31894],[132.90044,33.34374],[132.8838,33.36235],[132.86002,33.36846],[132.85451,33.3983],[132.83543,33.40064],[132.83401,33.42015],[132.82339,33.42984],[132.82656,33.4456],[132.80853,33.45326],[132.80944,33.46479],[132.84753,33.47919],[132.87369,33.47098],[132.95843,33.46628],[133.01538,33.48094],[133.0134,33.49058],[133.03426,33.51183],[133.03794,33.52641],[133.06414,33.54251],[133.06231,33.56145],[133.04659,33.57633],[133.05661,33.59575],[133.07962,33.6087],[133.06723,33.62255],[133.07502,33.65062],[133.11653,33.66015],[133.12028,33.69061],[133.14458,33.70465],[133.13982,33.71569],[133.1612,33.73169],[133.15784,33.7503],[133.18262,33.76656],[133.19274,33.79378],[133.20571,33.79451],[133.21984,33.78043],[133.23692,33.78273],[133.25718,33.79386],[133.26777,33.82419],[133.28311,33.832],[133.32538,33.81472],[133.3558,33.83436],[133.39167,33.82443],[133.41501,33.83988],[133.4995,33.82924],[133.50831,33.84712],[133.52635,33.85366],[133.52541,33.86102],[133.54991,33.88199],[133.58312,33.86765],[133.59811,33.88027],[133.62731,33.87203],[133.64342,33.88336],[133.66075,33.88181],[133.67795,33.89308],[133.67758,33.90955],[133.69052,33.91629],[133.68563,33.92572],[133.67568,33.92638],[133.69257,33.94399],[133.68713,33.95533],[133.69236,33.96246],[133.68298,33.96459],[133.68204,33.98351],[133.67509,33.98368],[133.68574,34.00366],[133.67955,34.01252]]],[[[132.56007,32.91259],[132.55689,32.91169],[132.564,32.91061],[132.56007,32.91259]]],[[[132.53786,32.91294],[132.53637,32.91157],[132.53848,32.91166],[132.53786,32.91294]]],[[[132.42726,32.92846],[132.42516,32.92787],[132.42588,32.92693],[132.42726,32.92846]]],[[[132.43277,32.93198],[132.42945,32.93019],[132.43036,32.92901],[132.43242,32.9292],[132.43277,32.93198]]],[[[132.40942,32.93535],[132.40838,32.93471],[132.40908,32.93387],[132.41177,32.93479],[132.40942,32.93535]]],[[[132.40537,32.94617],[132.4033,32.94355],[132.40394,32.93798],[132.40259,32.93433],[132.40415,32.93375],[132.40705,32.9358],[132.40487,32.93845],[132.40612,32.94523],[132.40537,32.94617]]],[[[132.45518,32.9521],[132.43593,32.94176],[132.45547,32.94284],[132.45518,32.9521]]],[[[132.54132,32.96641],[132.54026,32.96509],[132.54164,32.96466],[132.54132,32.96641]]],[[[132.38214,33.01774],[132.38095,33.01681],[132.3815,33.01561],[132.38358,33.01653],[132.38214,33.01774]]],[[[132.45334,33.03134],[132.45219,33.03166],[132.45391,33.02873],[132.45469,33.02929],[132.45334,33.03134]]],[[[132.30872,33.10338],[132.30763,33.10204],[132.30899,33.1022],[132.30872,33.10338]]],[[[132.3519,33.10535],[132.3505,33.10509],[132.35055,33.10414],[132.3519,33.10535]]],[[[132.33247,33.10961],[132.31806,33.10208],[132.33693,33.10638],[132.33247,33.10961]]],[[[132.42217,33.1138],[132.40817,33.10629],[132.41501,33.10235],[132.42217,33.1138]]],[[[132.3389,33.16152],[132.32477,33.15378],[132.34459,33.15893],[132.3389,33.16152]]],[[[132.30895,33.16385],[132.28759,33.16113],[132.30992,33.14806],[132.31505,33.15195],[132.30545,33.15286],[132.30895,33.16385]]],[[[132.39709,33.16758],[132.39215,33.16379],[132.3957,33.16209],[132.39811,33.16488],[132.39709,33.16758]]],[[[132.40337,33.18343],[132.39894,33.18232],[132.39857,33.18085],[132.40015,33.18019],[132.40728,33.183],[132.40337,33.18343]]],[[[132.26339,33.18467],[132.26613,33.16832],[132.28991,33.1629],[132.29464,33.17999],[132.27702,33.17127],[132.26567,33.17406],[132.26339,33.18467]]],[[[132.36841,33.18732],[132.36626,33.18607],[132.3693,33.18334],[132.36947,33.18159],[132.37414,33.18242],[132.37336,33.18599],[132.36841,33.18732]]],[[[132.2708,33.18821],[132.27077,33.18613],[132.27292,33.18642],[132.2708,33.18821]]],[[[132.26171,33.19071],[132.26011,33.19032],[132.26064,33.18902],[132.26487,33.18823],[132.2698,33.18933],[132.26615,33.18872],[132.26171,33.19071]]],[[[132.49928,33.20833],[132.49811,33.20782],[132.49869,33.20609],[132.50021,33.20623],[132.49928,33.20833]]],[[[132.39074,33.20863],[132.38897,33.20801],[132.39054,33.20749],[132.39074,33.20863]]],[[[132.49148,33.22015],[132.48528,33.21664],[132.48378,33.21958],[132.4817,33.21659],[132.47874,33.2161],[132.47838,33.21438],[132.48378,33.21645],[132.48539,33.21515],[132.48839,33.21535],[132.48825,33.2175],[132.49148,33.22015]]],[[[132.37506,33.22163],[132.36525,33.20764],[132.3471,33.20659],[132.35754,33.19973],[132.35766,33.18915],[132.36524,33.18948],[132.36176,33.20308],[132.38267,33.20938],[132.37506,33.22163]]],[[[132.3619,33.23202],[132.35761,33.2283],[132.36419,33.22383],[132.3619,33.23202]]],[[[132.47946,33.23819],[132.4789,33.2372],[132.48055,33.23601],[132.48544,33.23539],[132.48397,33.23705],[132.47946,33.23819]]],[[[132.51775,33.24116],[132.50748,33.22905],[132.52017,33.2179],[132.53439,33.2277],[132.51775,33.24116]]],[[[132.48413,33.31503],[132.48467,33.31351],[132.48706,33.31336],[132.48413,33.31503]]],[[[132.38239,33.34777],[132.38099,33.34571],[132.37767,33.34454],[132.37875,33.3432],[132.38239,33.34777]]],[[[132.40414,33.36078],[132.40261,33.35943],[132.40398,33.35911],[132.40414,33.36078]]],[[[132.38626,33.36934],[132.38055,33.36481],[132.38682,33.3683],[132.38626,33.36934]]],[[[132.34367,33.38089],[132.35773,33.36953],[132.36505,33.37566],[132.34367,33.38089]]],[[[132.342,33.39604],[132.33594,33.3916],[132.34225,33.38097],[132.342,33.39604]]],[[[132.33964,33.40055],[132.33812,33.39892],[132.33947,33.39904],[132.33964,33.40055]]],[[[132.36845,33.44049],[132.36012,33.4401],[132.3648,33.43768],[132.36988,33.43965],[132.36845,33.44049]]],[[[132.35244,33.45824],[132.35269,33.45915],[132.3492,33.45759],[132.34644,33.45862],[132.34439,33.4573],[132.34349,33.45418],[132.34458,33.4531],[132.35107,33.45413],[132.35244,33.45824]]],[[[132.48483,33.73877],[132.47432,33.73292],[132.49124,33.73584],[132.48483,33.73877]]],[[[132.53398,33.85275],[132.51584,33.85293],[132.53005,33.84447],[132.53398,33.85275]]],[[[132.6389,33.89472],[132.63704,33.89512],[132.63696,33.89362],[132.64043,33.88718],[132.64487,33.88695],[132.64612,33.89077],[132.6389,33.89472]]],[[[132.58618,33.91199],[132.58496,33.91088],[132.58689,33.90989],[132.58818,33.91062],[132.58618,33.91199]]],[[[132.57028,33.92032],[132.56938,33.92204],[132.56847,33.92105],[132.57028,33.92032]]],[[[132.69121,33.92651],[132.6795,33.92106],[132.67874,33.91049],[132.66098,33.91096],[132.6532,33.90058],[132.66782,33.89837],[132.66223,33.87688],[132.6686,33.87033],[132.68975,33.87584],[132.67232,33.89564],[132.69294,33.90386],[132.69057,33.91328],[132.7027,33.92646],[132.69121,33.92651]]],[[[132.55892,33.92814],[132.55631,33.92814],[132.56056,33.92557],[132.56251,33.92604],[132.55892,33.92814]]],[[[132.54978,33.9382],[132.51561,33.93254],[132.53572,33.92685],[132.55397,33.93391],[132.54978,33.9382]]],[[[132.63364,33.95128],[132.63489,33.94845],[132.63657,33.94834],[132.63364,33.95128]]],[[[132.56392,33.97003],[132.5621,33.96882],[132.56344,33.96685],[132.565,33.96951],[132.56392,33.97003]]],[[[132.66179,33.97383],[132.6495,33.95734],[132.67471,33.95177],[132.6725,33.97009],[132.66179,33.97383]]],[[[132.76557,33.97645],[132.76259,33.97538],[132.76228,33.97282],[132.76697,33.9728],[132.76557,33.97645]]],[[[132.68958,33.97743],[132.68325,33.96986],[132.69774,33.96572],[132.68958,33.97743]]],[[[132.51252,33.99037],[132.49577,33.98145],[132.50062,33.975],[132.49286,33.96489],[132.52291,33.98634],[132.51252,33.99037]]],[[[132.51807,33.99541],[132.51719,33.99452],[132.51803,33.99226],[132.5214,33.99179],[132.52044,33.9942],[132.51807,33.99541]]],[[[132.56173,33.99419],[132.53518,33.98833],[132.54064,33.97395],[132.53357,33.96886],[132.54042,33.96136],[132.55673,33.98546],[132.56489,33.9867],[132.56173,33.99419]]],[[[133.36727,34.00781],[133.35055,33.99644],[133.36065,33.9899],[133.36887,33.99405],[133.36727,34.00781]]],[[[132.64565,34.01828],[132.62479,33.99475],[132.60966,33.99485],[132.59017,33.97091],[132.57794,33.96842],[132.59924,33.94332],[132.6132,33.95654],[132.64166,33.95657],[132.64076,33.97046],[132.62999,33.97361],[132.64402,33.97942],[132.64089,34.00477],[132.65193,34.01328],[132.64565,34.01828]]],[[[133.1043,34.02379],[133.10165,34.02254],[133.10486,34.02193],[133.1043,34.02379]]],[[[133.09892,34.02425],[133.09799,34.02577],[133.09098,34.02226],[133.09523,34.0191],[133.09744,34.02228],[133.0995,34.02309],[133.09892,34.02425]]],[[[132.59618,34.03147],[132.58883,34.02771],[132.58732,34.02619],[132.58815,34.02484],[132.59456,34.02651],[132.59618,34.03147]]],[[[132.60228,34.03815],[132.60033,34.03755],[132.59953,34.03564],[132.60258,34.03633],[132.60228,34.03815]]],[[[132.72726,34.05207],[132.72468,34.04914],[132.72622,34.04866],[132.72747,34.05],[132.72726,34.05207]]],[[[133.0967,34.06124],[133.0956,34.06011],[133.09653,34.05786],[133.10506,34.05647],[133.10478,34.05983],[133.10213,34.05865],[133.0967,34.06124]]],[[[133.10924,34.06236],[133.108,34.06124],[133.10863,34.06045],[133.11093,34.06063],[133.10924,34.06236]]],[[[132.88239,34.07319],[132.88039,34.07196],[132.88132,34.07114],[132.88239,34.07319]]],[[[132.71027,34.07252],[132.70936,34.07376],[132.70885,34.07252],[132.70522,34.07236],[132.70302,34.07022],[132.70215,34.06648],[132.70323,34.06624],[132.70606,34.06987],[132.71145,34.06903],[132.71205,34.071],[132.71027,34.07252]]],[[[133.17401,34.10857],[133.17281,34.10775],[133.17538,34.1064],[133.17401,34.10857]]],[[[133.1813,34.11191],[133.18258,34.10343],[133.19139,34.10669],[133.1813,34.11191]]],[[[133.00261,34.11829],[133.00125,34.11769],[133.00356,34.11631],[133.0045,34.11738],[133.00261,34.11829]]],[[[132.96961,34.11904],[132.96879,34.11707],[132.97065,34.11766],[132.96961,34.11904]]],[[[132.99362,34.12202],[132.99217,34.12191],[132.99023,34.1186],[132.99154,34.11296],[132.9954,34.11323],[132.99491,34.11703],[132.99587,34.11847],[132.99362,34.12202]]],[[[133.19136,34.12336],[133.1835,34.12194],[133.18136,34.11942],[133.18114,34.11582],[133.18767,34.11658],[133.18618,34.11985],[133.19136,34.12336]]],[[[133.00671,34.12346],[133.00681,34.12216],[133.01091,34.12082],[133.01139,34.12198],[133.00671,34.12346]]],[[[133.15946,34.12418],[133.15851,34.12482],[133.15511,34.12308],[133.15748,34.11889],[133.16076,34.12161],[133.15946,34.12418]]],[[[132.98181,34.12891],[132.97605,34.12722],[132.97356,34.12214],[132.97609,34.1234],[132.9806,34.12313],[132.98336,34.12548],[132.98398,34.1284],[132.98181,34.12891]]],[[[133.00847,34.14667],[133.00825,34.14412],[133.01027,34.14207],[133.01171,34.14441],[133.00847,34.14667]]],[[[133.0858,34.1477],[133.08407,34.14728],[133.08469,34.14625],[133.08662,34.14733],[133.0858,34.1477]]],[[[132.99788,34.15864],[132.98998,34.15125],[133.00941,34.14807],[132.99788,34.15864]]],[[[133.32062,34.16743],[133.31758,34.16662],[133.31735,34.16514],[133.31855,34.16479],[133.32062,34.16743]]],[[[133.35954,34.17404],[133.35948,34.16844],[133.36346,34.16296],[133.36621,34.16705],[133.365,34.16956],[133.35954,34.17404]]],[[[133.30936,34.18382],[133.31569,34.17047],[133.32819,34.17356],[133.32571,34.18063],[133.30936,34.18382]]],[[[132.94262,34.19086],[132.93739,34.18979],[132.93577,34.18802],[132.94111,34.18777],[132.94451,34.19092],[132.94262,34.19086]]],[[[132.90511,34.19425],[132.89609,34.18729],[132.90714,34.18896],[132.90511,34.19425]]],[[[133.08834,34.19487],[133.08345,34.18214],[133.09343,34.18777],[133.08834,34.19487]]],[[[133.03703,34.19529],[133.02081,34.17819],[133.03555,34.16954],[133.04104,34.14996],[133.02639,34.15785],[133.01515,34.14181],[133.01459,34.12829],[133.02312,34.12545],[133.01471,34.10942],[133.0351,34.10772],[133.08681,34.15726],[133.1004,34.15851],[133.11059,34.16955],[133.11209,34.17847],[133.08329,34.16942],[133.06855,34.19173],[133.03703,34.19529]]],[[[133.07579,34.19623],[133.07303,34.1951],[133.07659,34.19346],[133.07715,34.19449],[133.07579,34.19623]]],[[[132.87318,34.19737],[132.86142,34.19325],[132.88045,34.17464],[132.88459,34.18482],[132.89407,34.18452],[132.89158,34.19209],[132.87318,34.19737]]],[[[133.27228,34.20006],[133.26494,34.19693],[133.26832,34.1825],[133.27645,34.18427],[133.27228,34.20006]]],[[[132.92385,34.20207],[132.91822,34.18686],[132.93359,34.18308],[132.92385,34.20207]]],[[[132.93649,34.20558],[132.93491,34.2026],[132.93067,34.20092],[132.93234,34.199],[132.9372,34.20032],[132.9383,34.20186],[132.93649,34.20558]]],[[[132.93782,34.21941],[132.93614,34.21888],[132.93748,34.21854],[132.93782,34.21941]]],[[[133.15791,34.23067],[133.15434,34.22956],[133.15294,34.22489],[133.1507,34.22466],[133.14988,34.22182],[133.14784,34.22162],[133.14899,34.21601],[133.15276,34.21847],[133.15362,34.22341],[133.15653,34.22456],[133.15576,34.22751],[133.15791,34.23067]]],[[[133.25967,34.23577],[133.25039,34.22965],[133.26178,34.22983],[133.25967,34.23577]]],[[[133.10782,34.24167],[133.07877,34.22964],[133.06458,34.23522],[133.05928,34.22664],[133.06705,34.21889],[133.05556,34.20891],[133.07268,34.20732],[133.08128,34.19293],[133.09676,34.20461],[133.10961,34.19095],[133.12617,34.19546],[133.11788,34.2044],[133.13819,34.21082],[133.14056,34.22086],[133.13337,34.21443],[133.10825,34.22077],[133.10782,34.24167]]],[[[133.16375,34.24639],[133.15127,34.24156],[133.15191,34.23323],[133.16719,34.23417],[133.17207,34.24142],[133.16375,34.24639]]],[[[132.94982,34.24942],[132.94451,34.24185],[132.95744,34.24322],[132.94982,34.24942]]],[[[132.95241,34.25241],[132.95079,34.25262],[132.95194,34.25016],[132.95389,34.25155],[132.95241,34.25241]]],[[[133.19316,34.25728],[133.18534,34.25203],[133.18075,34.22667],[133.19194,34.23389],[133.19316,34.25728]]],[[[132.96298,34.27789],[132.9617,34.27726],[132.96242,34.27647],[132.96416,34.27722],[132.96298,34.27789]]],[[[133.1525,34.28041],[133.13247,34.2651],[133.13379,34.24103],[133.16645,34.25645],[133.1525,34.28041]]],[[[132.98025,34.28236],[132.97961,34.28111],[132.98065,34.28109],[132.98025,34.28236]]],[[[133.17191,34.28562],[133.16595,34.28106],[133.17354,34.26963],[133.16987,34.26284],[133.18609,34.25851],[133.18826,34.26875],[133.17191,34.28562]]],[[[133.16431,34.28758],[133.16298,34.28993],[133.16186,34.28909],[133.16273,34.28597],[133.16441,34.2857],[133.16539,34.28715],[133.16431,34.28758]]],[[[133.17121,34.29139],[133.1703,34.29047],[133.17211,34.28671],[133.17356,34.28673],[133.17121,34.29139]]],[[[133.22905,34.29181],[133.19884,34.2688],[133.20056,34.24006],[133.21916,34.24927],[133.20894,34.25861],[133.23683,34.27713],[133.22905,34.29181]]],[[[132.97534,34.29763],[132.97267,34.29544],[132.97352,34.29483],[132.97535,34.29628],[132.97534,34.29763]]],[[[133.01152,34.29968],[132.99618,34.28926],[132.9841,34.2905],[132.98472,34.26972],[132.96492,34.26413],[132.99207,34.25918],[132.99058,34.22498],[132.95442,34.22314],[132.94217,34.20713],[132.95022,34.20465],[132.94863,34.19292],[133.05856,34.22007],[133.05163,34.24195],[133.05728,34.25826],[133.04421,34.2616],[133.02937,34.29283],[133.01152,34.29968]]],[[[133.27432,34.30165],[133.27575,34.29986],[133.27775,34.30033],[133.27432,34.30165]]]]}},{"type":"Feature","properties":{"P":"高知県","code":"39"},"geometry":{"type":"MultiPolygon","coordinates":[[[[133.66075,33.88181],[133.64342,33.88336],[133.62731,33.87203],[133.59811,33.88027],[133.58312,33.86765],[133.54991,33.88199],[133.52541,33.86102],[133.52635,33.85366],[133.50831,33.84712],[133.4995,33.82924],[133.41501,33.83988],[133.39167,33.82443],[133.3558,33.83436],[133.32538,33.81472],[133.28311,33.832],[133.26777,33.82419],[133.25718,33.79386],[133.23692,33.78273],[133.21984,33.78043],[133.20571,33.79451],[133.19274,33.79378],[133.18262,33.76656],[133.15784,33.7503],[133.1612,33.73169],[133.13982,33.71569],[133.14458,33.70465],[133.12028,33.69061],[133.11653,33.66015],[133.07502,33.65062],[133.06723,33.62255],[133.07962,33.6087],[133.05661,33.59575],[133.04659,33.57633],[133.06231,33.56145],[133.06414,33.54251],[133.03794,33.52641],[133.03426,33.51183],[133.0134,33.49058],[133.01538,33.48094],[132.95843,33.46628],[132.87369,33.47098],[132.84753,33.47919],[132.80944,33.46479],[132.80853,33.45326],[132.82656,33.4456],[132.82339,33.42984],[132.83401,33.42015],[132.83543,33.40064],[132.85451,33.3983],[132.86002,33.36846],[132.89013,33.35751],[132.90334,33.33014],[132.89552,33.312],[132.84972,33.28964],[132.79156,33.27356],[132.77192,33.24106],[132.77535,33.20582],[132.74064,33.20128],[132.73784,33.18216],[132.69584,33.13759],[132.68689,33.13485],[132.66238,33.15442],[132.63466,33.17822],[132.63566,33.1864],[132.61944,33.18088],[132.61486,33.16929],[132.63229,33.14924],[132.62896,33.13292],[132.66397,33.10823],[132.6695,33.07118],[132.65767,33.05706],[132.67839,33.03719],[132.6757,33.01674],[132.69152,32.97357],[132.68113,32.96412],[132.68339,32.94683],[132.65247,32.93915],[132.65566,32.92426],[132.68615,32.91975],[132.69605,32.92854],[132.69987,32.91783],[132.70826,32.92596],[132.7171,32.90861],[132.71103,32.90138],[132.72191,32.89906],[132.70405,32.89659],[132.72097,32.87758],[132.71364,32.87529],[132.71472,32.88238],[132.70609,32.87596],[132.70713,32.88862],[132.69687,32.88692],[132.6905,32.8749],[132.65685,32.85426],[132.67401,32.84043],[132.65945,32.83929],[132.66398,32.83144],[132.64403,32.81978],[132.64699,32.80989],[132.6403,32.80887],[132.65545,32.80122],[132.62859,32.80018],[132.64457,32.78597],[132.63405,32.78374],[132.64039,32.76948],[132.62872,32.76289],[132.65096,32.76633],[132.65456,32.78113],[132.69768,32.78481],[132.6838,32.79302],[132.71045,32.79899],[132.75745,32.75307],[132.77037,32.76193],[132.79118,32.74787],[132.81555,32.75334],[132.81431,32.76059],[132.83301,32.76572],[132.83972,32.78148],[132.8464,32.77831],[132.86174,32.79064],[132.8715,32.78571],[132.86517,32.77143],[132.87074,32.76597],[132.87922,32.77052],[132.87946,32.78967],[132.91614,32.78697],[132.92067,32.77837],[132.93619,32.7868],[132.94752,32.78005],[132.93945,32.77598],[132.9455,32.76593],[132.95693,32.77882],[132.96863,32.77642],[132.95258,32.76314],[132.97034,32.75023],[132.966,32.72928],[132.9869,32.73351],[133.00044,32.72271],[133.01957,32.72357],[133.01792,32.76152],[133.0027,32.78715],[132.9655,32.79903],[132.95036,32.8206],[132.96068,32.82882],[132.9518,32.86052],[132.98718,32.86804],[132.99337,32.86233],[133.00937,32.88121],[133.00862,32.91243],[132.99717,32.92408],[133.00061,32.93076],[132.99352,32.93568],[133.00044,32.94312],[132.99301,32.95233],[133.00547,32.9742],[132.9994,32.98166],[133.00857,33.01188],[133.04443,33.0387],[133.07173,33.03761],[133.08338,33.02608],[133.09675,33.0249],[133.09307,33.0342],[133.09937,33.05832],[133.10885,33.06315],[133.10535,33.07328],[133.14304,33.09768],[133.17062,33.15042],[133.19192,33.16742],[133.20699,33.16502],[133.20813,33.14926],[133.223,33.1533],[133.2145,33.16378],[133.22442,33.17056],[133.21053,33.18369],[133.2194,33.19423],[133.24024,33.19651],[133.2383,33.21512],[133.25607,33.22519],[133.24773,33.24965],[133.26422,33.25731],[133.25525,33.26845],[133.2597,33.2798],[133.2436,33.27426],[133.2459,33.29204],[133.23852,33.29708],[133.25162,33.30001],[133.24861,33.30532],[133.25987,33.31195],[133.23147,33.32594],[133.26408,33.34063],[133.25896,33.36585],[133.2957,33.3897],[133.28965,33.40424],[133.30474,33.39131],[133.28966,33.38197],[133.29898,33.37451],[133.32449,33.37919],[133.31926,33.36978],[133.32424,33.36556],[133.31185,33.36696],[133.31846,33.35578],[133.33118,33.36217],[133.32932,33.38673],[133.34586,33.40079],[133.37108,33.40222],[133.37891,33.39283],[133.3763,33.40138],[133.39027,33.406],[133.40625,33.39747],[133.41286,33.41109],[133.42805,33.40749],[133.42966,33.41536],[133.45698,33.41984],[133.4609,33.4322],[133.44164,33.43936],[133.4321,33.42673],[133.41754,33.43951],[133.40232,33.42336],[133.40307,33.41412],[133.39506,33.42455],[133.39378,33.41742],[133.384,33.42075],[133.38418,33.4111],[133.37097,33.42485],[133.36717,33.40677],[133.35967,33.40767],[133.36453,33.41582],[133.35105,33.41602],[133.36848,33.43015],[133.40508,33.43194],[133.40792,33.43921],[133.39785,33.44528],[133.42455,33.44943],[133.42382,33.43999],[133.43544,33.43771],[133.4472,33.45172],[133.45689,33.44583],[133.51433,33.47557],[133.57445,33.49535],[133.57724,33.50084],[133.55786,33.49897],[133.55967,33.50848],[133.54762,33.51756],[133.56154,33.53168],[133.55297,33.54021],[133.57144,33.53906],[133.56478,33.51463],[133.57273,33.5146],[133.56507,33.51187],[133.56433,33.50117],[133.59741,33.51864],[133.72031,33.53962],[133.74975,33.53586],[133.75436,33.52065],[133.76696,33.51583],[133.83013,33.51392],[133.93173,33.48867],[133.95859,33.44255],[134.03112,33.41234],[134.03783,33.39251],[134.03388,33.37678],[134.10128,33.32857],[134.11098,33.29367],[134.13802,33.29625],[134.17331,33.24553],[134.18146,33.24922],[134.18639,33.29394],[134.21335,33.38222],[134.20885,33.39569],[134.2416,33.45074],[134.24208,33.46392],[134.28808,33.51751],[134.28503,33.52991],[134.29411,33.5423],[134.29958,33.53751],[134.29706,33.54792],[134.30431,33.54538],[134.30604,33.55388],[134.28171,33.56102],[134.23851,33.55292],[134.21871,33.56754],[134.19317,33.56163],[134.18472,33.58869],[134.17058,33.59697],[134.17596,33.6071],[134.15596,33.61179],[134.14925,33.62714],[134.18417,33.64902],[134.17133,33.65769],[134.17443,33.68441],[134.14771,33.68495],[134.12626,33.69589],[134.05806,33.69103],[134.0701,33.7112],[134.06836,33.72933],[134.0561,33.75195],[134.05812,33.78103],[134.03331,33.80928],[134.03268,33.82844],[133.99735,33.82117],[133.98515,33.84078],[133.95978,33.83466],[133.9511,33.82869],[133.94747,33.80374],[133.91278,33.7914],[133.89338,33.80494],[133.87236,33.80619],[133.83869,33.84517],[133.81777,33.83732],[133.77577,33.8423],[133.74824,33.83677],[133.73832,33.84973],[133.70174,33.84979],[133.67668,33.85898],[133.66075,33.88181]]],[[[132.51672,32.7389],[132.51587,32.7376],[132.51781,32.73795],[132.51672,32.7389]]],[[[132.48982,32.74355],[132.48472,32.73416],[132.49415,32.73977],[132.48982,32.74355]]],[[[132.60153,32.74841],[132.59805,32.74629],[132.59899,32.74468],[132.6041,32.74495],[132.60335,32.74797],[132.60153,32.74841]]],[[[132.54564,32.75515],[132.54815,32.73895],[132.5349,32.73082],[132.55055,32.7166],[132.54309,32.70251],[132.57296,32.71639],[132.56661,32.72713],[132.57113,32.73625],[132.54564,32.75515]]],[[[132.6252,32.75678],[132.6243,32.75621],[132.62534,32.75497],[132.62695,32.7549],[132.6252,32.75678]]],[[[132.5566,32.7684],[132.55682,32.76671],[132.5582,32.76791],[132.5566,32.7684]]],[[[132.62936,32.77246],[132.62818,32.77344],[132.62052,32.77146],[132.61812,32.76649],[132.62967,32.76706],[132.62631,32.76949],[132.62936,32.77246]]],[[[132.72673,32.77886],[132.72739,32.77707],[132.72787,32.77827],[132.72673,32.77886]]],[[[132.72316,32.78544],[132.72223,32.78391],[132.72381,32.78409],[132.72316,32.78544]]],[[[132.85764,32.78545],[132.85679,32.78399],[132.85803,32.78375],[132.85764,32.78545]]],[[[132.48747,32.80763],[132.48081,32.79656],[132.49675,32.79733],[132.49964,32.80535],[132.48747,32.80763]]],[[[132.68485,32.91409],[132.68413,32.91283],[132.6856,32.913],[132.68485,32.91409]]],[[[132.69585,32.91873],[132.68802,32.91407],[132.70454,32.91422],[132.69585,32.91873]]],[[[132.65756,32.91864],[132.65461,32.91711],[132.65513,32.91577],[132.65315,32.91463],[132.65628,32.91361],[132.6589,32.91474],[132.66052,32.91635],[132.65756,32.91864]]],[[[132.66309,32.92111],[132.66296,32.91767],[132.66626,32.918],[132.66309,32.92111]]],[[[132.70397,32.92253],[132.70263,32.92235],[132.70452,32.91942],[132.7054,32.91987],[132.70397,32.92253]]],[[[132.69345,32.92631],[132.69219,32.925],[132.69274,32.92258],[132.69404,32.92318],[132.69345,32.92631]]],[[[133.11405,33.07283],[133.1133,33.07328],[133.11271,33.07165],[133.11574,33.07151],[133.11405,33.07283]]],[[[133.31993,33.35266],[133.32147,33.34961],[133.32099,33.34815],[133.32244,33.34757],[133.3242,33.35029],[133.32222,33.35036],[133.31993,33.35266]]],[[[133.30823,33.35869],[133.30488,33.35793],[133.30553,33.35661],[133.31064,33.35611],[133.31021,33.35838],[133.30823,33.35869]]],[[[133.30175,33.36422],[133.29813,33.36205],[133.2982,33.3601],[133.29855,33.3586],[133.30261,33.35758],[133.30366,33.35858],[133.30168,33.36047],[133.30372,33.36239],[133.30175,33.36422]]],[[[133.44861,33.44826],[133.44427,33.44793],[133.44116,33.44428],[133.44861,33.44826]]],[[[133.58665,33.49959],[133.59317,33.49872],[133.59321,33.49894],[133.58665,33.49959]]],[[[134.31006,33.53996],[134.30838,33.53923],[134.30927,33.53822],[134.31225,33.5374],[134.31343,33.53832],[134.31006,33.53996]]]]}},{"type":"Feature","properties":{"P":"福岡県","code":"40"},"geometry":{"type":"MultiPolygon","coordinates":[[[[130.40515,33.05361],[130.40368,33.05355],[130.40395,33.05274],[130.40515,33.05361]]],[[[130.0476,33.57578],[130.05099,33.56401],[130.05453,33.57269],[130.0476,33.57578]]],[[[130.30178,33.63835],[130.29477,33.61681],[130.30226,33.60691],[130.31401,33.61815],[130.30178,33.63835]]],[[[130.42102,33.67535],[130.39514,33.66465],[130.39671,33.65803],[130.42617,33.66187],[130.42102,33.67535]]],[[[130.21932,33.67805],[130.21802,33.67713],[130.22082,33.67645],[130.21932,33.67805]]],[[[130.29955,33.6895],[130.28599,33.67945],[130.29107,33.66824],[130.29856,33.66032],[130.31649,33.66146],[130.29955,33.6895]]],[[[130.22899,33.6945],[130.22724,33.68663],[130.23737,33.68425],[130.22899,33.6945]]],[[[131.0281,33.72865],[131.02652,33.72773],[131.02847,33.72775],[131.0281,33.72865]]],[[[130.36355,33.76706],[130.3628,33.75503],[130.38088,33.75864],[130.36355,33.76706]]],[[[131.01305,33.7965],[131.01195,33.79362],[131.00692,33.7909],[131.00747,33.79],[131.01327,33.79349],[131.01206,33.79387],[131.01305,33.7965]]],[[[130.97727,33.83009],[130.9745,33.82921],[130.97711,33.82768],[130.97727,33.83009]]],[[[131.03548,33.85679],[131.02465,33.85666],[131.03227,33.81993],[131.04186,33.82126],[131.03548,33.85679]]],[[[130.46994,33.86505],[130.46871,33.86422],[130.46957,33.86155],[130.46866,33.85974],[130.47361,33.85905],[130.47272,33.86419],[130.46994,33.86505]]],[[[130.0363,33.87412],[130.03498,33.8739],[130.033,33.86649],[130.03364,33.86436],[130.03703,33.86251],[130.03873,33.86479],[130.03861,33.8688],[130.0363,33.87412]]],[[[130.489,33.91349],[130.49542,33.89808],[130.50892,33.89491],[130.489,33.91349]]],[[[130.4395,33.91477],[130.40782,33.90986],[130.40591,33.89756],[130.42904,33.88667],[130.4473,33.91028],[130.4395,33.91477]]],[[[130.80889,33.94873],[130.82618,33.95546],[130.77742,33.94607],[130.77743,33.94048],[130.81946,33.92562],[130.81452,33.93422],[130.82226,33.93037],[130.84505,33.93924],[130.83229,33.94984],[130.81432,33.94344],[130.80889,33.94873]]],[[[130.85585,33.96311],[130.85715,33.96072],[130.85761,33.96206],[130.85585,33.96311]]],[[[131.18557,33.61685],[131.18152,33.62274],[131.16166,33.6167],[131.12891,33.6314],[131.13172,33.62424],[131.11492,33.63051],[131.11474,33.61783],[131.11331,33.62394],[131.10781,33.61699],[131.09368,33.62357],[131.05154,33.68614],[131.05575,33.69056],[131.0406,33.69051],[131.02108,33.73089],[131.01409,33.73148],[131.01617,33.7508],[131.00832,33.74391],[131.00433,33.74821],[131.00085,33.75723],[131.01771,33.76799],[131.01239,33.77713],[130.99926,33.76938],[131.00119,33.7748],[130.99191,33.77362],[131.003,33.78105],[130.99612,33.79163],[131.00243,33.79418],[130.98687,33.78618],[130.98785,33.79651],[131.00024,33.80053],[130.99625,33.80983],[131.01569,33.81162],[131.01175,33.81956],[130.96656,33.8095],[130.95669,33.82961],[130.96038,33.83904],[130.97622,33.83437],[130.98679,33.85488],[130.99346,33.85103],[130.99822,33.86832],[130.98211,33.86706],[130.99108,33.88585],[130.99975,33.87365],[131.00402,33.88953],[130.98817,33.89939],[130.99686,33.90727],[131.00443,33.904],[131.00458,33.91481],[131.01322,33.91582],[131.00089,33.92312],[131.01061,33.93032],[131.01077,33.94189],[131.02196,33.94348],[131.0201,33.96229],[131.00089,33.96402],[131.00833,33.96742],[131.00216,33.96988],[130.98955,33.95775],[130.99193,33.96227],[130.96301,33.9622],[130.96576,33.95227],[130.94624,33.93838],[130.93189,33.90784],[130.89121,33.88778],[130.89255,33.89319],[130.87766,33.88943],[130.89305,33.89627],[130.88779,33.90206],[130.86667,33.89801],[130.88417,33.90518],[130.87181,33.91598],[130.8482,33.90545],[130.86913,33.9175],[130.85049,33.91492],[130.86054,33.92418],[130.85684,33.92901],[130.82476,33.92052],[130.82276,33.90361],[130.80575,33.89171],[130.80878,33.87877],[130.80187,33.87409],[130.80223,33.89084],[130.7724,33.87498],[130.74113,33.87488],[130.74893,33.87791],[130.74516,33.88824],[130.75371,33.87818],[130.81433,33.90218],[130.81673,33.91422],[130.80621,33.91272],[130.81857,33.92296],[130.80744,33.93155],[130.77751,33.93427],[130.75437,33.92041],[130.75247,33.92592],[130.7688,33.92912],[130.7601,33.93393],[130.76869,33.94731],[130.7526,33.94525],[130.75263,33.93196],[130.73801,33.92701],[130.71271,33.93863],[130.68351,33.93726],[130.68239,33.92427],[130.65779,33.90965],[130.66324,33.90114],[130.63991,33.88686],[130.59098,33.87784],[130.5697,33.88033],[130.56338,33.89165],[130.52485,33.88979],[130.52915,33.87603],[130.51801,33.86057],[130.48796,33.85099],[130.47728,33.85685],[130.48199,33.84323],[130.47349,33.81885],[130.45912,33.80956],[130.44396,33.81541],[130.45127,33.80278],[130.44774,33.78695],[130.45939,33.79086],[130.47081,33.7742],[130.4582,33.73617],[130.43217,33.71612],[130.42127,33.71842],[130.41396,33.70034],[130.38101,33.67545],[130.3204,33.66064],[130.33385,33.64934],[130.36128,33.64417],[130.36731,33.66451],[130.4305,33.68679],[130.42561,33.67496],[130.43448,33.66224],[130.40502,33.65217],[130.42124,33.64269],[130.40736,33.64246],[130.40323,33.62335],[130.41494,33.62082],[130.40134,33.61847],[130.39595,33.6102],[130.40203,33.60504],[130.3847,33.60751],[130.39321,33.5973],[130.38099,33.59385],[130.38126,33.60271],[130.37362,33.60509],[130.35289,33.59515],[130.31362,33.59806],[130.3119,33.58793],[130.29866,33.58144],[130.27295,33.58262],[130.25072,33.59993],[130.27076,33.59615],[130.27507,33.60975],[130.23181,33.61687],[130.22395,33.63421],[130.23711,33.64879],[130.21012,33.66745],[130.19897,33.6403],[130.15687,33.62814],[130.16171,33.61042],[130.14875,33.59666],[130.12614,33.5898],[130.10801,33.59634],[130.10832,33.5858],[130.08807,33.58237],[130.0977,33.56439],[130.11968,33.5746],[130.13587,33.56678],[130.13214,33.55867],[130.12019,33.55837],[130.1161,33.54674],[130.12614,33.55681],[130.14195,33.54817],[130.16411,33.56103],[130.15389,33.53706],[130.12469,33.52568],[130.13357,33.52094],[130.1268,33.51004],[130.11422,33.50771],[130.10127,33.51601],[130.09213,33.50592],[130.04529,33.4964],[130.04987,33.48919],[130.03903,33.47001],[130.09056,33.46856],[130.1077,33.4778],[130.1388,33.47044],[130.15082,33.47762],[130.17593,33.46592],[130.19852,33.48117],[130.25001,33.47051],[130.27449,33.47971],[130.29588,33.46355],[130.34543,33.44502],[130.35579,33.43324],[130.36881,33.43628],[130.37843,33.42505],[130.39795,33.42659],[130.41526,33.41096],[130.41095,33.39545],[130.43835,33.40034],[130.44221,33.41563],[130.45826,33.41998],[130.47659,33.43846],[130.51246,33.44945],[130.53574,33.43978],[130.54212,33.37408],[130.53598,33.34296],[130.50798,33.3428],[130.49946,33.32558],[130.48023,33.33107],[130.47699,33.326],[130.48939,33.31593],[130.48358,33.30513],[130.45561,33.30081],[130.46801,33.28778],[130.44873,33.27841],[130.44975,33.2651],[130.43908,33.26584],[130.4385,33.28938],[130.42793,33.29091],[130.42973,33.2746],[130.41768,33.26885],[130.4149,33.25265],[130.4021,33.24865],[130.40002,33.2591],[130.39006,33.25906],[130.39031,33.2453],[130.37013,33.23976],[130.37776,33.2207],[130.33939,33.20274],[130.34055,33.18845],[130.35312,33.18046],[130.35578,33.14036],[130.37331,33.14129],[130.37258,33.12042],[130.39766,33.10786],[130.38784,33.09502],[130.41352,33.08497],[130.42526,33.05297],[130.42311,33.02954],[130.40759,33.01654],[130.41932,33.0079],[130.39672,33.00002],[130.50611,33.00278],[130.51579,33.01402],[130.49673,33.05176],[130.51687,33.06557],[130.53148,33.06472],[130.54137,33.08201],[130.56561,33.08711],[130.5618,33.10419],[130.57688,33.11502],[130.65957,33.10948],[130.6544,33.11395],[130.6689,33.13895],[130.66651,33.15505],[130.68002,33.17131],[130.69336,33.15132],[130.73254,33.15442],[130.77089,33.12433],[130.81829,33.11443],[130.82175,33.10606],[130.85332,33.10914],[130.87965,33.15299],[130.87353,33.16786],[130.88746,33.18627],[130.83649,33.2106],[130.85959,33.22913],[130.82626,33.23676],[130.8287,33.25746],[130.86805,33.26408],[130.85207,33.27747],[130.86635,33.29211],[130.8573,33.3269],[130.83535,33.34355],[130.8618,33.3626],[130.86314,33.3772],[130.88641,33.37985],[130.89492,33.44615],[130.92629,33.45762],[130.94242,33.48564],[130.97232,33.50515],[131.01516,33.50907],[131.02984,33.51883],[131.07544,33.50534],[131.17749,33.50734],[131.1664,33.52685],[131.18855,33.54809],[131.1894,33.56308],[131.17241,33.58221],[131.18557,33.61685]]],[[[130.85237,33.9714],[130.8497,33.9701],[130.85253,33.96601],[130.86128,33.9661],[130.85834,33.96835],[130.85735,33.96736],[130.85659,33.96869],[130.85416,33.96847],[130.85468,33.97002],[130.85237,33.9714]]],[[[130.81325,34.00114],[130.8101,34.00048],[130.80946,33.99916],[130.81132,33.99725],[130.8125,33.99773],[130.81586,33.99107],[130.82069,33.98744],[130.82118,33.98526],[130.82265,33.98706],[130.82104,33.99182],[130.8191,33.99183],[130.82014,33.99467],[130.81667,33.9974],[130.81754,33.99868],[130.81614,33.99915],[130.81648,34.00045],[130.81325,34.00114]]],[[[130.71166,34.00536],[130.70822,34.00379],[130.71576,34.0011],[130.71796,34.00148],[130.71166,34.00536]]],[[[130.72548,34.01906],[130.72871,34.00872],[130.73166,34.0162],[130.72548,34.01906]]],[[[130.11234,34.24931],[130.09828,34.24188],[130.10631,34.24041],[130.11234,34.24931]]]]}},{"type":"Feature","properties":{"P":"佐賀県","code":"41"},"geometry":{"type":"MultiPolygon","coordinates":[[[[130.03903,33.47001],[130.04117,33.45596],[130.0224,33.44666],[129.96836,33.45546],[129.95862,33.46504],[129.96441,33.46331],[129.95997,33.46871],[129.97115,33.47547],[129.96522,33.48318],[129.95473,33.46953],[129.95015,33.47847],[129.94771,33.47244],[129.93746,33.48004],[129.95347,33.50362],[129.96929,33.51146],[129.95706,33.51751],[129.95752,33.52946],[129.92951,33.53684],[129.93023,33.55099],[129.91779,33.54177],[129.89653,33.54953],[129.89462,33.53794],[129.8828,33.54043],[129.88664,33.52241],[129.87428,33.51613],[129.87761,33.53669],[129.84585,33.55591],[129.85697,33.51934],[129.83987,33.52238],[129.84905,33.52172],[129.85739,33.50565],[129.84314,33.51746],[129.82828,33.5184],[129.84152,33.49129],[129.83469,33.48936],[129.84548,33.47974],[129.83172,33.47506],[129.85736,33.46907],[129.85875,33.45457],[129.85217,33.45512],[129.84921,33.44478],[129.8388,33.45064],[129.83671,33.44531],[129.83927,33.46221],[129.82603,33.46842],[129.82661,33.47931],[129.80643,33.48566],[129.79378,33.47229],[129.80788,33.45802],[129.80339,33.45327],[129.79048,33.45908],[129.78329,33.45068],[129.83158,33.42201],[129.8238,33.41189],[129.85468,33.40344],[129.86054,33.41232],[129.86895,33.40771],[129.86857,33.37392],[129.84679,33.36257],[129.85044,33.34952],[129.84236,33.34669],[129.8491,33.33805],[129.82766,33.33732],[129.83392,33.32857],[129.84683,33.32783],[129.84104,33.31686],[129.83612,33.32295],[129.8361,33.31176],[129.82824,33.31243],[129.83108,33.30422],[129.84673,33.30149],[129.85362,33.29159],[129.83682,33.28672],[129.82139,33.31051],[129.8137,33.30873],[129.82057,33.31567],[129.81343,33.31483],[129.81522,33.32243],[129.803,33.33081],[129.80718,33.33577],[129.78936,33.34048],[129.77658,33.33286],[129.75897,33.29085],[129.81445,33.24227],[129.8069,33.21117],[129.81715,33.18454],[129.83825,33.1734],[129.85156,33.1773],[129.88812,33.15617],[129.94333,33.16427],[129.95669,33.11823],[129.95129,33.10996],[129.92676,33.10769],[129.92236,33.09049],[129.93307,33.08834],[129.93972,33.07286],[129.99412,33.04798],[130.0082,33.01982],[130.02738,33.02031],[130.05128,32.99261],[130.07605,32.98757],[130.08887,32.97406],[130.22081,32.95966],[130.22176,32.97507],[130.2046,32.99022],[130.1912,32.99015],[130.16918,33.05211],[130.14464,33.07323],[130.14079,33.0942],[130.12911,33.09185],[130.13524,33.09783],[130.12606,33.11718],[130.14985,33.1126],[130.19226,33.1416],[130.22334,33.16639],[130.23345,33.19421],[130.2475,33.19237],[130.24643,33.2029],[130.25911,33.19717],[130.25142,33.19018],[130.25999,33.17999],[130.28573,33.1617],[130.28852,33.14669],[130.35578,33.14036],[130.35312,33.18046],[130.34055,33.18845],[130.3397,33.20502],[130.37776,33.2207],[130.3733,33.24426],[130.38539,33.24054],[130.39198,33.26023],[130.40002,33.2591],[130.4021,33.24865],[130.41339,33.25133],[130.41768,33.26885],[130.42973,33.2746],[130.43136,33.29241],[130.4385,33.28938],[130.43623,33.26979],[130.44975,33.2651],[130.44873,33.27841],[130.46801,33.28778],[130.45561,33.30081],[130.48358,33.30513],[130.48939,33.31593],[130.47812,33.32917],[130.49946,33.32558],[130.50798,33.3428],[130.53598,33.34296],[130.5421,33.37088],[130.537,33.43827],[130.51246,33.44945],[130.47659,33.43846],[130.45826,33.41998],[130.44221,33.41563],[130.43835,33.40034],[130.41095,33.39545],[130.41526,33.41096],[130.39795,33.42659],[130.37843,33.42505],[130.36881,33.43628],[130.35579,33.43324],[130.34543,33.44502],[130.29588,33.46355],[130.27449,33.47971],[130.25001,33.47051],[130.19852,33.48117],[130.17593,33.46592],[130.15082,33.47762],[130.1388,33.47044],[130.1077,33.4778],[130.09056,33.46856],[130.03903,33.47001]]],[[[130.22398,32.95827],[130.21677,32.95909],[130.21599,32.95625],[130.21331,32.95351],[130.21811,32.95052],[130.21958,32.95185],[130.21849,32.95424],[130.21934,32.95502],[130.22273,32.95393],[130.22496,32.95575],[130.22398,32.95827]]],[[[129.86648,33.40282],[129.8653,33.40368],[129.86372,33.40145],[129.86048,33.40001],[129.86648,33.40282]]],[[[129.85688,33.40489],[129.85576,33.40337],[129.85858,33.4021],[129.85923,33.40374],[129.85688,33.40489]]],[[[129.84613,33.45496],[129.84553,33.45303],[129.84728,33.45191],[129.84857,33.45345],[129.84613,33.45496]]],[[[129.97805,33.46753],[129.97534,33.46598],[129.97679,33.46499],[129.97805,33.46753]]],[[[129.84818,33.47289],[129.85014,33.47031],[129.8487,33.46909],[129.85022,33.46903],[129.85046,33.47189],[129.84818,33.47289]]],[[[129.99167,33.48034],[129.98647,33.47337],[129.99424,33.47285],[129.99167,33.48034]]],[[[129.77485,33.49523],[129.7733,33.49285],[129.77478,33.49037],[129.77392,33.48837],[129.77653,33.48776],[129.7766,33.4896],[129.78007,33.49058],[129.77994,33.49148],[129.77485,33.49523]]],[[[129.97376,33.54357],[129.96702,33.54056],[129.96688,33.52721],[129.97762,33.53348],[129.97376,33.54357]]],[[[129.90418,33.55926],[129.90229,33.55807],[129.9034,33.55792],[129.90418,33.55926]]],[[[129.88189,33.56775],[129.87349,33.54432],[129.89316,33.55478],[129.88189,33.56775]]],[[[129.76066,33.58267],[129.74618,33.58206],[129.7402,33.57286],[129.76293,33.56369],[129.77352,33.57539],[129.76066,33.58267]]],[[[129.84563,33.59201],[129.83516,33.58573],[129.84477,33.5851],[129.84563,33.59201]]],[[[129.89839,33.60416],[129.89394,33.59397],[129.90128,33.59338],[129.89839,33.60416]]],[[[129.86295,33.61767],[129.84814,33.59935],[129.86225,33.58701],[129.86838,33.59634],[129.85948,33.60335],[129.86295,33.61767]]]]}},{"type":"Feature","properties":{"P":"長崎県","code":"42"},"geometry":{"type":"MultiPolygon","coordinates":[[[[129.79081,33.3404],[129.79132,33.36893],[129.78342,33.37284],[129.77444,33.3693],[129.77113,33.35448],[129.74545,33.36705],[129.72583,33.35086],[129.70569,33.34648],[129.69267,33.35205],[129.69699,33.36131],[129.67778,33.35306],[129.66843,33.36578],[129.67557,33.3852],[129.68568,33.38741],[129.6728,33.39929],[129.64754,33.36497],[129.63215,33.37119],[129.63295,33.36218],[129.62535,33.36166],[129.61846,33.37642],[129.59216,33.36882],[129.59781,33.38148],[129.56914,33.37686],[129.57732,33.36282],[129.57161,33.34605],[129.57606,33.33233],[129.5635,33.33319],[129.562,33.32489],[129.58721,33.30489],[129.60757,33.31485],[129.62259,33.30991],[129.60713,33.31199],[129.58416,33.29213],[129.58908,33.27171],[129.57806,33.26643],[129.57896,33.27991],[129.57228,33.27357],[129.57583,33.26244],[129.56804,33.26336],[129.56786,33.25173],[129.55619,33.24511],[129.56245,33.23958],[129.56648,33.24535],[129.56853,33.22984],[129.55295,33.21722],[129.58577,33.21813],[129.58385,33.21154],[129.59556,33.20875],[129.61467,33.22432],[129.60062,33.20713],[129.61572,33.20351],[129.62067,33.21587],[129.6182,33.19585],[129.62614,33.1898],[129.63849,33.19866],[129.63961,33.22319],[129.65028,33.20657],[129.64376,33.19818],[129.65641,33.19202],[129.63573,33.1675],[129.64891,33.17399],[129.66244,33.17142],[129.66723,33.16168],[129.67011,33.16829],[129.67788,33.16566],[129.67888,33.15034],[129.69814,33.14242],[129.6966,33.13618],[129.6841,33.13779],[129.67945,33.12622],[129.66487,33.1238],[129.65697,33.13163],[129.66652,33.10126],[129.67323,33.11968],[129.67953,33.11391],[129.71168,33.11599],[129.69953,33.12474],[129.71072,33.12656],[129.69891,33.16008],[129.71701,33.16654],[129.72973,33.15738],[129.721,33.15408],[129.72226,33.14609],[129.72896,33.14904],[129.72027,33.13894],[129.7306,33.12455],[129.73192,33.13671],[129.74162,33.13187],[129.75442,33.14718],[129.75486,33.14126],[129.76796,33.14716],[129.79399,33.13839],[129.79607,33.11116],[129.78793,33.1029],[129.79907,33.07723],[129.80735,33.07632],[129.79855,33.06606],[129.81141,33.06829],[129.81955,33.06097],[129.82315,33.06776],[129.83754,33.05939],[129.82094,33.05529],[129.82644,33.05346],[129.82247,33.03655],[129.83266,33.04009],[129.83944,33.0564],[129.8446,33.04793],[129.85458,33.06241],[129.87491,33.06542],[129.8929,33.05677],[129.90429,33.03937],[129.93237,33.02661],[129.94575,33.01512],[129.95079,32.98632],[129.92833,32.96869],[129.93115,32.9253],[129.95646,32.90538],[129.95043,32.8944],[129.97122,32.89038],[129.96512,32.87327],[130.00495,32.84047],[129.9762,32.83759],[129.97513,32.8492],[129.95782,32.84669],[129.94892,32.86344],[129.934,32.85754],[129.93055,32.86642],[129.91237,32.8663],[129.89712,32.88],[129.89212,32.86844],[129.88078,32.8822],[129.88121,32.86483],[129.87022,32.86096],[129.86901,32.84442],[129.85745,32.84711],[129.85106,32.85935],[129.85463,32.8448],[129.84797,32.83179],[129.81731,32.86327],[129.79982,32.86374],[129.79567,32.87331],[129.78858,32.86712],[129.7931,32.88802],[129.80268,32.87988],[129.80965,32.89182],[129.80656,32.90802],[129.79252,32.90838],[129.79486,32.90088],[129.78379,32.90766],[129.7934,32.91681],[129.78496,32.91842],[129.78332,32.94112],[129.79855,32.95419],[129.79471,32.93388],[129.80241,32.93783],[129.79848,32.92206],[129.80972,32.91703],[129.81853,32.94735],[129.80693,32.96184],[129.82467,32.97163],[129.82275,32.98174],[129.81153,32.98375],[129.81513,32.99512],[129.80007,33.00864],[129.78172,33.00759],[129.76413,33.02189],[129.75203,33.00334],[129.76203,33.00609],[129.76388,32.99958],[129.75612,32.99989],[129.75862,32.99502],[129.75232,33.00064],[129.73948,32.98825],[129.73294,33.01662],[129.74705,33.04098],[129.76201,33.04921],[129.74967,33.06027],[129.73981,33.05746],[129.74181,33.04894],[129.7369,33.05372],[129.73648,33.04662],[129.72708,33.04663],[129.7243,33.053],[129.73728,33.06403],[129.72976,33.07535],[129.71747,33.06975],[129.71899,33.08181],[129.70861,33.08791],[129.70674,33.07854],[129.69991,33.09119],[129.67734,33.09929],[129.67854,33.08596],[129.66161,33.07704],[129.67809,33.07755],[129.65992,33.06983],[129.67841,33.06277],[129.66226,33.06107],[129.65932,33.04006],[129.64711,33.03808],[129.64856,33.01729],[129.66152,32.99985],[129.65231,32.99911],[129.65198,32.98672],[129.64384,32.99463],[129.62685,32.97814],[129.631,32.95961],[129.625,32.95249],[129.63859,32.9476],[129.64029,32.93544],[129.6344,32.93631],[129.63359,32.92578],[129.63968,32.92592],[129.63873,32.91826],[129.64319,32.93233],[129.65219,32.93104],[129.67996,32.87963],[129.67728,32.8669],[129.70167,32.83117],[129.71734,32.83425],[129.71964,32.82245],[129.7373,32.80672],[129.74595,32.82213],[129.77711,32.81898],[129.76627,32.80034],[129.80115,32.77729],[129.79208,32.76522],[129.79711,32.76004],[129.80739,32.75433],[129.80731,32.76071],[129.81449,32.75901],[129.80451,32.74416],[129.81509,32.73827],[129.82427,32.74727],[129.82976,32.74397],[129.83207,32.73381],[129.81908,32.7198],[129.83925,32.72623],[129.84558,32.72013],[129.85671,32.74104],[129.87043,32.749],[129.86101,32.72181],[129.85182,32.7208],[129.84958,32.70476],[129.84293,32.70569],[129.84769,32.69949],[129.83331,32.69744],[129.83732,32.68911],[129.82908,32.68654],[129.82006,32.69507],[129.82664,32.70807],[129.81096,32.69295],[129.79142,32.69208],[129.8033,32.67803],[129.81123,32.68767],[129.82054,32.68484],[129.81689,32.65439],[129.80459,32.64943],[129.78012,32.60378],[129.75462,32.59252],[129.75252,32.58223],[129.75121,32.59238],[129.73567,32.58063],[129.73837,32.57002],[129.7636,32.58302],[129.78137,32.57157],[129.77989,32.58297],[129.80451,32.5907],[129.83782,32.62096],[129.83927,32.64169],[129.87181,32.64434],[129.89606,32.66272],[129.91417,32.69333],[129.91305,32.71235],[129.92678,32.70862],[129.92924,32.72289],[129.9335,32.71719],[129.95655,32.74151],[129.94946,32.76051],[129.98054,32.76353],[129.99091,32.75369],[129.99887,32.76193],[130.02403,32.75837],[130.08671,32.79505],[130.1267,32.78765],[130.14655,32.79648],[130.17906,32.79456],[130.19313,32.78296],[130.18402,32.76341],[130.20784,32.75277],[130.20644,32.72749],[130.17128,32.70159],[130.17135,32.69224],[130.16009,32.69407],[130.15812,32.68541],[130.14223,32.67789],[130.12576,32.68755],[130.13313,32.6782],[130.12957,32.64085],[130.16862,32.62118],[130.17513,32.60728],[130.16815,32.59123],[130.19637,32.59985],[130.18751,32.61177],[130.20376,32.60425],[130.23204,32.61124],[130.23815,32.62655],[130.2591,32.63291],[130.25508,32.63952],[130.266,32.64814],[130.25921,32.65271],[130.3005,32.65134],[130.3338,32.67013],[130.34327,32.66849],[130.35794,32.69329],[130.34576,32.7081],[130.37655,32.73998],[130.37059,32.76423],[130.38101,32.77876],[130.34099,32.85524],[130.29719,32.88137],[130.26112,32.87152],[130.24379,32.87556],[130.19524,32.84812],[130.15299,32.89915],[130.16549,32.91394],[130.18683,32.91406],[130.18842,32.9261],[130.20186,32.9291],[130.20306,32.95815],[130.14966,32.96279],[130.14406,32.97168],[130.08887,32.97406],[130.07605,32.98757],[130.06123,32.98585],[130.02801,33.01245],[130.02864,33.01949],[130.0011,33.02569],[129.99595,33.04559],[129.98329,33.0568],[129.93972,33.07286],[129.93307,33.08834],[129.92236,33.09049],[129.92676,33.10769],[129.95129,33.10996],[129.95669,33.11823],[129.94333,33.16427],[129.88812,33.15617],[129.85156,33.1773],[129.83825,33.1734],[129.81715,33.18454],[129.8069,33.21117],[129.81445,33.24227],[129.75897,33.29085],[129.77658,33.33286],[129.79081,33.3404]],[[129.84286,32.70295],[129.84418,32.70259],[129.84376,32.70078],[129.84286,32.70295]]],[[[128.34764,31.9889],[128.34783,31.98685],[128.35022,31.98677],[128.34764,31.9889]]],[[[128.35656,32.00813],[128.34407,32.00576],[128.34901,31.98874],[128.35517,31.98932],[128.35656,32.00813]]],[[[128.36459,32.01477],[128.35951,32.0119],[128.36081,32.00907],[128.36278,32.00939],[128.36255,32.01074],[128.36532,32.014],[128.36459,32.01477]]],[[[128.37287,32.03013],[128.37069,32.02963],[128.36848,32.02607],[128.36902,32.02365],[128.37241,32.02469],[128.37542,32.02803],[128.3748,32.02963],[128.37287,32.03013]]],[[[128.37914,32.03539],[128.37699,32.03426],[128.37804,32.0313],[128.38102,32.03071],[128.37914,32.03539]]],[[[128.39401,32.05427],[128.38199,32.03826],[128.40527,32.03732],[128.41539,32.05022],[128.39401,32.05427]]],[[[128.88916,32.55938],[128.88977,32.55764],[128.89112,32.55839],[128.88916,32.55938]]],[[[129.7866,32.57078],[129.77537,32.5655],[129.77534,32.54921],[129.79114,32.55709],[129.7866,32.57078]]],[[[129.78483,32.57199],[129.78278,32.57019],[129.78513,32.57079],[129.78483,32.57199]]],[[[128.90553,32.57125],[128.89251,32.5697],[128.89243,32.56342],[128.90562,32.56225],[128.90553,32.57125]]],[[[128.71805,32.58292],[128.70799,32.57915],[128.72196,32.57975],[128.71805,32.58292]]],[[[128.66149,32.58776],[128.66034,32.5888],[128.6588,32.58787],[128.66149,32.58776]]],[[[128.90375,32.5904],[128.8979,32.58858],[128.89701,32.58642],[128.90408,32.58592],[128.90375,32.5904]]],[[[128.90674,32.59486],[128.90444,32.59406],[128.90442,32.5923],[128.90736,32.59231],[128.90674,32.59486]]],[[[128.92554,32.59872],[128.91485,32.59547],[128.92752,32.59182],[128.92554,32.59872]]],[[[128.8315,32.60562],[128.82688,32.59861],[128.84086,32.59586],[128.8315,32.60562]]],[[[129.7071,32.60979],[129.70544,32.60895],[129.70596,32.6083],[129.7071,32.60979]]],[[[128.78024,32.61731],[128.77794,32.61569],[128.77881,32.61479],[128.78133,32.61697],[128.78024,32.61731]]],[[[128.7775,32.62149],[128.77652,32.62075],[128.7774,32.61915],[128.7804,32.62099],[128.7775,32.62149]]],[[[129.7391,32.62961],[129.73684,32.62582],[129.74004,32.62903],[129.7391,32.62961]]],[[[129.74636,32.63633],[129.74582,32.63476],[129.74726,32.63445],[129.74636,32.63633]]],[[[129.79771,32.65106],[129.79722,32.64851],[129.79878,32.64826],[129.79949,32.64966],[129.79771,32.65106]]],[[[129.79607,32.65844],[129.79568,32.65754],[129.79835,32.65544],[129.79607,32.65844]]],[[[128.65,32.66518],[128.64787,32.66514],[128.64708,32.66209],[128.65073,32.66362],[128.65,32.66518]]],[[[129.7513,32.6671],[129.74641,32.6609],[129.75458,32.6494],[129.75968,32.66387],[129.7513,32.6671]]],[[[129.75805,32.6699],[129.75698,32.66908],[129.75774,32.66805],[129.75805,32.6699]]],[[[128.63462,32.67982],[128.6157,32.65786],[128.62245,32.63761],[128.63547,32.64565],[128.62772,32.66433],[128.64047,32.66403],[128.63462,32.67982]]],[[[129.83197,32.6923],[129.8301,32.69216],[129.8299,32.69074],[129.83236,32.69113],[129.83197,32.6923]]],[[[129.84605,32.6998],[129.84426,32.6979],[129.84561,32.69788],[129.84605,32.6998]]],[[[129.78084,32.70252],[129.7717,32.70058],[129.77979,32.69027],[129.78571,32.69281],[129.78084,32.70252]]],[[[129.81469,32.7031],[129.81274,32.70267],[129.8147,32.70238],[129.81469,32.7031]]],[[[128.89824,32.71185],[128.8972,32.694],[128.9057,32.70516],[128.89824,32.71185]]],[[[129.7613,32.71526],[129.76946,32.70304],[129.78041,32.70445],[129.7613,32.71526]]],[[[129.83183,32.71633],[129.83013,32.71627],[129.82944,32.71484],[129.83104,32.71452],[129.83183,32.71633]]],[[[128.85685,32.71801],[128.85691,32.71647],[128.85824,32.71635],[128.85685,32.71801]]],[[[128.85335,32.7236],[128.85168,32.72309],[128.85241,32.72193],[128.85064,32.72061],[128.85547,32.71921],[128.85462,32.72125],[128.85552,32.72214],[128.85335,32.7236]]],[[[128.86288,32.73137],[128.85703,32.72838],[128.8651,32.72126],[128.86288,32.73137]]],[[[128.60607,32.74049],[128.59053,32.72699],[128.59079,32.7131],[128.60109,32.71252],[128.60607,32.74049]]],[[[128.77391,32.73706],[128.77555,32.7417],[128.77503,32.74395],[128.77377,32.74424],[128.77206,32.74267],[128.77268,32.73979],[128.77161,32.73858],[128.77391,32.73706]]],[[[128.95197,32.74485],[128.94984,32.74383],[128.95064,32.74317],[128.95197,32.74485]]],[[[129.97853,32.74578],[129.97816,32.74437],[129.97949,32.74369],[129.97853,32.74578]]],[[[128.87963,32.75079],[128.86944,32.73977],[128.87808,32.74021],[128.87963,32.75079]]],[[[128.95202,32.75065],[128.9507,32.7495],[128.95262,32.74894],[128.95202,32.75065]]],[[[129.99803,32.75472],[129.99746,32.75364],[129.99949,32.75263],[129.99803,32.75472]]],[[[130.00366,32.75584],[130.00209,32.75507],[130.00599,32.75177],[130.00719,32.75199],[130.00633,32.75419],[130.00366,32.75584]]],[[[128.95206,32.75745],[128.95025,32.75736],[128.94995,32.75486],[128.95441,32.75555],[128.95206,32.75745]]],[[[130.04549,32.75956],[130.04505,32.76038],[130.04412,32.75872],[130.04549,32.75956]]],[[[128.7445,32.7623],[128.74282,32.76192],[128.74374,32.76106],[128.7445,32.7623]]],[[[129.96545,32.76214],[129.97027,32.74916],[129.98926,32.75036],[129.96545,32.76214]]],[[[130.04117,32.75935],[130.04,32.76366],[130.03782,32.76336],[130.03902,32.75969],[130.04117,32.75935]]],[[[130.03522,32.76506],[130.03232,32.76397],[130.03495,32.76412],[130.03522,32.76506]]],[[[128.95789,32.77703],[128.95545,32.76411],[128.96657,32.76228],[128.95789,32.77703]]],[[[128.99295,32.791],[128.98537,32.77825],[128.98872,32.75819],[128.97009,32.75664],[128.96354,32.74659],[128.98637,32.74183],[128.98816,32.75493],[129.00426,32.7505],[129.00765,32.77151],[128.99295,32.791]]],[[[129.76144,32.79285],[129.7579,32.79191],[129.75594,32.78978],[129.75976,32.79096],[129.7603,32.79007],[129.76233,32.79268],[129.76144,32.79285]]],[[[128.92634,32.79771],[128.92418,32.7966],[128.92365,32.79469],[128.92596,32.79336],[128.92634,32.79771]]],[[[128.80881,32.7981],[128.79049,32.78907],[128.79735,32.78542],[128.79252,32.77702],[128.77539,32.77781],[128.76612,32.76209],[128.7757,32.75617],[128.7932,32.76513],[128.79875,32.75523],[128.79282,32.76104],[128.77326,32.75047],[128.77366,32.7343],[128.75877,32.76864],[128.75214,32.76846],[128.73876,32.73848],[128.74083,32.75081],[128.7266,32.74727],[128.73752,32.7575],[128.70928,32.74991],[128.70682,32.73855],[128.69165,32.73804],[128.69732,32.76643],[128.66433,32.78475],[128.6557,32.7795],[128.64031,32.7612],[128.65358,32.74229],[128.64602,32.72153],[128.66383,32.70087],[128.6481,32.70039],[128.6492,32.68092],[128.66843,32.66954],[128.67849,32.67271],[128.66334,32.66698],[128.67119,32.65124],[128.65032,32.65712],[128.66315,32.65335],[128.66561,32.64467],[128.64436,32.65416],[128.65505,32.64203],[128.64342,32.64278],[128.63583,32.6283],[128.64276,32.61921],[128.66484,32.63573],[128.66763,32.63003],[128.6506,32.62011],[128.65582,32.61279],[128.64302,32.60383],[128.64731,32.61088],[128.62535,32.61838],[128.62626,32.6274],[128.61919,32.63074],[128.61248,32.62113],[128.62252,32.63403],[128.61153,32.64696],[128.59825,32.61264],[128.62417,32.60875],[128.63658,32.59355],[128.65439,32.5906],[128.6608,32.59461],[128.65559,32.60187],[128.66564,32.6084],[128.6884,32.60252],[128.73521,32.60744],[128.75157,32.59078],[128.7533,32.57842],[128.772,32.57404],[128.78318,32.59062],[128.79336,32.59269],[128.78849,32.60806],[128.76798,32.62265],[128.76188,32.61955],[128.7701,32.64475],[128.8064,32.65546],[128.82118,32.63613],[128.86836,32.64459],[128.87446,32.63828],[128.89269,32.64074],[128.89672,32.6541],[128.88554,32.6563],[128.8851,32.66743],[128.85706,32.69237],[128.84841,32.69062],[128.85089,32.70073],[128.83928,32.71348],[128.8425,32.74173],[128.85556,32.74601],[128.8478,32.75312],[128.83585,32.74484],[128.8329,32.75196],[128.82683,32.73979],[128.83004,32.75454],[128.83859,32.75624],[128.83355,32.76081],[128.81272,32.74764],[128.80454,32.75205],[128.8262,32.76029],[128.80461,32.77447],[128.80881,32.7981]],[[128.77263,32.61512],[128.77357,32.61437],[128.77259,32.61336],[128.77263,32.61512]]],[[[128.93427,32.80766],[128.92932,32.80661],[128.93248,32.8038],[128.93238,32.80242],[128.93009,32.80242],[128.92904,32.80023],[128.93333,32.79836],[128.93665,32.80061],[128.93613,32.80643],[128.93427,32.80766]]],[[[128.95106,32.81038],[128.94962,32.80951],[128.95059,32.8089],[128.95106,32.81038]]],[[[128.68051,32.81036],[128.6722,32.80658],[128.68189,32.80316],[128.68051,32.81036]]],[[[129.06396,32.81587],[129.06298,32.8164],[129.06269,32.81526],[129.06396,32.8131],[129.06396,32.81587]]],[[[128.89235,32.83013],[128.89317,32.82747],[128.89486,32.82671],[128.89446,32.82885],[128.89235,32.83013]]],[[[129.00371,32.83248],[129.00176,32.83227],[129.00515,32.83141],[129.00371,32.83248]]],[[[128.86397,32.84476],[128.86756,32.8219],[128.87843,32.81785],[128.87751,32.79919],[128.86261,32.80184],[128.87108,32.80623],[128.86179,32.81645],[128.86105,32.83503],[128.85177,32.8296],[128.83782,32.83833],[128.83542,32.7823],[128.85096,32.77829],[128.86409,32.76389],[128.87945,32.76361],[128.91064,32.79843],[128.90297,32.80331],[128.90064,32.82165],[128.88588,32.82501],[128.88427,32.83329],[128.86397,32.84476]]],[[[129.03651,32.84807],[129.0366,32.84657],[129.03744,32.84748],[129.03651,32.84807]]],[[[129.85895,32.8515],[129.8578,32.85092],[129.86024,32.85054],[129.85895,32.8515]]],[[[129.03792,32.8538],[129.03617,32.85251],[129.03813,32.85148],[129.03896,32.84348],[129.04071,32.84348],[129.0417,32.84966],[129.03967,32.8502],[129.04008,32.85151],[129.03792,32.8538]]],[[[129.00346,32.86284],[129.00073,32.85943],[129.00136,32.85583],[129.0003,32.85543],[129.00292,32.854],[129.0035,32.85603],[129.0044,32.85544],[129.00593,32.85759],[129.00401,32.85816],[129.00346,32.86021],[129.00467,32.86165],[129.00346,32.86284]]],[[[129.0419,32.86414],[129.04199,32.86291],[129.04444,32.86168],[129.04688,32.86165],[129.04443,32.86392],[129.0419,32.86414]]],[[[129.03169,32.86903],[129.03369,32.85989],[129.03555,32.86265],[129.03531,32.86637],[129.03169,32.86903]]],[[[129.82557,32.86918],[129.82213,32.86739],[129.82195,32.86501],[129.82465,32.86732],[129.82761,32.86592],[129.82557,32.86918]]],[[[129.63172,32.86844],[129.63065,32.86993],[129.6291,32.86817],[129.63101,32.86744],[129.63172,32.86844]]],[[[129.56735,32.86998],[129.56634,32.86871],[129.5683,32.86898],[129.56735,32.86998]]],[[[129.04123,32.87007],[129.04007,32.8688],[129.04137,32.86488],[129.04255,32.86557],[129.04643,32.86346],[129.04731,32.86429],[129.04504,32.86723],[129.04123,32.87007]]],[[[129.55568,32.87015],[129.5528,32.86876],[129.55963,32.86637],[129.56425,32.86821],[129.55568,32.87015]]],[[[128.94007,32.87156],[128.94154,32.86767],[128.94113,32.87129],[128.94007,32.87156]]],[[[129.8052,32.87343],[129.80783,32.86559],[129.8131,32.8688],[129.8052,32.87343]]],[[[129.92755,32.87369],[129.92547,32.87351],[129.9252,32.87161],[129.93018,32.86888],[129.93294,32.869],[129.9331,32.86982],[129.92925,32.87001],[129.92844,32.8737],[129.92755,32.87369]]],[[[128.90679,32.87912],[128.90485,32.87792],[128.9068,32.8753],[128.90776,32.87852],[128.90679,32.87912]]],[[[129.79654,32.88061],[129.79756,32.87864],[129.80082,32.87703],[129.80241,32.87875],[129.79654,32.88061]]],[[[129.03461,32.88282],[129.02968,32.87289],[129.03542,32.86798],[129.03461,32.88282]]],[[[129.0574,32.88434],[129.05579,32.88423],[129.05736,32.88328],[129.0574,32.88434]]],[[[128.94158,32.88468],[128.94934,32.87347],[128.94273,32.8491],[128.92772,32.87212],[128.92259,32.87012],[128.93672,32.84909],[128.93199,32.83847],[128.91803,32.86769],[128.90722,32.8744],[128.90122,32.86988],[128.88879,32.87739],[128.88998,32.86678],[128.87408,32.86275],[128.88987,32.85195],[128.89194,32.86386],[128.91263,32.83987],[128.92002,32.84204],[128.92877,32.82332],[128.91441,32.82066],[128.9323,32.81766],[128.93503,32.82812],[128.93926,32.82427],[128.94028,32.79967],[128.95202,32.81675],[128.9415,32.82734],[128.94783,32.83375],[128.96074,32.83098],[128.95377,32.84639],[128.96417,32.85168],[128.95837,32.86905],[128.94158,32.88468]]],[[[129.0512,32.88679],[129.05371,32.88552],[129.05427,32.88656],[129.0512,32.88679]]],[[[129.60212,32.89118],[129.59101,32.88054],[129.60335,32.88233],[129.60212,32.89118]]],[[[129.8383,32.89166],[129.83684,32.89066],[129.8374,32.88938],[129.83944,32.89014],[129.8383,32.89166]]],[[[129.04972,32.89267],[129.04802,32.89242],[129.04775,32.89055],[129.04895,32.89038],[129.04972,32.89267]]],[[[129.03932,32.89273],[129.03642,32.88843],[129.04522,32.8867],[129.03932,32.89273]]],[[[129.85929,32.89568],[129.85569,32.89437],[129.85574,32.89325],[129.85663,32.89261],[129.85929,32.89568]]],[[[128.91711,32.89691],[128.90488,32.88942],[128.91639,32.88653],[128.91711,32.89691]]],[[[128.94325,32.90055],[128.94204,32.89841],[128.94315,32.89712],[128.94722,32.89611],[128.94736,32.89787],[128.94325,32.90055]]],[[[129.94214,32.9042],[129.93984,32.9027],[129.94107,32.89987],[129.94331,32.90344],[129.94214,32.9042]]],[[[129.79282,32.91023],[129.79216,32.90933],[129.79431,32.90946],[129.79282,32.91023]]],[[[129.80268,32.91634],[129.80234,32.91748],[129.80116,32.91712],[129.79997,32.91484],[129.80256,32.91506],[129.80354,32.91274],[129.80708,32.91293],[129.80732,32.91476],[129.80939,32.91619],[129.80268,32.91634]]],[[[129.04581,32.9186],[129.04294,32.9162],[129.04719,32.91615],[129.04581,32.9186]]],[[[129.11429,32.92378],[129.11155,32.92265],[129.11237,32.9211],[129.11554,32.92241],[129.11565,32.92366],[129.11429,32.92378]]],[[[129.18972,32.92466],[129.18545,32.9173],[129.19654,32.92094],[129.18972,32.92466]]],[[[129.90186,32.92903],[129.91636,32.90435],[129.92674,32.90742],[129.90186,32.92903]]],[[[128.96308,32.93248],[128.95635,32.91605],[128.94729,32.92487],[128.93072,32.91804],[128.96206,32.90445],[128.97042,32.91081],[128.9569,32.90788],[128.954,32.91476],[128.96711,32.9193],[128.96308,32.93248]]],[[[128.98997,32.933],[128.98289,32.93025],[128.99063,32.92334],[128.9779,32.91874],[128.9881,32.90789],[128.98028,32.90473],[128.99269,32.89691],[129.00174,32.90204],[128.99684,32.89523],[129.00441,32.88154],[128.99944,32.87881],[128.99179,32.89442],[128.98586,32.88068],[128.98328,32.89484],[128.96165,32.90363],[128.97497,32.8783],[128.96566,32.87342],[128.98055,32.87183],[128.98057,32.85849],[128.99564,32.86954],[129.008,32.86043],[129.01412,32.86776],[129.02266,32.86207],[129.0112,32.85639],[129.02332,32.85548],[129.01304,32.85268],[129.02684,32.84436],[129.02912,32.86986],[129.02077,32.87385],[129.03219,32.8881],[129.02234,32.88905],[129.03297,32.89691],[129.02143,32.90226],[129.01561,32.92388],[129.00062,32.9202],[128.98997,32.933]]],[[[129.11498,32.93699],[129.11356,32.93553],[129.11491,32.93437],[129.11601,32.93545],[129.11498,32.93699]]],[[[129.63119,32.94763],[129.62776,32.94739],[129.62849,32.94628],[129.63141,32.94624],[129.63119,32.94763]]],[[[129.59852,32.94769],[129.59276,32.93836],[129.59791,32.92426],[129.61651,32.91723],[129.62547,32.9263],[129.62387,32.93729],[129.60506,32.93879],[129.59852,32.94769]]],[[[129.10331,32.95528],[129.10249,32.95389],[129.1033,32.95334],[129.10418,32.95383],[129.10331,32.95528]]],[[[129.81004,32.96202],[129.80916,32.96211],[129.8094,32.96045],[129.81093,32.96135],[129.81004,32.96202]]],[[[129.81245,32.96376],[129.8107,32.96294],[129.81445,32.95848],[129.81621,32.96123],[129.81245,32.96376]]],[[[128.99006,32.9657],[128.97771,32.95864],[128.98268,32.94497],[128.98453,32.95282],[128.99477,32.95241],[128.99696,32.96165],[128.99006,32.9657]]],[[[129.81191,32.96561],[129.81092,32.96393],[129.81214,32.96393],[129.81191,32.96561]]],[[[129.12192,32.99049],[129.12141,32.98928],[129.12275,32.98932],[129.12192,32.99049]]],[[[129.02484,32.99353],[129.02199,32.99129],[129.02113,32.9864],[129.02265,32.9841],[129.02471,32.98406],[129.02528,32.98045],[129.02406,32.97596],[129.02563,32.97542],[129.02698,32.97845],[129.02587,32.98604],[129.02419,32.98746],[129.02708,32.99039],[129.02671,32.99288],[129.02484,32.99353]]],[[[129.81762,32.9964],[129.81671,32.99416],[129.8191,32.9918],[129.82036,32.99563],[129.81762,32.9964]]],[[[129.10222,32.99663],[129.10045,32.99491],[129.10284,32.99525],[129.10222,32.99663]]],[[[129.74743,32.99936],[129.7451,32.99849],[129.74574,32.9965],[129.74834,32.99806],[129.74743,32.99936]]],[[[129.74396,33.00009],[129.74157,32.99687],[129.73987,32.99717],[129.74106,32.99473],[129.74614,32.99462],[129.74621,32.99592],[129.74383,32.99654],[129.74396,33.00009]]],[[[129.74188,32.99974],[129.73981,32.99934],[129.73965,32.99781],[129.74188,32.99974]]],[[[129.25984,33.00171],[129.25806,33.00068],[129.25968,33.00015],[129.25984,33.00171]]],[[[129.74693,33.0043],[129.74488,33.00271],[129.74692,33.0003],[129.74873,33.00073],[129.74887,33.0019],[129.74693,33.0043]]],[[[129.81375,33.00738],[129.8127,33.00671],[129.81447,33.00364],[129.81569,33.00612],[129.81375,33.00738]]],[[[129.54495,33.00839],[129.54312,33.00292],[129.55418,33.0011],[129.54495,33.00839]]],[[[129.65023,33.0096],[129.64761,32.99995],[129.64726,32.99228],[129.64834,32.99088],[129.64663,32.9886],[129.64718,32.98738],[129.6516,32.98702],[129.65282,32.99068],[129.64883,33.00068],[129.65116,33.00174],[129.65023,33.0096]]],[[[129.53639,33.01034],[129.5357,33.00858],[129.54211,33.00818],[129.53977,33.01027],[129.53773,33.00935],[129.53639,33.01034]]],[[[129.0319,33.0149],[129.0158,33.01395],[129.00483,33.00285],[129.0319,33.0149]]],[[[129.77679,33.01977],[129.77467,33.01936],[129.77583,33.0183],[129.77679,33.01977]]],[[[129.18893,33.01995],[129.1742,33.01476],[129.1762,33.00919],[129.19656,33.00773],[129.18893,33.01995]]],[[[129.35313,33.02103],[129.34275,33.01587],[129.34523,32.99789],[129.36217,33.00355],[129.35313,33.02103]]],[[[129.78128,33.02164],[129.77962,33.02073],[129.78097,33.02048],[129.78128,33.02164]]],[[[129.43345,33.02185],[129.43155,33.02148],[129.43128,33.01855],[129.43704,33.01571],[129.43886,33.01773],[129.43345,33.02185]]],[[[129.18324,33.023],[129.17976,33.02181],[129.17803,33.01971],[129.18586,33.02064],[129.18324,33.023]]],[[[129.24732,33.0232],[129.22212,33.00114],[129.2395,32.99955],[129.23431,32.98877],[129.25584,33.00158],[129.26106,33.01981],[129.25007,33.01315],[129.24732,33.0232]]],[[[129.16003,33.02817],[129.15805,33.02772],[129.15602,33.02444],[129.15782,33.02476],[129.16051,33.0274],[129.16003,33.02817]]],[[[129.56187,33.03045],[129.56406,33.01776],[129.57339,33.02297],[129.5564,33.00079],[129.59033,33.02185],[129.56187,33.03045]]],[[[129.75563,33.03218],[129.75484,33.03251],[129.75354,33.02924],[129.755,33.02896],[129.75563,33.03218]]],[[[129.15979,33.03434],[129.15833,33.03344],[129.16321,33.03248],[129.16319,33.03356],[129.15979,33.03434]]],[[[129.75903,33.03361],[129.75779,33.03432],[129.75757,33.03278],[129.7587,33.03227],[129.75903,33.03361]]],[[[129.63739,33.04486],[129.63326,33.04122],[129.63348,33.03989],[129.63183,33.04003],[129.632,33.03888],[129.62922,33.03707],[129.62822,33.03419],[129.6315,33.03498],[129.63116,33.03319],[129.629,33.03239],[129.62815,33.02885],[129.62939,33.02753],[129.63039,33.02818],[129.63356,33.02685],[129.63231,33.02991],[129.63662,33.03301],[129.63648,33.0349],[129.63834,33.03531],[129.63697,33.0396],[129.63899,33.04107],[129.63872,33.04238],[129.63731,33.04239],[129.63739,33.04486]]],[[[129.10819,33.05331],[129.10636,33.05174],[129.1087,33.0525],[129.10819,33.05331]]],[[[129.81876,33.05271],[129.81821,33.05357],[129.81705,33.0523],[129.81669,33.04842],[129.8199,33.05169],[129.81876,33.05271]]],[[[129.78816,33.061],[129.78715,33.06249],[129.78523,33.06026],[129.78816,33.061]]],[[[129.64274,33.06337],[129.64078,33.06285],[129.64081,33.06056],[129.64391,33.06086],[129.64437,33.06233],[129.64274,33.06337]]],[[[129.56711,33.0653],[129.56642,33.06387],[129.57098,33.06384],[129.56711,33.0653]]],[[[129.60878,33.0653],[129.60969,33.05346],[129.60328,33.0571],[129.5918,33.04661],[129.58883,33.02695],[129.60848,33.02228],[129.61304,33.03418],[129.62483,33.03302],[129.62962,33.04268],[129.62355,33.04269],[129.63465,33.05083],[129.63058,33.05832],[129.63838,33.06036],[129.60878,33.0653]]],[[[129.78084,33.07687],[129.7784,33.07447],[129.77772,33.07185],[129.78068,33.07139],[129.78268,33.06676],[129.78515,33.06625],[129.78609,33.0702],[129.78478,33.07337],[129.78289,33.07382],[129.7832,33.07631],[129.78084,33.07687]]],[[[129.76992,33.07737],[129.76829,33.07647],[129.76989,33.07617],[129.76992,33.07737]]],[[[129.75284,33.13475],[129.75112,33.13331],[129.75131,33.13187],[129.75291,33.13132],[129.75535,33.13326],[129.75284,33.13475]]],[[[129.66512,33.13507],[129.66112,33.13252],[129.66376,33.13163],[129.66546,33.13341],[129.66512,33.13507]]],[[[129.13534,33.13737],[129.13408,33.13716],[129.13197,33.1328],[129.13343,33.13164],[129.13531,33.1326],[129.13534,33.13737]]],[[[129.65446,33.14193],[129.65412,33.13952],[129.65572,33.1405],[129.65446,33.14193]]],[[[129.76823,33.14344],[129.75791,33.13136],[129.77388,33.12636],[129.75818,33.12793],[129.76081,33.1138],[129.7509,33.12473],[129.74371,33.12152],[129.75425,33.10103],[129.72882,33.10008],[129.73945,33.07874],[129.74915,33.07744],[129.73947,33.07127],[129.74131,33.06314],[129.75813,33.06347],[129.75448,33.05603],[129.76759,33.05009],[129.76461,33.05847],[129.78104,33.06251],[129.75779,33.08048],[129.75825,33.08819],[129.76939,33.10074],[129.76591,33.07673],[129.79327,33.08251],[129.7865,33.10414],[129.79454,33.11249],[129.79591,33.13321],[129.76823,33.14344]]],[[[129.67495,33.14327],[129.67348,33.1407],[129.67912,33.13896],[129.67897,33.13727],[129.67636,33.13886],[129.67497,33.13701],[129.67935,33.13644],[129.68054,33.14116],[129.67621,33.14069],[129.67495,33.14327]]],[[[129.6605,33.14472],[129.6587,33.14395],[129.65911,33.1432],[129.6605,33.14472]]],[[[129.54389,33.15174],[129.50369,33.14039],[129.53612,33.13098],[129.54995,33.13633],[129.54389,33.15174]]],[[[129.66649,33.15247],[129.66402,33.15042],[129.66744,33.1512],[129.66761,33.1524],[129.66649,33.15247]]],[[[128.90214,33.15559],[128.89562,33.15385],[128.89763,33.14994],[128.89913,33.14996],[128.89815,33.15245],[128.89916,33.15315],[128.90388,33.15396],[128.90214,33.15559]]],[[[129.66851,33.15747],[129.66858,33.15468],[129.67133,33.15418],[129.66908,33.15196],[129.67074,33.14983],[129.67295,33.14986],[129.67347,33.15157],[129.67102,33.15614],[129.66851,33.15747]]],[[[129.65135,33.16247],[129.65024,33.16036],[129.65098,33.1594],[129.65241,33.16002],[129.65135,33.16247]]],[[[129.66497,33.16259],[129.66434,33.16011],[129.66539,33.16084],[129.66497,33.16259]]],[[[129.67136,33.16316],[129.67058,33.16193],[129.67191,33.16076],[129.67136,33.16316]]],[[[129.63805,33.16319],[129.63687,33.16275],[129.63695,33.15952],[129.639,33.15766],[129.63805,33.16319]]],[[[129.113,33.16425],[129.09428,33.12141],[129.10448,33.1134],[129.09807,33.10446],[129.10971,33.10071],[129.10776,33.08835],[129.08559,33.07543],[129.08243,33.05893],[129.07516,33.05722],[129.08469,33.04342],[129.078,33.0361],[129.08809,33.0246],[129.07023,33.01929],[129.06803,33.04597],[129.05018,33.04117],[129.05328,33.03633],[129.0423,33.02772],[129.04121,33.0034],[129.04986,32.99559],[129.04364,32.98678],[129.06581,32.98098],[129.05236,32.97891],[129.04985,32.95942],[129.04771,32.97623],[129.03264,32.97218],[129.0309,32.9612],[129.02014,32.97624],[129.01581,32.96646],[129.01138,32.97595],[128.99766,32.96659],[129.00325,32.95999],[128.99783,32.95329],[129.00717,32.95216],[128.99765,32.95004],[129.00336,32.94577],[128.99172,32.9434],[129.00682,32.94037],[129.01456,32.94907],[129.01382,32.9371],[129.02304,32.93223],[129.03543,32.94527],[129.04079,32.93159],[129.03048,32.93047],[129.02684,32.91904],[129.03681,32.92569],[129.0509,32.92135],[129.05238,32.91049],[129.06746,32.90486],[129.06256,32.89599],[129.05873,32.90672],[129.05196,32.9073],[129.05299,32.89932],[129.03925,32.90837],[129.04236,32.89352],[129.05947,32.88827],[129.05754,32.87848],[129.04345,32.88579],[129.04996,32.87446],[129.04031,32.88189],[129.04724,32.86839],[129.04134,32.8599],[129.0488,32.85326],[129.04584,32.83008],[129.0518,32.82713],[129.04325,32.82238],[129.05933,32.81635],[129.06909,32.83166],[129.05692,32.84741],[129.06608,32.86252],[129.08886,32.85519],[129.10022,32.86017],[129.09496,32.88157],[129.08227,32.88213],[129.09248,32.89009],[129.08118,32.89575],[129.08463,32.90395],[129.095,32.90311],[129.08957,32.91041],[129.09668,32.91485],[129.08442,32.92625],[129.10934,32.92663],[129.10226,32.96221],[129.11897,32.93784],[129.13088,32.94499],[129.13903,32.93711],[129.14843,32.95604],[129.1823,32.97147],[129.18363,32.97855],[129.17438,32.99686],[129.18328,33.00188],[129.16555,33.00879],[129.15705,32.99989],[129.13544,33.00236],[129.12226,32.98467],[129.1146,32.9906],[129.10887,32.98121],[129.08851,32.98259],[129.09634,33.00184],[129.08949,33.01776],[129.09824,33.0257],[129.09128,33.03855],[129.10504,33.04893],[129.09837,33.05245],[129.10435,33.06071],[129.11388,33.06243],[129.10864,33.06802],[129.11982,33.09887],[129.1172,33.11482],[129.10298,33.12416],[129.1177,33.15654],[129.113,33.16425]]],[[[129.66091,33.16548],[129.66042,33.16288],[129.66121,33.16264],[129.66091,33.16548]]],[[[129.67115,33.16638],[129.67056,33.16399],[129.67373,33.16013],[129.67507,33.16283],[129.67115,33.16638]]],[[[128.99376,33.16706],[128.9932,33.16495],[128.99485,33.1655],[128.99376,33.16706]]],[[[129.53784,33.16913],[129.53471,33.16783],[129.53567,33.16742],[129.53784,33.16913]]],[[[129.52027,33.17386],[129.51917,33.17169],[129.52403,33.16714],[129.52476,33.17101],[129.52027,33.17386]]],[[[128.90243,33.17411],[128.89385,33.16761],[128.90343,33.1661],[128.90243,33.17411]]],[[[129.03421,33.17444],[129.03268,33.1727],[129.03444,33.17176],[129.03661,33.17328],[129.03892,33.17148],[129.04015,33.17285],[129.03804,33.17444],[129.03421,33.17444]]],[[[129.0243,33.1755],[129.0182,33.16521],[129.02655,33.16865],[129.0243,33.1755]]],[[[129.3332,33.17964],[129.33142,33.17844],[129.33286,33.17838],[129.3332,33.17964]]],[[[129.05833,33.18437],[129.05651,33.1829],[129.05555,33.18425],[129.0547,33.18342],[129.0563,33.18181],[129.05263,33.17763],[129.05471,33.17656],[129.05678,33.17719],[129.05587,33.17896],[129.06115,33.1804],[129.05749,33.18323],[129.05833,33.18437]]],[[[129.02164,33.18493],[129.01446,33.18029],[129.02434,33.18002],[129.02164,33.18493]]],[[[129.075,33.18527],[129.07195,33.18403],[129.07559,33.18294],[129.075,33.18527]]],[[[129.34526,33.18295],[129.34445,33.18547],[129.34228,33.18495],[129.3417,33.18357],[129.34758,33.17785],[129.34808,33.18233],[129.34526,33.18295]]],[[[129.57908,33.18824],[129.57914,33.18703],[129.58034,33.18753],[129.57908,33.18824]]],[[[129.6128,33.1889],[129.60949,33.18675],[129.61192,33.18434],[129.61348,33.18469],[129.61439,33.18811],[129.6128,33.1889]]],[[[129.04246,33.18885],[129.04004,33.18794],[129.04151,33.18721],[129.04246,33.18885]]],[[[129.60115,33.18914],[129.60095,33.18756],[129.60233,33.18783],[129.60115,33.18914]]],[[[129.33882,33.19005],[129.335,33.18905],[129.33581,33.18616],[129.33422,33.18316],[129.33785,33.18338],[129.33771,33.18581],[129.33964,33.1864],[129.33951,33.18751],[129.34184,33.18766],[129.33882,33.19005]]],[[[129.03116,33.19009],[129.02776,33.18832],[129.02851,33.18626],[129.0315,33.1882],[129.03116,33.19009]]],[[[129.64661,33.19184],[129.64606,33.19046],[129.64875,33.18883],[129.64661,33.19184]]],[[[128.987,33.19362],[128.97984,33.18559],[128.99334,33.18832],[128.987,33.19362]]],[[[129.59078,33.19386],[129.57846,33.18468],[129.59043,33.17128],[129.58322,33.16065],[129.59326,33.16572],[129.58561,33.18171],[129.58737,33.19019],[129.59488,33.18462],[129.59078,33.19386]]],[[[129.61535,33.19403],[129.61329,33.19289],[129.61484,33.1913],[129.61535,33.19403]]],[[[128.9266,33.19471],[128.92628,33.19074],[128.93003,33.19058],[128.92914,33.19309],[128.92993,33.1942],[128.9266,33.19471]]],[[[129.34431,33.19587],[129.34049,33.19462],[129.34252,33.19249],[129.34431,33.19587]]],[[[129.61086,33.19791],[129.60986,33.1979],[129.60867,33.19336],[129.61046,33.1939],[129.61118,33.19225],[129.60875,33.19253],[129.60859,33.18969],[129.61291,33.18927],[129.61382,33.19138],[129.61131,33.19407],[129.61086,33.19791]]],[[[129.57985,33.19855],[129.57996,33.19716],[129.57702,33.19627],[129.57853,33.19484],[129.58055,33.19611],[129.57985,33.19855]]],[[[129.61685,33.19812],[129.61545,33.19814],[129.61564,33.19709],[129.61685,33.19812]]],[[[129.60008,33.19981],[129.59623,33.19746],[129.59586,33.19477],[129.59754,33.19418],[129.59638,33.19299],[129.59853,33.19122],[129.59929,33.19222],[129.59766,33.19303],[129.60068,33.19493],[129.59903,33.19612],[129.60008,33.19981]]],[[[129.58219,33.20149],[129.58364,33.19851],[129.58597,33.19894],[129.58448,33.20125],[129.58219,33.20149]]],[[[129.58297,33.2079],[129.58159,33.20503],[129.58297,33.2027],[129.58456,33.20406],[129.59095,33.20175],[129.59378,33.20255],[129.59312,33.20448],[129.58836,33.20403],[129.58297,33.2079]]],[[[129.50564,33.2082],[129.50383,33.20656],[129.50319,33.2035],[129.50564,33.2082]]],[[[129.59981,33.20689],[129.59907,33.20858],[129.59665,33.20653],[129.59606,33.20491],[129.59833,33.20399],[129.59649,33.20126],[129.5995,33.20309],[129.6006,33.20197],[129.60286,33.20245],[129.59981,33.20689]]],[[[129.35275,33.21264],[129.34819,33.2111],[129.34851,33.20932],[129.351,33.20756],[129.3505,33.21018],[129.3532,33.21153],[129.35275,33.21264]]],[[[129.02359,33.21311],[129.01439,33.21313],[129.01255,33.20076],[129.02399,33.20056],[129.02359,33.21311]]],[[[129.57788,33.21333],[129.57567,33.2084],[129.57674,33.20759],[129.57981,33.20899],[129.57788,33.21333]]],[[[129.12276,33.21372],[129.11492,33.20797],[129.12439,33.18941],[129.11961,33.17925],[129.13273,33.15875],[129.13136,33.1853],[129.14352,33.19246],[129.12276,33.21372]]],[[[129.56575,33.2173],[129.5647,33.21635],[129.56552,33.21329],[129.56905,33.21186],[129.56575,33.2173]]],[[[129.05692,33.22001],[129.04584,33.21888],[129.04326,33.20522],[129.0385,33.21114],[129.02989,33.19646],[129.04686,33.1958],[129.04976,33.1828],[129.06202,33.18506],[129.06406,33.19491],[129.07336,33.18786],[129.09389,33.19107],[129.08165,33.19689],[129.08001,33.20827],[129.09604,33.20688],[129.09793,33.21537],[129.06885,33.20742],[129.05378,33.21255],[129.05692,33.22001]]],[[[129.13439,33.22791],[129.12992,33.22268],[129.14023,33.22222],[129.13439,33.22791]]],[[[129.06689,33.22809],[129.06288,33.221],[129.06952,33.21817],[129.07461,33.22249],[129.06689,33.22809]]],[[[129.54735,33.22808],[129.54668,33.22656],[129.548,33.22369],[129.55157,33.22266],[129.54735,33.22808]]],[[[129.55544,33.22803],[129.55257,33.22971],[129.55372,33.22617],[129.55799,33.22657],[129.55713,33.22842],[129.55544,33.22803]]],[[[129.54636,33.23132],[129.54492,33.23189],[129.54493,33.23048],[129.54769,33.23037],[129.54636,33.23132]]],[[[129.55696,33.23362],[129.55406,33.23218],[129.55827,33.23077],[129.55731,33.22879],[129.55894,33.22752],[129.56218,33.22759],[129.56137,33.23318],[129.55696,33.23362]]],[[[129.55594,33.23669],[129.5556,33.23521],[129.55657,33.23504],[129.55707,33.23621],[129.55594,33.23669]]],[[[129.34081,33.23973],[129.33961,33.23863],[129.34173,33.23721],[129.34331,33.23842],[129.34081,33.23973]]],[[[129.41642,33.24044],[129.41561,33.23973],[129.41665,33.23843],[129.41642,33.24044]]],[[[129.07664,33.24776],[129.07556,33.24642],[129.07674,33.24645],[129.07664,33.24776]]],[[[129.14056,33.25243],[129.13876,33.25044],[129.14063,33.25076],[129.14056,33.25243]]],[[[129.3412,33.25256],[129.33766,33.25149],[129.33594,33.24836],[129.34071,33.24979],[129.34199,33.25166],[129.3412,33.25256]]],[[[129.56499,33.25413],[129.56214,33.25367],[129.56021,33.25073],[129.56227,33.25033],[129.56499,33.25413]]],[[[129.55745,33.25427],[129.55521,33.25385],[129.55524,33.25268],[129.55745,33.25427]]],[[[129.06655,33.26281],[129.05589,33.25759],[129.07091,33.24452],[129.07266,33.25503],[129.06376,33.25131],[129.06655,33.26281]]],[[[129.56182,33.26337],[129.5594,33.263],[129.56078,33.2606],[129.55879,33.25937],[129.56449,33.26044],[129.56182,33.26337]]],[[[129.55794,33.26432],[129.55597,33.26178],[129.55788,33.26285],[129.55794,33.26432]]],[[[129.55586,33.2658],[129.55391,33.26334],[129.55107,33.26259],[129.55512,33.26234],[129.55673,33.26516],[129.55586,33.2658]]],[[[129.56332,33.26941],[129.56093,33.26696],[129.56289,33.26601],[129.56085,33.2646],[129.56363,33.26432],[129.56342,33.26296],[129.56523,33.26165],[129.56628,33.26208],[129.56354,33.26613],[129.56332,33.26941]]],[[[129.55874,33.27031],[129.5568,33.26969],[129.558,33.26897],[129.55874,33.27031]]],[[[129.56818,33.27662],[129.56621,33.27547],[129.568,33.27404],[129.56666,33.27269],[129.56502,33.27313],[129.56495,33.27127],[129.56794,33.2717],[129.57171,33.27519],[129.56897,33.275],[129.56818,33.27662]]],[[[129.57343,33.27951],[129.57184,33.27681],[129.57398,33.27687],[129.57343,33.27951]]],[[[129.51233,33.28406],[129.51145,33.2837],[129.51362,33.28106],[129.51506,33.28203],[129.51233,33.28406]]],[[[129.57699,33.29099],[129.57491,33.29007],[129.57644,33.28918],[129.57699,33.29099]]],[[[129.56688,33.29106],[129.5637,33.28818],[129.56439,33.28741],[129.56611,33.28841],[129.56688,33.29106]]],[[[129.51773,33.29251],[129.51378,33.29089],[129.51769,33.29068],[129.51867,33.29166],[129.51773,33.29251]]],[[[129.41256,33.29387],[129.41121,33.29356],[129.41173,33.29215],[129.41418,33.29255],[129.41256,33.29387]]],[[[129.50798,33.30055],[129.50747,33.2979],[129.50894,33.29858],[129.50798,33.30055]]],[[[129.12865,33.30224],[129.12091,33.28877],[129.08546,33.28343],[129.06978,33.27096],[129.07294,33.25984],[129.08161,33.26524],[129.09696,33.24901],[129.12986,33.24898],[129.13006,33.2612],[129.15683,33.27206],[129.14028,33.27793],[129.14169,33.29601],[129.12865,33.30224]]],[[[129.17071,33.30321],[129.1696,33.30324],[129.17034,33.30143],[129.17071,33.30321]]],[[[129.12743,33.30304],[129.12727,33.30478],[129.12641,33.30425],[129.12743,33.30304]]],[[[129.57992,33.3064],[129.58019,33.30421],[129.58252,33.30499],[129.57992,33.3064]]],[[[129.43055,33.31511],[129.42986,33.31651],[129.42905,33.31597],[129.43055,33.31511]]],[[[129.82701,33.35452],[129.82599,33.35287],[129.82781,33.35089],[129.82865,33.35204],[129.82701,33.35452]]],[[[129.56316,33.3744],[129.56109,33.37339],[129.56123,33.37251],[129.56316,33.3744]]],[[[129.46367,33.37437],[129.46609,33.37204],[129.46684,33.37245],[129.46367,33.37437]]],[[[129.86017,33.38263],[129.85843,33.38214],[129.85891,33.3815],[129.86017,33.38263]]],[[[129.59632,33.38466],[129.5949,33.3846],[129.6048,33.38038],[129.60433,33.38166],[129.60126,33.38173],[129.59925,33.38277],[129.59919,33.38411],[129.59632,33.38466]]],[[[129.85868,33.38752],[129.85782,33.38447],[129.85899,33.38547],[129.85868,33.38752]]],[[[129.51638,33.39101],[129.51408,33.38988],[129.51632,33.3901],[129.51638,33.39101]]],[[[129.7736,33.3922],[129.77367,33.39116],[129.77938,33.38994],[129.77753,33.39241],[129.7736,33.3922]]],[[[129.7775,33.40139],[129.78056,33.39317],[129.78462,33.39771],[129.7775,33.40139]]],[[[129.51412,33.4048],[129.51418,33.40365],[129.51559,33.40383],[129.51412,33.4048]]],[[[129.6783,33.40551],[129.67792,33.4045],[129.68064,33.40426],[129.68093,33.40541],[129.6783,33.40551]]],[[[129.55455,33.40954],[129.51813,33.40042],[129.52755,33.39395],[129.51813,33.39149],[129.5221,33.38681],[129.54223,33.39041],[129.55188,33.3807],[129.54093,33.37259],[129.52473,33.38018],[129.53181,33.36902],[129.52406,33.35453],[129.51372,33.3568],[129.52204,33.37595],[129.51091,33.38138],[129.49949,33.35582],[129.43724,33.34715],[129.44293,33.32502],[129.43253,33.31439],[129.44716,33.2918],[129.42403,33.29069],[129.42657,33.28021],[129.40694,33.27801],[129.40387,33.26544],[129.41202,33.26054],[129.40564,33.2547],[129.41048,33.24895],[129.42703,33.24726],[129.42301,33.24151],[129.4349,33.236],[129.42738,33.23267],[129.42043,33.23969],[129.42412,33.22627],[129.39941,33.24001],[129.38213,33.22741],[129.38042,33.20799],[129.40713,33.19558],[129.39992,33.18003],[129.36686,33.18725],[129.35609,33.20732],[129.35159,33.20199],[129.35846,33.18893],[129.34948,33.18189],[129.37019,33.16929],[129.38855,33.17216],[129.43399,33.19093],[129.45196,33.21324],[129.46352,33.21381],[129.50462,33.26928],[129.48812,33.28726],[129.47697,33.28773],[129.49259,33.28905],[129.49551,33.28263],[129.51001,33.28765],[129.50035,33.30042],[129.52388,33.30253],[129.53211,33.31179],[129.51385,33.33045],[129.54445,33.33072],[129.54598,33.34884],[129.57048,33.35888],[129.55311,33.36907],[129.56292,33.382],[129.55417,33.39044],[129.56184,33.39197],[129.55455,33.40954]]],[[[129.79697,33.41464],[129.81354,33.39908],[129.80757,33.39342],[129.81458,33.36661],[129.80356,33.3622],[129.80762,33.35057],[129.81992,33.35563],[129.8195,33.36517],[129.8355,33.36254],[129.84247,33.36672],[129.83682,33.37128],[129.84783,33.36819],[129.85869,33.37555],[129.85117,33.38583],[129.84017,33.38715],[129.84006,33.37944],[129.83391,33.38383],[129.8301,33.40686],[129.79697,33.41464]]],[[[129.6871,33.4231],[129.67954,33.41063],[129.68501,33.40602],[129.6871,33.4231]]],[[[129.71027,33.4241],[129.70824,33.42506],[129.7075,33.42419],[129.71077,33.41971],[129.71186,33.41982],[129.71301,33.42092],[129.71027,33.4241]]],[[[129.53319,33.426],[129.53237,33.42405],[129.53422,33.42389],[129.5332,33.42233],[129.53512,33.42112],[129.53319,33.426]]],[[[129.69411,33.43052],[129.6911,33.42901],[129.69502,33.43024],[129.69411,33.43052]]],[[[129.43459,33.44069],[129.42081,33.43255],[129.42164,33.40849],[129.39741,33.36054],[129.41507,33.351],[129.43589,33.35594],[129.43,33.37858],[129.43675,33.39638],[129.42793,33.42212],[129.43725,33.4313],[129.43459,33.44069]]],[[[129.53058,33.45437],[129.52425,33.44259],[129.50686,33.43523],[129.50538,33.42544],[129.54474,33.44039],[129.53058,33.45437]]],[[[129.719,33.46378],[129.71388,33.46009],[129.72754,33.45154],[129.719,33.46378]]],[[[129.75495,33.47045],[129.75112,33.46006],[129.7596,33.45487],[129.7392,33.43774],[129.74528,33.42993],[129.71877,33.41868],[129.73126,33.40637],[129.74988,33.41146],[129.74776,33.4216],[129.75819,33.41547],[129.76344,33.43361],[129.78938,33.42506],[129.79324,33.43024],[129.76892,33.44325],[129.77078,33.46153],[129.75495,33.47045]]],[[[129.55644,33.51076],[129.5277,33.49942],[129.49715,33.47132],[129.5185,33.47164],[129.51302,33.48007],[129.52828,33.48605],[129.53474,33.47471],[129.55211,33.46918],[129.57542,33.48131],[129.58352,33.49572],[129.56504,33.50127],[129.56719,33.49164],[129.55385,33.48927],[129.55644,33.51076]]],[[[129.55503,33.6106],[129.55454,33.60693],[129.55064,33.60515],[129.55269,33.60386],[129.55824,33.60591],[129.55846,33.60948],[129.55503,33.6106]]],[[[129.62527,33.70034],[129.624,33.69865],[129.62553,33.69908],[129.62527,33.70034]]],[[[129.65196,33.71153],[129.65078,33.71072],[129.65237,33.71018],[129.65196,33.71153]]],[[[129.64963,33.71211],[129.64828,33.71155],[129.64941,33.7108],[129.64963,33.71211]]],[[[129.62535,33.73022],[129.62419,33.72916],[129.62484,33.72792],[129.62692,33.72989],[129.62535,33.73022]]],[[[129.62874,33.73058],[129.62847,33.72298],[129.63703,33.72808],[129.62874,33.73058]]],[[[129.64818,33.73066],[129.6472,33.718],[129.6538,33.72522],[129.64818,33.73066]]],[[[129.85673,33.73545],[129.85706,33.73443],[129.85916,33.73408],[129.85673,33.73545]]],[[[129.75886,33.73677],[129.75811,33.73732],[129.75482,33.73288],[129.75785,33.72961],[129.76128,33.73208],[129.76084,33.73644],[129.75886,33.73677]]],[[[129.86387,33.74066],[129.8624,33.73919],[129.86395,33.73919],[129.86387,33.74066]]],[[[129.86996,33.74281],[129.8665,33.7411],[129.868,33.74081],[129.86996,33.74281]]],[[[129.64131,33.74492],[129.63987,33.74367],[129.64104,33.74284],[129.64131,33.74492]]],[[[129.63663,33.74536],[129.62883,33.74346],[129.63042,33.73303],[129.6436,33.73729],[129.63663,33.74536]]],[[[129.64582,33.75404],[129.64358,33.75407],[129.64416,33.75312],[129.64582,33.75404]]],[[[129.78417,33.77864],[129.78483,33.77766],[129.7867,33.7777],[129.78417,33.77864]]],[[[129.78052,33.78112],[129.77694,33.7817],[129.7761,33.77971],[129.77753,33.77806],[129.78052,33.78112]]],[[[129.65199,33.78576],[129.65055,33.78461],[129.65167,33.784],[129.65296,33.78517],[129.65199,33.78576]]],[[[129.66007,33.81616],[129.65899,33.81725],[129.65849,33.81621],[129.65989,33.81512],[129.66007,33.81616]]],[[[129.65976,33.83392],[129.65839,33.83381],[129.65851,33.83061],[129.6604,33.82851],[129.66129,33.83024],[129.65964,33.83091],[129.66086,33.83175],[129.65976,33.83392]]],[[[129.70426,33.86352],[129.69559,33.85736],[129.70397,33.85403],[129.68588,33.85441],[129.67142,33.83807],[129.6727,33.81999],[129.68827,33.80507],[129.67798,33.80562],[129.67572,33.7969],[129.66158,33.81338],[129.64964,33.80689],[129.66704,33.8],[129.65057,33.8],[129.66065,33.79035],[129.65572,33.7809],[129.67826,33.7772],[129.67396,33.77353],[129.68615,33.76043],[129.64947,33.77381],[129.64269,33.76791],[129.65415,33.76224],[129.64726,33.75308],[129.65337,33.7382],[129.67279,33.75964],[129.68712,33.74139],[129.67659,33.72829],[129.68904,33.72131],[129.69555,33.72692],[129.68844,33.71698],[129.71563,33.70428],[129.73445,33.7393],[129.7787,33.74039],[129.78647,33.74233],[129.78954,33.7562],[129.79759,33.7539],[129.79873,33.76195],[129.77833,33.77341],[129.765,33.76808],[129.75793,33.77569],[129.76385,33.78412],[129.79608,33.77937],[129.7993,33.78596],[129.74864,33.80667],[129.76403,33.81093],[129.77061,33.84471],[129.72524,33.85007],[129.70426,33.86352]]],[[[129.70517,33.86754],[129.7041,33.86532],[129.70551,33.86461],[129.70644,33.86499],[129.70517,33.86754]]],[[[129.70127,33.86877],[129.70052,33.86776],[129.69871,33.86854],[129.69655,33.86761],[129.69518,33.86578],[129.69815,33.86428],[129.70375,33.86531],[129.70365,33.86831],[129.70127,33.86877]]],[[[129.68604,33.87101],[129.68277,33.87033],[129.68261,33.8679],[129.68448,33.86697],[129.68301,33.86504],[129.68415,33.86237],[129.68959,33.86126],[129.69085,33.86275],[129.68909,33.86422],[129.68879,33.86646],[129.69104,33.8686],[129.69089,33.87018],[129.68702,33.86989],[129.68604,33.87101]]],[[[129.68083,33.87075],[129.67363,33.86873],[129.67333,33.86732],[129.67505,33.86559],[129.67433,33.86434],[129.67679,33.86463],[129.67801,33.8623],[129.67895,33.86372],[129.67754,33.86551],[129.6788,33.86647],[129.68035,33.86456],[129.68183,33.86624],[129.68078,33.8693],[129.68206,33.87089],[129.68083,33.87075]]],[[[129.24038,34.10057],[129.23836,34.0987],[129.24229,34.09603],[129.24419,34.09959],[129.24038,34.10057]]],[[[129.28716,34.1449],[129.286,34.14438],[129.28693,34.1436],[129.28716,34.1449]]],[[[129.32191,34.24646],[129.32061,34.24522],[129.32137,34.24429],[129.32252,34.24476],[129.32191,34.24646]]],[[[129.32459,34.2511],[129.32286,34.25021],[129.32461,34.24825],[129.32459,34.2511]]],[[[129.30332,34.28702],[129.30244,34.28605],[129.30332,34.28475],[129.30553,34.28388],[129.30332,34.28702]]],[[[129.3376,34.29515],[129.33637,34.2948],[129.33698,34.29383],[129.3376,34.29515]]],[[[129.31112,34.30009],[129.31287,34.29345],[129.31446,34.29408],[129.31462,34.29659],[129.31281,34.29969],[129.31112,34.30009]]],[[[129.23233,34.30128],[129.22973,34.29885],[129.23324,34.29725],[129.23369,34.2999],[129.23233,34.30128]]],[[[129.38313,34.30418],[129.37331,34.30241],[129.37722,34.29207],[129.36946,34.30283],[129.35157,34.29452],[129.35448,34.28621],[129.34768,34.28532],[129.35973,34.27067],[129.3929,34.29641],[129.38313,34.30418]]],[[[129.32772,34.30664],[129.32609,34.30469],[129.3219,34.30339],[129.32043,34.30124],[129.32225,34.29936],[129.32608,34.30137],[129.32728,34.30356],[129.32882,34.30302],[129.32955,34.30519],[129.32772,34.30664]]],[[[129.26242,34.30908],[129.26315,34.30728],[129.2639,34.30834],[129.26242,34.30908]]],[[[129.3038,34.31031],[129.30299,34.30917],[129.3043,34.30885],[129.3038,34.31031]]],[[[129.3016,34.31787],[129.29843,34.31609],[129.30014,34.31353],[129.3016,34.31787]]],[[[129.39516,34.32353],[129.38771,34.32131],[129.39491,34.31171],[129.41328,34.31657],[129.39348,34.31674],[129.39516,34.32353]]],[[[129.38832,34.32851],[129.38658,34.32802],[129.38742,34.32634],[129.38915,34.32713],[129.38832,34.32851]]],[[[129.20546,34.3315],[129.19599,34.31242],[129.19926,34.27003],[129.18518,34.24822],[129.19143,34.23431],[129.17966,34.21962],[129.1817,34.18697],[129.17272,34.1653],[129.17605,34.14855],[129.1676,34.14152],[129.16671,34.104],[129.18349,34.11857],[129.20372,34.10388],[129.21417,34.11308],[129.21399,34.08384],[129.2194,34.09631],[129.22975,34.09485],[129.23035,34.11271],[129.23994,34.10165],[129.26228,34.11647],[129.25427,34.12643],[129.28256,34.13096],[129.2737,34.14472],[129.28436,34.14495],[129.28299,34.16475],[129.29603,34.16179],[129.29643,34.17404],[129.28861,34.176],[129.2973,34.1865],[129.28382,34.18893],[129.28886,34.19997],[129.29917,34.19439],[129.30447,34.21074],[129.2972,34.22028],[129.30681,34.21603],[129.32593,34.22637],[129.31558,34.2423],[129.32388,34.25816],[129.31775,34.26129],[129.32681,34.26272],[129.32939,34.27621],[129.33495,34.27133],[129.35309,34.27751],[129.34774,34.29761],[129.33967,34.29952],[129.33442,34.28985],[129.3347,34.29776],[129.31489,34.29882],[129.31544,34.2784],[129.30794,34.28919],[129.30507,34.27689],[129.29873,34.28675],[129.31,34.3083],[129.29799,34.30296],[129.29379,34.32013],[129.28705,34.31365],[129.28829,34.32031],[129.28058,34.31588],[129.28119,34.32279],[129.26777,34.32151],[129.26734,34.32688],[129.27336,34.31076],[129.28653,34.30767],[129.29106,34.27854],[129.28212,34.28477],[129.27932,34.30608],[129.26638,34.30503],[129.26295,34.29121],[129.25664,34.29213],[129.26007,34.3005],[129.25151,34.29892],[129.26143,34.30644],[129.25666,34.31135],[129.22283,34.29064],[129.2278,34.32419],[129.20546,34.3315]]],[[[129.33631,34.33194],[129.33435,34.33072],[129.33528,34.33008],[129.33631,34.33194]]],[[[129.37756,34.3323],[129.37586,34.33186],[129.37746,34.33105],[129.37756,34.3323]]],[[[129.2975,34.33712],[129.29045,34.32365],[129.30017,34.33039],[129.30122,34.32198],[129.3159,34.32465],[129.3124,34.31659],[129.32729,34.31191],[129.32067,34.30606],[129.33373,34.30444],[129.32655,34.33636],[129.31739,34.32613],[129.2975,34.33712]]],[[[129.33969,34.33856],[129.33965,34.33643],[129.34157,34.33553],[129.33969,34.33856]]],[[[129.34338,34.34262],[129.3426,34.34141],[129.34395,34.34152],[129.34338,34.34262]]],[[[129.33439,34.34435],[129.33267,34.34369],[129.33302,34.34068],[129.33523,34.3415],[129.33439,34.34435]]],[[[129.33079,34.34454],[129.32964,34.34375],[129.33111,34.34084],[129.33202,34.34264],[129.33079,34.34454]]],[[[129.33525,34.34847],[129.33403,34.34675],[129.33477,34.34602],[129.33613,34.34636],[129.33525,34.34847]]],[[[129.34838,34.351],[129.34185,34.34985],[129.34015,34.34834],[129.34062,34.34638],[129.34245,34.34548],[129.34219,34.34858],[129.34425,34.34889],[129.34465,34.34733],[129.34642,34.34798],[129.34637,34.34964],[129.34838,34.351]]],[[[129.41379,34.35441],[129.41547,34.35238],[129.41558,34.35364],[129.41379,34.35441]]],[[[129.34436,34.35507],[129.33963,34.35467],[129.33857,34.35157],[129.34039,34.35171],[129.34436,34.35507]]],[[[129.39687,34.35991],[129.38906,34.34019],[129.40628,34.33547],[129.40706,34.34941],[129.39687,34.35991]]],[[[129.33414,34.36155],[129.33244,34.35545],[129.33363,34.35575],[129.33414,34.36155]]],[[[129.41247,34.36326],[129.40228,34.35932],[129.40596,34.35077],[129.41247,34.36326]]],[[[129.28714,34.36323],[129.28546,34.36233],[129.28775,34.36123],[129.28714,34.36323]]],[[[129.2986,34.36606],[129.29725,34.36668],[129.29705,34.36438],[129.2986,34.36606]]],[[[129.39221,34.37486],[129.39123,34.37407],[129.39194,34.37343],[129.39516,34.37383],[129.39221,34.37486]]],[[[129.26572,34.42414],[129.26497,34.42503],[129.26483,34.42234],[129.26895,34.41759],[129.27039,34.41993],[129.26793,34.42032],[129.26872,34.42177],[129.26666,34.4217],[129.26572,34.42414]]],[[[129.26706,34.4309],[129.26466,34.42828],[129.26493,34.42658],[129.26652,34.42749],[129.26706,34.4309]]],[[[129.46412,34.61552],[129.46303,34.61437],[129.46429,34.61378],[129.46516,34.61461],[129.46412,34.61552]]],[[[129.48725,34.63187],[129.48545,34.63067],[129.48677,34.62943],[129.48892,34.63144],[129.48725,34.63187]]],[[[129.4795,34.68329],[129.47802,34.68275],[129.47976,34.67982],[129.48255,34.68283],[129.47982,34.68238],[129.4795,34.68329]]],[[[129.44459,34.70636],[129.44401,34.70494],[129.44545,34.70502],[129.44459,34.70636]]],[[[129.44946,34.7066],[129.43529,34.69198],[129.41553,34.69247],[129.41486,34.68247],[129.4287,34.68188],[129.4348,34.67319],[129.40834,34.67833],[129.39541,34.65244],[129.38386,34.65004],[129.3966,34.63981],[129.37433,34.64694],[129.36394,34.63897],[129.3527,34.64998],[129.33539,34.63803],[129.33375,34.64971],[129.31977,34.6472],[129.30583,34.58903],[129.28575,34.56277],[129.29519,34.55611],[129.30649,34.56808],[129.31023,34.55683],[129.3161,34.55856],[129.31382,34.54977],[129.32837,34.55056],[129.32915,34.53362],[129.33817,34.53809],[129.34415,34.53132],[129.33784,34.53501],[129.32917,34.52788],[129.32008,34.53762],[129.31462,34.51495],[129.30764,34.52621],[129.29308,34.48613],[129.27401,34.46915],[129.28169,34.44833],[129.30455,34.46411],[129.31209,34.45012],[129.29958,34.45349],[129.292,34.44349],[129.29459,34.43292],[129.28573,34.44359],[129.27411,34.44104],[129.27946,34.43191],[129.27389,34.43048],[129.28099,34.42782],[129.27074,34.42471],[129.28457,34.41678],[129.27173,34.41381],[129.26818,34.38568],[129.27533,34.38698],[129.27704,34.37416],[129.25158,34.3654],[129.25624,34.36134],[129.25051,34.35515],[129.24329,34.36918],[129.22742,34.36261],[129.24023,34.3512],[129.27143,34.35772],[129.28018,34.34483],[129.27953,34.35364],[129.28877,34.34738],[129.28809,34.33932],[129.28749,34.35598],[129.29872,34.35459],[129.27834,34.36395],[129.29249,34.37278],[129.28543,34.38879],[129.29465,34.37548],[129.30013,34.37995],[129.29525,34.38474],[129.30918,34.38594],[129.31336,34.38312],[129.29835,34.36768],[129.30554,34.36785],[129.30589,34.35461],[129.31193,34.36032],[129.29978,34.34963],[129.30216,34.34111],[129.31084,34.34465],[129.30949,34.33702],[129.31968,34.35686],[129.32582,34.35092],[129.32107,34.36037],[129.32873,34.35979],[129.32024,34.36949],[129.32816,34.36596],[129.33827,34.38051],[129.33287,34.36403],[129.3478,34.37715],[129.35591,34.37387],[129.34181,34.35814],[129.35241,34.34683],[129.34712,34.3415],[129.35783,34.33901],[129.34316,34.33645],[129.35309,34.31934],[129.33861,34.32384],[129.33303,34.31861],[129.3344,34.30748],[129.33916,34.31501],[129.33436,34.30522],[129.3428,34.30889],[129.34459,34.29994],[129.35616,34.30815],[129.3483,34.30058],[129.35279,34.29556],[129.37145,34.31184],[129.36279,34.31942],[129.37969,34.31298],[129.37211,34.31966],[129.37697,34.32722],[129.36347,34.33038],[129.37105,34.33225],[129.36418,34.33852],[129.38952,34.32918],[129.39466,34.33481],[129.38859,34.34653],[129.36474,34.34637],[129.38423,34.34834],[129.39346,34.35984],[129.38836,34.37068],[129.3755,34.37036],[129.38295,34.37224],[129.37539,34.38872],[129.39075,34.38274],[129.3977,34.41193],[129.39025,34.40108],[129.38392,34.40368],[129.38708,34.39737],[129.35173,34.38598],[129.37947,34.41213],[129.37561,34.42586],[129.36557,34.41888],[129.3661,34.43345],[129.37033,34.43866],[129.38579,34.42881],[129.36862,34.45274],[129.38631,34.45732],[129.39701,34.48031],[129.40079,34.47667],[129.40783,34.49061],[129.45149,34.5235],[129.44518,34.53059],[129.45594,34.5319],[129.46379,34.54363],[129.45766,34.5544],[129.46865,34.55025],[129.47361,34.55594],[129.47144,34.58815],[129.47857,34.59486],[129.46997,34.60771],[129.45428,34.60287],[129.44919,34.61475],[129.43318,34.61737],[129.43738,34.6243],[129.4572,34.61239],[129.44216,34.62468],[129.44649,34.63179],[129.46026,34.614],[129.47711,34.6159],[129.47145,34.6281],[129.48157,34.62699],[129.49116,34.64444],[129.48175,34.64077],[129.46659,34.65444],[129.47194,34.6592],[129.48097,34.65253],[129.49754,34.66899],[129.48417,34.66753],[129.49445,34.6833],[129.47445,34.6738],[129.47085,34.68467],[129.48165,34.69274],[129.46396,34.69916],[129.45838,34.69284],[129.45816,34.70198],[129.4492,34.69583],[129.44946,34.7066]]],[[[129.43474,34.70802],[129.43293,34.70607],[129.43287,34.70353],[129.43643,34.70578],[129.44131,34.7064],[129.44011,34.7075],[129.43652,34.70662],[129.43474,34.70802]]]]}},{"type":"Feature","properties":{"P":"熊本県","code":"43"},"geometry":{"type":"MultiPolygon","coordinates":[[[[130.41414,33.00231],[130.42997,32.98708],[130.44426,32.91477],[130.4516,32.9091],[130.46142,32.91958],[130.45702,32.90543],[130.4626,32.90144],[130.47612,32.90506],[130.52322,32.8809],[130.52452,32.8518],[130.58439,32.84198],[130.57771,32.83953],[130.5836,32.83282],[130.57837,32.82892],[130.59112,32.82527],[130.59191,32.81385],[130.61438,32.79266],[130.5977,32.7763],[130.60611,32.75428],[130.60704,32.71299],[130.56105,32.69463],[130.53792,32.665],[130.46161,32.63417],[130.45099,32.62386],[130.46137,32.61729],[130.45935,32.60788],[130.519,32.61315],[130.54374,32.62498],[130.59337,32.6224],[130.64989,32.64228],[130.66143,32.63193],[130.65418,32.62921],[130.65371,32.61288],[130.64105,32.62342],[130.61805,32.61929],[130.63399,32.6034],[130.58985,32.57624],[130.56243,32.53797],[130.54384,32.53824],[130.53616,32.52586],[130.57256,32.50745],[130.53115,32.52003],[130.56514,32.50544],[130.56274,32.49864],[130.54471,32.49888],[130.5425,32.48454],[130.56495,32.476],[130.57395,32.43418],[130.54487,32.42044],[130.4892,32.36635],[130.48641,32.35966],[130.50747,32.35479],[130.48274,32.3442],[130.48156,32.32715],[130.46531,32.32667],[130.47127,32.30234],[130.4908,32.29879],[130.4776,32.28696],[130.4643,32.29566],[130.46585,32.27714],[130.45845,32.29],[130.44876,32.28766],[130.4505,32.27253],[130.42824,32.2645],[130.43568,32.25303],[130.42413,32.24975],[130.43482,32.23313],[130.40237,32.2354],[130.38825,32.2143],[130.37805,32.21179],[130.38454,32.20754],[130.37321,32.20466],[130.37802,32.17645],[130.36967,32.17787],[130.3721,32.18402],[130.36037,32.18229],[130.36779,32.17471],[130.3627,32.16547],[130.38666,32.14739],[130.40267,32.1202],[130.45373,32.1129],[130.4735,32.11861],[130.4769,32.13899],[130.54023,32.13741],[130.54227,32.14956],[130.58268,32.15491],[130.59674,32.17592],[130.59172,32.18596],[130.60861,32.18739],[130.6227,32.15606],[130.65164,32.15127],[130.65501,32.13568],[130.69907,32.107],[130.72474,32.10097],[130.73519,32.10895],[130.74209,32.0979],[130.75115,32.10408],[130.75947,32.09682],[130.77536,32.10188],[130.8208,32.09492],[130.83668,32.10687],[130.86242,32.1018],[130.86941,32.11506],[130.90601,32.13359],[130.93258,32.11636],[130.97452,32.12092],[130.97466,32.13677],[131.01213,32.17433],[131.03809,32.16989],[131.05854,32.15493],[131.07191,32.16022],[131.09741,32.15241],[131.10897,32.16015],[131.10053,32.20154],[131.08427,32.20619],[131.06914,32.22531],[131.07113,32.23694],[131.0427,32.24816],[131.04312,32.26088],[131.05421,32.267],[131.05008,32.28527],[131.07859,32.28122],[131.11188,32.32979],[131.09695,32.34973],[131.07434,32.36091],[131.07986,32.37429],[131.06931,32.38432],[131.06797,32.4076],[131.04379,32.40813],[131.01989,32.43867],[131.01635,32.47326],[131.00696,32.49006],[131.00941,32.51541],[131.02561,32.52111],[131.01799,32.54638],[131.03896,32.55443],[131.04163,32.5799],[131.05219,32.58772],[131.09149,32.57865],[131.1082,32.58206],[131.10606,32.58916],[131.12051,32.60548],[131.1154,32.64183],[131.1456,32.67717],[131.17478,32.67184],[131.17997,32.71208],[131.23485,32.74429],[131.24647,32.7694],[131.23463,32.78096],[131.24537,32.78655],[131.26543,32.82648],[131.32951,32.83301],[131.31404,32.85107],[131.29451,32.857],[131.27344,32.871],[131.27345,32.88161],[131.26494,32.87896],[131.25739,32.88743],[131.24585,32.93917],[131.25299,32.95573],[131.24598,32.96],[131.26372,32.976],[131.24723,32.98244],[131.24771,32.99524],[131.22363,33.01716],[131.21672,33.05346],[131.1933,33.07755],[131.18604,33.07383],[131.17455,33.08308],[131.16122,33.14077],[131.1033,33.18723],[131.04222,33.19459],[131.01554,33.17745],[130.99317,33.18381],[130.97846,33.14063],[131.02405,33.08754],[131.01165,33.07405],[131.01774,33.06369],[131.01179,33.04311],[130.99085,33.02382],[130.97495,33.02311],[130.95517,33.04856],[130.91736,33.05294],[130.89742,33.06524],[130.8862,33.08745],[130.86082,33.09547],[130.84574,33.09218],[130.83982,33.10405],[130.82038,33.10657],[130.81829,33.11443],[130.77089,33.12433],[130.73254,33.15442],[130.69118,33.15212],[130.69077,33.16407],[130.68002,33.17131],[130.66651,33.15505],[130.6689,33.13895],[130.6544,33.11395],[130.65957,33.10948],[130.57688,33.11502],[130.5618,33.10419],[130.56561,33.08711],[130.54137,33.08201],[130.53148,33.06472],[130.51687,33.06557],[130.49673,33.05176],[130.51579,33.01402],[130.50611,33.00278],[130.41414,33.00231]]],[[[129.97413,32.14909],[129.97177,32.14563],[129.97319,32.1441],[129.97484,32.1442],[129.97324,32.14615],[129.97413,32.14909]]],[[[130.04296,32.15454],[130.04152,32.15715],[130.0406,32.15637],[130.04164,32.1532],[130.04491,32.15356],[130.04379,32.1553],[130.04296,32.15454]]],[[[130.05252,32.17006],[130.05205,32.16266],[130.05639,32.16233],[130.05311,32.1665],[130.05252,32.17006]]],[[[130.04408,32.17893],[130.0422,32.17853],[130.04567,32.17524],[130.04881,32.17422],[130.04888,32.17579],[130.04408,32.17893]]],[[[130.01675,32.18653],[130.0132,32.18569],[130.01416,32.1835],[130.01586,32.1832],[130.01675,32.18653]]],[[[129.96519,32.18714],[129.96345,32.18602],[129.96434,32.18292],[129.9657,32.18121],[129.96993,32.18021],[129.97311,32.17709],[129.97109,32.18458],[129.96865,32.18469],[129.96519,32.18714]]],[[[130.02919,32.19082],[130.01962,32.1862],[130.02415,32.18125],[130.01694,32.1632],[130.02113,32.15839],[130.03223,32.17517],[130.0467,32.1565],[130.04728,32.17069],[130.02919,32.19082]]],[[[130.36535,32.20037],[130.36249,32.19852],[130.36258,32.19722],[130.3602,32.19649],[130.36435,32.19497],[130.36989,32.20017],[130.36535,32.20037]]],[[[130.07808,32.20167],[130.07044,32.19412],[130.08189,32.19804],[130.07808,32.20167]]],[[[129.97411,32.20802],[129.97154,32.2051],[129.97041,32.20112],[129.97312,32.20193],[129.97406,32.20471],[129.97642,32.20623],[129.97411,32.20802]]],[[[130.09187,32.21893],[130.08968,32.21553],[130.09046,32.21487],[130.09187,32.21893]]],[[[129.98462,32.23864],[129.98165,32.23686],[129.98243,32.23654],[129.98462,32.23864]]],[[[130.14119,32.27765],[130.13483,32.26271],[130.15067,32.26899],[130.14119,32.27765]]],[[[130.27752,32.31676],[130.27624,32.31656],[130.27697,32.31529],[130.27806,32.31557],[130.27752,32.31676]]],[[[130.30357,32.32095],[130.30231,32.31941],[130.30306,32.31787],[130.30474,32.32032],[130.30357,32.32095]]],[[[130.303,32.33647],[130.29431,32.33287],[130.30001,32.32225],[130.303,32.33647]]],[[[130.29059,32.34091],[130.28719,32.34019],[130.2879,32.33851],[130.28497,32.33717],[130.28561,32.33594],[130.28918,32.33746],[130.29059,32.34091]]],[[[130.33506,32.34445],[130.32771,32.33988],[130.33359,32.34194],[130.33506,32.34445]]],[[[130.48016,32.34991],[130.47828,32.34794],[130.48044,32.34827],[130.48016,32.34991]]],[[[130.35529,32.35213],[130.32977,32.33338],[130.33049,32.31272],[130.32171,32.31736],[130.3009,32.30417],[130.32854,32.30468],[130.34896,32.31504],[130.37465,32.34413],[130.35529,32.35213]]],[[[130.36025,32.35621],[130.35747,32.35519],[130.35693,32.35281],[130.35915,32.3521],[130.36117,32.35384],[130.36025,32.35621]]],[[[130.31461,32.36803],[130.31104,32.35777],[130.2996,32.35919],[130.30192,32.35067],[130.32399,32.34884],[130.31054,32.33926],[130.33924,32.34731],[130.34235,32.3554],[130.32797,32.35744],[130.32953,32.36356],[130.32386,32.35754],[130.32218,32.3672],[130.31461,32.36803]]],[[[130.35066,32.37186],[130.34098,32.36826],[130.34915,32.36055],[130.35533,32.36475],[130.35066,32.37186]]],[[[130.3102,32.37448],[130.30488,32.36673],[130.31042,32.36996],[130.3102,32.37448]]],[[[130.41375,32.37454],[130.40908,32.37206],[130.41148,32.37099],[130.41375,32.37454]]],[[[130.31438,32.37689],[130.31237,32.37566],[130.31506,32.37588],[130.31438,32.37689]]],[[[130.23575,32.38063],[130.22997,32.37723],[130.22851,32.37247],[130.22948,32.37031],[130.22836,32.37027],[130.23049,32.36574],[130.23312,32.36556],[130.23594,32.36807],[130.23575,32.38063]]],[[[130.32447,32.38209],[130.31891,32.37084],[130.3256,32.37274],[130.32447,32.38209]]],[[[130.34434,32.39238],[130.33787,32.38631],[130.33762,32.38452],[130.34293,32.38926],[130.34434,32.39238]]],[[[130.4,32.39418],[130.39807,32.38722],[130.40675,32.38675],[130.4,32.39418]]],[[[130.32847,32.39552],[130.32605,32.39281],[130.3275,32.38983],[130.32668,32.38644],[130.32787,32.38602],[130.33088,32.39502],[130.32847,32.39552]]],[[[130.41508,32.39943],[130.40778,32.39245],[130.40985,32.38319],[130.42144,32.37857],[130.41919,32.36708],[130.4363,32.38151],[130.42509,32.38075],[130.41508,32.39943]]],[[[130.23225,32.40319],[130.2298,32.40047],[130.23103,32.39923],[130.2347,32.40086],[130.23225,32.40319]]],[[[130.23159,32.40698],[130.22828,32.40512],[130.22882,32.40401],[130.22997,32.40361],[130.23048,32.40555],[130.23204,32.40454],[130.23304,32.40557],[130.23159,32.40698]]],[[[130.21434,32.41662],[130.214,32.4152],[130.21515,32.41567],[130.21434,32.41662]]],[[[130.49494,32.47914],[130.49258,32.47909],[130.49333,32.47812],[130.49494,32.47914]]],[[[130.49416,32.49103],[130.4908,32.48356],[130.50272,32.48606],[130.49119,32.48423],[130.49416,32.49103]]],[[[130.51094,32.49175],[130.50833,32.49133],[130.50743,32.48948],[130.51094,32.49175]]],[[[130.41266,32.52493],[130.41091,32.52469],[130.41152,32.52406],[130.41266,32.52493]]],[[[130.42964,32.52896],[130.42363,32.52659],[130.42237,32.52387],[130.42573,32.52077],[130.42931,32.52101],[130.43122,32.5243],[130.43198,32.52718],[130.42937,32.52752],[130.42964,32.52896]]],[[[130.41902,32.52982],[130.41702,32.52983],[130.41747,32.52892],[130.41902,32.52982]]],[[[130.34015,32.52999],[130.33836,32.52883],[130.3397,32.52829],[130.34015,32.52999]]],[[[130.46067,32.53029],[130.45539,32.52225],[130.44156,32.52862],[130.42898,32.51802],[130.41781,32.52467],[130.39468,32.50002],[130.38945,32.51403],[130.37921,32.51154],[130.38405,32.52442],[130.37018,32.51303],[130.36694,32.52796],[130.34329,32.52166],[130.33942,32.51404],[130.33484,32.52185],[130.31573,32.51759],[130.29393,32.49794],[130.29056,32.48454],[130.25903,32.479],[130.23479,32.46078],[130.20605,32.45265],[130.20553,32.442],[130.22346,32.4133],[130.23176,32.41513],[130.22872,32.42019],[130.24388,32.41241],[130.24754,32.39863],[130.23438,32.38502],[130.25244,32.38751],[130.26194,32.41053],[130.27485,32.41209],[130.28621,32.39733],[130.31054,32.39576],[130.33943,32.40458],[130.352,32.42031],[130.35506,32.40692],[130.34696,32.39929],[130.3522,32.37868],[130.36687,32.38975],[130.38001,32.38241],[130.38876,32.39264],[130.40336,32.39407],[130.41105,32.41507],[130.40261,32.42553],[130.41589,32.42242],[130.42295,32.43211],[130.40777,32.43499],[130.43735,32.46943],[130.43757,32.48633],[130.46067,32.53029]]],[[[130.37382,32.52684],[130.37514,32.5303],[130.37437,32.53262],[130.37234,32.52881],[130.37382,32.52684]]],[[[130.43235,32.53332],[130.43053,32.53191],[130.43091,32.52953],[130.43324,32.52819],[130.43634,32.52853],[130.43588,32.5309],[130.43235,32.53332]]],[[[130.52634,32.53441],[130.52523,32.53272],[130.52602,32.53228],[130.52634,32.53441]]],[[[130.42177,32.53614],[130.42149,32.53464],[130.42271,32.53435],[130.42333,32.53503],[130.42177,32.53614]]],[[[130.52971,32.53888],[130.52863,32.53885],[130.52865,32.53743],[130.52971,32.53888]]],[[[130.43948,32.539],[130.43539,32.53341],[130.43573,32.53188],[130.438,32.53092],[130.44043,32.5329],[130.43924,32.53371],[130.44039,32.53765],[130.43948,32.539]]],[[[130.41481,32.53819],[130.41357,32.53883],[130.41264,32.53754],[130.41481,32.53819]]],[[[130.43752,32.53968],[130.43649,32.53984],[130.43707,32.53807],[130.43752,32.53968]]],[[[130.19707,32.54399],[130.19409,32.54022],[130.19754,32.54036],[130.19816,32.54384],[130.19707,32.54399]]],[[[130.40364,32.54407],[130.39577,32.5395],[130.40405,32.53592],[130.40364,32.54407]]],[[[130.39137,32.54716],[130.38868,32.54589],[130.3894,32.5431],[130.39181,32.54312],[130.39461,32.54544],[130.39137,32.54716]]],[[[130.4112,32.54764],[130.40533,32.54509],[130.4288,32.54089],[130.4112,32.54764]]],[[[130.17664,32.55024],[130.11872,32.54856],[130.08772,32.52641],[130.046,32.5126],[130.03417,32.52179],[130.03798,32.53293],[130.03902,32.5247],[130.0426,32.52876],[130.03778,32.53594],[130.01249,32.52938],[130.03387,32.51953],[130.04736,32.49104],[130.03514,32.476],[130.03125,32.4861],[130.03795,32.46649],[130.00765,32.43015],[129.99795,32.40542],[130.00328,32.40286],[129.98836,32.38405],[129.99456,32.37784],[129.97676,32.36114],[129.97782,32.32999],[129.98829,32.3169],[129.99457,32.32218],[129.99422,32.30654],[130.00184,32.30532],[130.00507,32.31532],[130.02388,32.30893],[130.02689,32.31617],[130.0307,32.30318],[130.04167,32.31436],[130.07143,32.30046],[130.0614,32.2963],[130.06723,32.2878],[130.06157,32.27715],[130.05173,32.27876],[130.04533,32.29178],[130.0508,32.30428],[130.02923,32.29915],[130.02991,32.28693],[130.03693,32.28528],[130.03249,32.27447],[130.0262,32.30037],[130.01401,32.30001],[129.98065,32.26708],[129.96731,32.24289],[129.98663,32.24208],[129.99821,32.25365],[129.98855,32.24004],[130.00052,32.23494],[130.00597,32.24178],[130.01364,32.23181],[130.0147,32.22242],[130.00478,32.21129],[130.0068,32.22043],[129.99997,32.21992],[129.99138,32.19944],[130.00082,32.19033],[130.01067,32.20189],[130.01299,32.18954],[130.03218,32.19559],[130.02878,32.21448],[130.04357,32.20961],[130.04506,32.19909],[130.05666,32.21077],[130.07761,32.2121],[130.085,32.21969],[130.0724,32.22481],[130.08291,32.2307],[130.08047,32.24308],[130.09153,32.24234],[130.08416,32.23789],[130.09068,32.2276],[130.10153,32.23358],[130.10287,32.24899],[130.09397,32.24687],[130.09243,32.25473],[130.1069,32.25368],[130.10902,32.2655],[130.13452,32.28908],[130.14502,32.28145],[130.16647,32.29588],[130.15497,32.30268],[130.1401,32.29779],[130.14297,32.31729],[130.15681,32.31207],[130.15187,32.32216],[130.15816,32.32252],[130.15779,32.33433],[130.16452,32.32926],[130.17739,32.3387],[130.16812,32.31681],[130.18199,32.31132],[130.20415,32.325],[130.21047,32.35707],[130.22493,32.36612],[130.2174,32.3766],[130.22358,32.38324],[130.21554,32.38763],[130.21939,32.39255],[130.20762,32.39615],[130.19942,32.38508],[130.1933,32.38787],[130.20142,32.39205],[130.19783,32.40548],[130.20985,32.41403],[130.20591,32.42088],[130.21707,32.42416],[130.20823,32.42756],[130.19804,32.45765],[130.20363,32.45736],[130.19697,32.4585],[130.2086,32.47231],[130.19246,32.49613],[130.19936,32.53592],[130.17664,32.55024]]],[[[130.1179,32.55231],[130.10522,32.55031],[130.12423,32.55227],[130.1179,32.55231]]],[[[130.46119,32.55977],[130.46058,32.55848],[130.46232,32.5588],[130.46119,32.55977]]],[[[130.45655,32.56563],[130.45469,32.56371],[130.45525,32.56304],[130.45655,32.56563]]],[[[130.45607,32.57222],[130.45281,32.56903],[130.45332,32.56757],[130.45552,32.56727],[130.45505,32.56918],[130.45703,32.57195],[130.45607,32.57222]]],[[[130.38973,32.5868],[130.3818,32.58407],[130.38044,32.58146],[130.38486,32.5794],[130.38998,32.58356],[130.39277,32.58389],[130.38973,32.5868]]],[[[130.4735,32.58781],[130.46064,32.57473],[130.46378,32.53951],[130.48739,32.57046],[130.4735,32.58781]]],[[[130.37465,32.5887],[130.37342,32.58793],[130.37472,32.58725],[130.37577,32.58791],[130.37465,32.5887]]],[[[130.47281,32.5945],[130.47035,32.59422],[130.47104,32.59301],[130.47352,32.59335],[130.47281,32.5945]]],[[[130.33989,32.59761],[130.33427,32.59846],[130.33982,32.59745],[130.33989,32.59761]]],[[[130.44935,32.59759],[130.44787,32.59673],[130.45062,32.59387],[130.45221,32.59763],[130.4507,32.59896],[130.44935,32.59759]]],[[[130.3369,32.60693],[130.3305,32.60507],[130.34141,32.59869],[130.3369,32.60693]]],[[[130.49347,32.60973],[130.47353,32.6039],[130.48363,32.59882],[130.48011,32.59044],[130.49427,32.58679],[130.48645,32.58261],[130.48883,32.57604],[130.51012,32.59435],[130.50914,32.60717],[130.49347,32.60973]]],[[[130.44315,32.62587],[130.43048,32.6135],[130.41959,32.61753],[130.42515,32.60376],[130.41549,32.60674],[130.41824,32.6164],[130.41057,32.61446],[130.41074,32.60371],[130.39368,32.58889],[130.41951,32.57506],[130.4074,32.56541],[130.40496,32.5509],[130.42233,32.54566],[130.42118,32.55264],[130.43075,32.5475],[130.45241,32.55221],[130.4432,32.57214],[130.45868,32.58828],[130.44472,32.59178],[130.44081,32.60176],[130.45226,32.60211],[130.45776,32.61463],[130.44395,32.6187],[130.44315,32.62587]]],[[[130.44757,32.62613],[130.44659,32.62547],[130.44794,32.62441],[130.44943,32.62497],[130.44757,32.62613]]],[[[130.575,32.75616],[130.5919,32.7577],[130.5919,32.75777],[130.575,32.75616]]],[[[130.59446,32.76138],[130.5941,32.75914],[130.59188,32.75846],[130.59474,32.75868],[130.59446,32.76138]]],[[[130.59297,32.76867],[130.57406,32.76847],[130.57322,32.76287],[130.59297,32.76867]]]]}},{"type":"Feature","properties":{"P":"大分県","code":"44"},"geometry":{"type":"MultiPolygon","coordinates":[[[[130.83982,33.10405],[130.84574,33.09218],[130.86082,33.09547],[130.8862,33.08745],[130.89742,33.06524],[130.91585,33.05348],[130.95517,33.04856],[130.97027,33.02376],[130.99085,33.02382],[131.01454,33.04769],[131.01774,33.06369],[131.01077,33.07081],[131.02405,33.08754],[130.97846,33.14063],[130.9843,33.14228],[130.9921,33.18302],[131.01554,33.17745],[131.04222,33.19459],[131.10558,33.18635],[131.16122,33.14077],[131.17455,33.08308],[131.18604,33.07383],[131.1933,33.07755],[131.21672,33.05346],[131.22363,33.01716],[131.24771,32.99524],[131.24723,32.98244],[131.26321,32.97715],[131.256,32.96344],[131.24648,32.96193],[131.25299,32.95573],[131.24585,32.93917],[131.26384,32.8794],[131.27345,32.88161],[131.27344,32.871],[131.31404,32.85107],[131.32866,32.83287],[131.34381,32.8311],[131.34864,32.81068],[131.3592,32.80406],[131.42121,32.81192],[131.43697,32.82863],[131.47636,32.83615],[131.51747,32.8008],[131.50874,32.78411],[131.51103,32.77058],[131.5555,32.75538],[131.56892,32.75416],[131.59251,32.77531],[131.66886,32.76659],[131.71114,32.77238],[131.72948,32.79974],[131.73573,32.8311],[131.76827,32.83858],[131.78727,32.83365],[131.7939,32.82195],[131.8245,32.82987],[131.8345,32.8197],[131.8588,32.82144],[131.86008,32.80607],[131.84434,32.77692],[131.84981,32.75596],[131.84412,32.74766],[131.84701,32.73593],[131.87354,32.74045],[131.88577,32.74807],[131.87167,32.75183],[131.87971,32.76229],[131.86867,32.77328],[131.87721,32.77994],[131.8747,32.79042],[131.8965,32.76498],[131.89697,32.77937],[131.88489,32.79109],[131.88992,32.80476],[131.89958,32.80216],[131.89633,32.78719],[131.90271,32.78493],[131.9079,32.79342],[131.91991,32.78553],[131.9172,32.79551],[131.92527,32.80109],[131.92347,32.79421],[131.93642,32.78444],[131.94868,32.79688],[131.9477,32.80654],[131.96377,32.80531],[131.9632,32.79431],[131.9715,32.79181],[131.97385,32.80694],[132.00787,32.82676],[132.01044,32.83474],[131.98644,32.84613],[131.97512,32.84505],[131.98721,32.83251],[131.98197,32.825],[131.96277,32.83759],[131.96281,32.81878],[131.95806,32.83618],[131.9442,32.83466],[131.95688,32.84194],[131.94968,32.85494],[131.96173,32.84692],[131.97537,32.85687],[131.97492,32.86789],[131.98445,32.86267],[132.00069,32.88543],[132.01562,32.89095],[131.99595,32.89933],[131.98628,32.88935],[131.97744,32.92321],[131.99444,32.92147],[131.99595,32.91166],[132.0098,32.90583],[132.00853,32.92493],[132.01747,32.92348],[132.02607,32.93541],[132.03899,32.93538],[132.04492,32.92618],[132.05464,32.93994],[132.08532,32.93288],[132.07893,32.94537],[132.03299,32.95375],[132.03394,32.93969],[132.00199,32.93286],[131.99686,32.93814],[132.00247,32.9592],[131.99075,32.95429],[131.98972,32.94268],[131.97857,32.94028],[131.97191,32.94639],[131.97516,32.96365],[131.9679,32.95293],[131.96017,32.95882],[131.9622,32.94656],[131.94889,32.95938],[131.93765,32.95237],[131.93563,32.96158],[131.92383,32.96481],[131.92661,32.97291],[131.91478,32.97058],[131.89005,32.99122],[131.89855,33.00501],[131.90173,32.99222],[131.90824,32.99929],[131.90102,33.00995],[131.92261,33.0263],[131.92078,33.04341],[131.92973,33.0526],[131.98032,33.04661],[132.01799,33.05963],[132.00672,33.06076],[131.99635,33.07845],[132.00216,33.09543],[131.98771,33.09082],[131.98896,33.06835],[131.97401,33.06213],[131.9656,33.073],[131.94297,33.06946],[131.93988,33.0968],[131.92888,33.09176],[131.93307,33.07527],[131.92379,33.07269],[131.9296,33.06778],[131.913,33.0665],[131.91122,33.0823],[131.9009,33.07541],[131.88567,33.08407],[131.88575,33.07285],[131.8589,33.07741],[131.86563,33.0841],[131.85248,33.08878],[131.86873,33.09032],[131.87953,33.1087],[131.89516,33.10713],[131.89784,33.1165],[131.9146,33.12309],[131.89868,33.13567],[131.89283,33.12461],[131.87608,33.12248],[131.87797,33.13062],[131.86989,33.13141],[131.84319,33.11429],[131.83121,33.12658],[131.80916,33.12116],[131.81079,33.12731],[131.79837,33.12715],[131.82856,33.15011],[131.82838,33.15966],[131.82575,33.15447],[131.82158,33.16098],[131.83281,33.18109],[131.86907,33.20123],[131.86071,33.20454],[131.87724,33.22584],[131.87164,33.23605],[131.87703,33.24566],[131.8932,33.24696],[131.90238,33.26791],[131.87036,33.26089],[131.87082,33.24877],[131.85654,33.25567],[131.77138,33.24108],[131.77884,33.25314],[131.77297,33.24491],[131.75459,33.25235],[131.75944,33.24023],[131.71855,33.26646],[131.7128,33.25981],[131.71536,33.2683],[131.69191,33.27943],[131.68069,33.27917],[131.68485,33.26624],[131.67602,33.27795],[131.667,33.2748],[131.66836,33.25836],[131.66018,33.27361],[131.60546,33.25893],[131.59983,33.25602],[131.60672,33.25209],[131.58927,33.24565],[131.50979,33.27179],[131.49595,33.3298],[131.49883,33.36026],[131.5301,33.36723],[131.54981,33.35009],[131.58651,33.34575],[131.5831,33.35391],[131.59302,33.34716],[131.59713,33.37167],[131.64315,33.37492],[131.64937,33.38404],[131.63743,33.40646],[131.62712,33.41101],[131.63462,33.41581],[131.62871,33.42061],[131.65706,33.4233],[131.67369,33.41718],[131.66116,33.40921],[131.70136,33.40595],[131.72526,33.46416],[131.73329,33.47048],[131.73956,33.46634],[131.73893,33.49394],[131.73242,33.48808],[131.72906,33.50092],[131.74504,33.54289],[131.72956,33.58834],[131.70387,33.60869],[131.69311,33.63998],[131.67953,33.64378],[131.66511,33.66847],[131.65164,33.66059],[131.64896,33.67408],[131.63571,33.68227],[131.6302,33.67432],[131.61887,33.68076],[131.61621,33.67497],[131.60724,33.67863],[131.60752,33.6869],[131.58548,33.69259],[131.57355,33.68675],[131.57551,33.67507],[131.56634,33.67474],[131.56032,33.68684],[131.54393,33.67719],[131.52224,33.68397],[131.52862,33.67236],[131.49993,33.67131],[131.49688,33.66379],[131.50498,33.65654],[131.49522,33.65458],[131.49779,33.64558],[131.4869,33.64836],[131.48033,33.64124],[131.48431,33.63699],[131.46972,33.6145],[131.46225,33.61919],[131.42397,33.5919],[131.43113,33.56824],[131.37429,33.5802],[131.34079,33.57105],[131.32916,33.58222],[131.27881,33.58085],[131.2558,33.59902],[131.25767,33.61262],[131.23335,33.60139],[131.18881,33.6197],[131.17241,33.58221],[131.1894,33.56308],[131.18855,33.54809],[131.1664,33.52685],[131.17749,33.50734],[131.07544,33.50534],[131.02984,33.51883],[131.01516,33.50907],[130.97677,33.5071],[130.94242,33.48564],[130.92629,33.45762],[130.89492,33.44615],[130.88641,33.37985],[130.86314,33.3772],[130.8618,33.3626],[130.83535,33.34355],[130.8573,33.3269],[130.86635,33.29211],[130.85207,33.27747],[130.86805,33.26408],[130.8287,33.25746],[130.82626,33.23676],[130.85959,33.22913],[130.83649,33.2106],[130.88746,33.18627],[130.87353,33.16786],[130.87965,33.15299],[130.86165,33.11753],[130.83982,33.10405]]],[[[131.92709,32.72697],[131.92172,32.72692],[131.92588,32.71447],[131.93289,32.72042],[131.92709,32.72697]]],[[[131.92562,32.77548],[131.92423,32.77521],[131.92466,32.77428],[131.926,32.77456],[131.92562,32.77548]]],[[[131.90857,32.78084],[131.90991,32.76978],[131.9234,32.7698],[131.90857,32.78084]]],[[[132.03293,32.88147],[132.02987,32.88067],[132.03063,32.8787],[132.03516,32.88017],[132.03293,32.88147]]],[[[132.02476,32.88935],[132.0231,32.88859],[132.02379,32.88742],[132.02574,32.88818],[132.02476,32.88935]]],[[[132.04617,32.92003],[132.04515,32.91859],[132.04882,32.91392],[132.04997,32.91484],[132.04937,32.91655],[132.04686,32.91801],[132.04617,32.92003]]],[[[132.04697,32.92335],[132.04544,32.92234],[132.04596,32.92071],[132.04697,32.92335]]],[[[131.95716,32.97125],[131.95317,32.97086],[131.95293,32.96851],[131.95673,32.96502],[131.95658,32.96877],[131.95797,32.96977],[131.95716,32.97125]]],[[[132.075,32.97748],[132.0647,32.96389],[132.07198,32.95271],[132.0808,32.9598],[132.075,32.97748]]],[[[132.07296,32.98073],[132.07059,32.97992],[132.07453,32.97885],[132.07296,32.98073]]],[[[132.07032,32.9854],[132.0678,32.98468],[132.06738,32.98332],[132.06894,32.98327],[132.07032,32.9854]]],[[[131.95492,32.99588],[131.95516,32.99353],[131.95657,32.9933],[131.95707,32.99414],[131.95492,32.99588]]],[[[131.91205,33.01497],[131.90808,33.01235],[131.91081,33.00951],[131.91094,33.00705],[131.91243,33.00986],[131.91073,33.0114],[131.91205,33.01497]]],[[[131.93528,33.01606],[131.91952,33.01221],[131.92474,32.99985],[131.91221,32.99209],[131.91323,32.98255],[131.92445,32.98035],[131.94433,32.99525],[131.92626,32.99681],[131.94412,33.01414],[131.93528,33.01606]]],[[[131.8943,33.1056],[131.89156,33.10338],[131.89199,33.10079],[131.89584,33.10147],[131.8943,33.1056]]],[[[132.01098,33.11148],[132.00333,33.09759],[132.01668,33.10678],[132.01098,33.11148]]],[[[131.86081,33.14369],[131.85677,33.1418],[131.85678,33.14045],[131.85875,33.13901],[131.86203,33.14028],[131.86328,33.14313],[131.86081,33.14369]]],[[[131.97943,33.16115],[131.97731,33.1591],[131.9719,33.15797],[131.97004,33.15618],[131.97159,33.15517],[131.97944,33.15628],[131.98095,33.15748],[131.97943,33.16115]]],[[[131.99221,33.17132],[131.98383,33.17058],[131.9828,33.16955],[131.98308,33.16665],[131.98059,33.16428],[131.98115,33.16335],[131.98613,33.16522],[131.98724,33.16449],[131.99221,33.17132]]],[[[131.8368,33.17844],[131.83577,33.17712],[131.83848,33.17528],[131.83898,33.17794],[131.8368,33.17844]]],[[[131.89369,33.23932],[131.88903,33.23684],[131.89201,33.23691],[131.89346,33.23617],[131.89318,33.23508],[131.89531,33.23562],[131.89492,33.23889],[131.89369,33.23932]]],[[[131.5486,33.25754],[131.54627,33.25796],[131.54633,33.2572],[131.5486,33.25754]]],[[[131.73949,33.25973],[131.74289,33.25715],[131.76606,33.25615],[131.74293,33.25721],[131.73949,33.25973]]],[[[131.95647,33.2793],[131.9377,33.278],[131.94568,33.2707],[131.95647,33.2793]]],[[[131.95873,33.27974],[131.95692,33.2791],[131.95805,33.27833],[131.95873,33.27974]]],[[[131.54366,33.68414],[131.54465,33.68186],[131.5451,33.68215],[131.54366,33.68414]]],[[[131.67154,33.73879],[131.64304,33.73251],[131.63108,33.71852],[131.66572,33.71683],[131.69038,33.73237],[131.70128,33.73072],[131.67154,33.73879]]]]}},{"type":"Feature","properties":{"P":"宮崎県","code":"45"},"geometry":{"type":"MultiPolygon","coordinates":[[[[130.7206,32.1008],[130.71599,32.08569],[130.70356,32.07718],[130.70338,32.05855],[130.73789,32.04725],[130.77791,32.01547],[130.78196,31.98309],[130.79451,31.9733],[130.79954,31.9502],[130.86563,31.93395],[130.88228,31.92122],[130.89702,31.88778],[130.91355,31.8864],[130.89457,31.87797],[130.88819,31.84834],[130.87503,31.84266],[130.88431,31.80543],[130.91729,31.80412],[130.9315,31.78556],[130.98982,31.77808],[130.97852,31.75157],[131.0164,31.74776],[131.01306,31.71313],[131.02861,31.69748],[131.0256,31.6669],[131.04466,31.65438],[131.05426,31.63349],[131.07927,31.66021],[131.11785,31.62933],[131.15016,31.62999],[131.16442,31.63945],[131.18835,31.62463],[131.18645,31.60518],[131.20545,31.57995],[131.18934,31.55719],[131.19689,31.54948],[131.20076,31.51774],[131.17068,31.50077],[131.16004,31.45968],[131.1743,31.44999],[131.18159,31.45646],[131.2057,31.45322],[131.22742,31.42442],[131.23478,31.43041],[131.24306,31.42624],[131.23562,31.40515],[131.2541,31.38081],[131.30934,31.39071],[131.32322,31.36518],[131.34649,31.36348],[131.35055,31.37158],[131.33391,31.38241],[131.33255,31.39631],[131.34541,31.39858],[131.34352,31.41214],[131.37092,31.4281],[131.36304,31.47175],[131.3896,31.48553],[131.38557,31.50215],[131.37318,31.50667],[131.3725,31.51771],[131.38357,31.51138],[131.38696,31.52332],[131.38082,31.52621],[131.38857,31.54138],[131.38189,31.55507],[131.39763,31.55881],[131.39112,31.56367],[131.40422,31.58206],[131.406,31.56326],[131.418,31.6033],[131.45698,31.62469],[131.46218,31.63322],[131.45287,31.63922],[131.45815,31.64666],[131.46929,31.64531],[131.45036,31.67914],[131.46848,31.68706],[131.45601,31.69728],[131.46267,31.70475],[131.46003,31.71844],[131.46827,31.7211],[131.46325,31.73399],[131.47403,31.73808],[131.46818,31.7514],[131.48849,31.78539],[131.45442,31.81576],[131.45114,31.83736],[131.4541,31.86866],[131.46338,31.87919],[131.45745,31.88317],[131.46119,31.89657],[131.48636,31.92307],[131.46393,31.91364],[131.45446,31.89847],[131.45986,31.91597],[131.47242,31.92257],[131.46708,31.92435],[131.47245,31.94625],[131.50345,32.04392],[131.57537,32.24114],[131.5772,32.2709],[131.60183,32.32306],[131.61497,32.33991],[131.62904,32.34255],[131.62249,32.35573],[131.63592,32.37095],[131.63267,32.38072],[131.64348,32.40766],[131.68995,32.42306],[131.655,32.42703],[131.67963,32.43007],[131.67457,32.45413],[131.67047,32.44035],[131.66224,32.43653],[131.66373,32.44929],[131.651,32.43475],[131.64234,32.43854],[131.65666,32.44727],[131.65061,32.46015],[131.6598,32.46899],[131.65854,32.48231],[131.67093,32.47686],[131.679,32.48352],[131.67766,32.4733],[131.69621,32.4695],[131.71576,32.4816],[131.7145,32.48913],[131.72875,32.49211],[131.72536,32.50027],[131.70995,32.50269],[131.71466,32.51967],[131.70016,32.51726],[131.70097,32.50575],[131.6926,32.51513],[131.69233,32.50756],[131.68454,32.50917],[131.68967,32.51971],[131.68244,32.54195],[131.69517,32.56955],[131.71247,32.58964],[131.74236,32.59198],[131.75536,32.60281],[131.75323,32.61119],[131.76275,32.61316],[131.7735,32.64069],[131.75756,32.63521],[131.7506,32.64533],[131.7641,32.64203],[131.77004,32.6513],[131.76238,32.65817],[131.77202,32.65786],[131.77717,32.67403],[131.78606,32.67381],[131.78978,32.66204],[131.79294,32.67814],[131.81548,32.68693],[131.81684,32.70284],[131.82664,32.70656],[131.83536,32.69382],[131.851,32.69332],[131.85631,32.69755],[131.84582,32.70836],[131.85005,32.72189],[131.86568,32.7169],[131.85811,32.73149],[131.87596,32.73354],[131.88571,32.74587],[131.84701,32.73593],[131.84434,32.77692],[131.86008,32.80607],[131.8588,32.82144],[131.8345,32.8197],[131.8245,32.82987],[131.7939,32.82195],[131.78727,32.83365],[131.76827,32.83858],[131.74133,32.83429],[131.71114,32.77238],[131.66886,32.76659],[131.59251,32.77531],[131.56892,32.75416],[131.51103,32.77058],[131.50874,32.78411],[131.51747,32.8008],[131.47489,32.83666],[131.43697,32.82863],[131.42121,32.81192],[131.36391,32.80336],[131.34864,32.81068],[131.34979,32.82435],[131.34027,32.83344],[131.26543,32.82648],[131.24537,32.78655],[131.23463,32.78096],[131.24647,32.7694],[131.23485,32.74429],[131.17997,32.71208],[131.17478,32.67184],[131.1456,32.67717],[131.1154,32.64183],[131.12051,32.60548],[131.10606,32.58916],[131.1082,32.58206],[131.04609,32.58447],[131.03896,32.55443],[131.01799,32.54638],[131.02561,32.52111],[131.00941,32.51541],[131.00696,32.49006],[131.01635,32.47326],[131.01989,32.43867],[131.04379,32.40813],[131.06797,32.4076],[131.06931,32.38432],[131.07986,32.37429],[131.07434,32.36091],[131.09695,32.34973],[131.11188,32.32979],[131.07859,32.28122],[131.05008,32.28527],[131.05421,32.267],[131.04162,32.2579],[131.04699,32.2442],[131.07113,32.23694],[131.06914,32.22531],[131.08427,32.20619],[131.10053,32.20154],[131.10897,32.16015],[131.09741,32.15241],[131.07191,32.16022],[131.05854,32.15493],[131.03809,32.16989],[131.01213,32.17433],[130.97466,32.13677],[130.97452,32.12092],[130.95636,32.11564],[130.93258,32.11636],[130.90601,32.13359],[130.86941,32.11506],[130.85707,32.0997],[130.83901,32.10721],[130.8208,32.09492],[130.77536,32.10188],[130.75947,32.09682],[130.75115,32.10408],[130.74209,32.0979],[130.73519,32.10895],[130.7206,32.1008]]],[[[131.21609,31.42789],[131.21536,31.42545],[131.21639,31.42587],[131.21609,31.42789]]],[[[131.2196,31.4304],[131.21687,31.42803],[131.21916,31.42863],[131.2196,31.4304]]],[[[131.16711,31.4543],[131.16868,31.45252],[131.16968,31.45318],[131.16711,31.4543]]],[[[131.37868,31.45661],[131.37238,31.45109],[131.37783,31.44851],[131.37868,31.45661]]],[[[131.38787,31.45674],[131.38544,31.45507],[131.38532,31.45171],[131.38631,31.45175],[131.38787,31.45674]]],[[[131.39003,31.47975],[131.38736,31.47658],[131.38889,31.47444],[131.39196,31.47329],[131.3921,31.47838],[131.39003,31.47975]]],[[[131.39005,31.50377],[131.38839,31.50309],[131.3886,31.50151],[131.39046,31.50218],[131.39005,31.50377]]],[[[131.38486,31.51178],[131.38362,31.51133],[131.38452,31.51036],[131.38578,31.51065],[131.38486,31.51178]]],[[[131.38552,31.51605],[131.38429,31.51529],[131.38515,31.51406],[131.38552,31.51605]]],[[[131.41063,31.54226],[131.40332,31.53039],[131.41819,31.512],[131.41063,31.54226]]],[[[131.41256,31.55452],[131.41217,31.54964],[131.41345,31.55149],[131.41256,31.55452]]],[[[131.4769,31.80425],[131.47778,31.80532],[131.47685,31.80607],[131.47364,31.80391],[131.4769,31.80425]]],[[[131.62384,32.32581],[131.62301,32.32378],[131.62474,32.32394],[131.62384,32.32581]]],[[[131.69211,32.42533],[131.69267,32.42399],[131.69375,32.42513],[131.69211,32.42533]]],[[[131.73159,32.46647],[131.72925,32.46457],[131.73021,32.4636],[131.73246,32.46344],[131.73159,32.46647]]],[[[131.66931,32.47035],[131.6672,32.46989],[131.66789,32.46888],[131.6661,32.46616],[131.66691,32.46447],[131.66912,32.46383],[131.67057,32.46438],[131.67086,32.46634],[131.66931,32.47035]]],[[[131.70415,32.47512],[131.7029,32.47347],[131.70445,32.47328],[131.70528,32.47492],[131.70415,32.47512]]],[[[131.82239,32.65493],[131.8214,32.65436],[131.82285,32.65335],[131.82379,32.65437],[131.82239,32.65493]]],[[[131.8184,32.67425],[131.80688,32.66513],[131.82671,32.65559],[131.83557,32.67092],[131.8184,32.67425]]],[[[131.84502,32.68628],[131.84223,32.68388],[131.84571,32.68095],[131.84624,32.68371],[131.84501,32.68347],[131.84502,32.68628]]],[[[131.85589,32.69713],[131.85477,32.69668],[131.85604,32.6947],[131.85726,32.69606],[131.85589,32.69713]]],[[[131.86543,32.71546],[131.86568,32.71345],[131.8668,32.71421],[131.86543,32.71546]]]]}},{"type":"Feature","properties":{"P":"鹿児島県","code":"46"},"geometry":{"type":"MultiPolygon","coordinates":[[[[130.36079,32.16861],[130.36321,32.15231],[130.35241,32.13589],[130.30939,32.10817],[130.28352,32.11002],[130.27154,32.11672],[130.27067,32.12815],[130.26197,32.12752],[130.26363,32.11912],[130.25228,32.12782],[130.22677,32.1288],[130.18121,32.11056],[130.17084,32.08086],[130.18379,32.07087],[130.18067,32.07929],[130.19286,32.08448],[130.20754,32.06071],[130.2032,32.03828],[130.18927,32.03085],[130.193,32.01602],[130.17938,32.01556],[130.18243,31.99272],[130.17333,31.99244],[130.18642,31.99574],[130.20298,31.98385],[130.19771,31.98166],[130.21224,31.96459],[130.22424,31.91072],[130.21052,31.8729],[130.19273,31.86033],[130.19526,31.8439],[130.17414,31.81681],[130.16711,31.79174],[130.18546,31.77047],[130.18606,31.74919],[130.21306,31.75559],[130.24844,31.73127],[130.25111,31.71921],[130.26332,31.71572],[130.25806,31.708],[130.27559,31.70508],[130.28835,31.68916],[130.29765,31.66305],[130.32059,31.65114],[130.33483,31.5901],[130.32222,31.51197],[130.28923,31.44621],[130.27144,31.42676],[130.22557,31.39903],[130.19261,31.40911],[130.193,31.42922],[130.18652,31.42567],[130.18668,31.41032],[130.15888,31.44015],[130.13631,31.41355],[130.11583,31.42399],[130.1071,31.41046],[130.1212,31.41688],[130.13092,31.4121],[130.17341,31.36731],[130.18906,31.36808],[130.19006,31.35517],[130.20024,31.35862],[130.20923,31.34817],[130.20399,31.33449],[130.17366,31.32458],[130.20606,31.31421],[130.20727,31.32194],[130.21476,31.32092],[130.22492,31.30953],[130.22156,31.29911],[130.19896,31.29509],[130.20183,31.28224],[130.21384,31.29003],[130.21525,31.28244],[130.22944,31.28147],[130.21494,31.27536],[130.22893,31.26757],[130.21411,31.26116],[130.21672,31.24856],[130.23935,31.25938],[130.24292,31.25219],[130.25817,31.25798],[130.27723,31.24671],[130.28416,31.26742],[130.29204,31.26171],[130.28792,31.26961],[130.2968,31.26762],[130.29598,31.26066],[130.30831,31.26663],[130.31606,31.25727],[130.35416,31.25037],[130.45954,31.25127],[130.48626,31.23713],[130.50805,31.21417],[130.51561,31.19841],[130.50629,31.17798],[130.51812,31.16586],[130.5302,31.16343],[130.5574,31.17798],[130.58709,31.1559],[130.5964,31.16247],[130.58786,31.16872],[130.59498,31.17927],[130.62609,31.18096],[130.6398,31.18943],[130.64443,31.20564],[130.63739,31.21004],[130.63198,31.20087],[130.62971,31.21079],[130.65757,31.22021],[130.64997,31.2445],[130.66771,31.26721],[130.62241,31.27587],[130.56467,31.3225],[130.54318,31.38485],[130.54808,31.37969],[130.55823,31.38609],[130.55008,31.39646],[130.53903,31.3908],[130.53312,31.39807],[130.51358,31.45857],[130.51378,31.46748],[130.5322,31.46234],[130.53388,31.47361],[130.51924,31.4715],[130.51453,31.49404],[130.53144,31.48426],[130.53648,31.49675],[130.52141,31.50927],[130.53313,31.50719],[130.54755,31.54933],[130.55884,31.54647],[130.5704,31.5753],[130.56281,31.59717],[130.5775,31.61711],[130.60207,31.63144],[130.60632,31.65009],[130.61945,31.65784],[130.60932,31.67989],[130.62763,31.71366],[130.68601,31.73498],[130.70592,31.7253],[130.71725,31.72788],[130.72553,31.71746],[130.73079,31.72442],[130.73409,31.70745],[130.79662,31.70073],[130.79624,31.68927],[130.81129,31.68361],[130.82281,31.65483],[130.80107,31.63196],[130.78595,31.60215],[130.78748,31.58598],[130.76696,31.56356],[130.70933,31.55793],[130.7211,31.56374],[130.71096,31.56696],[130.71607,31.57475],[130.71045,31.58242],[130.71883,31.59066],[130.70964,31.59994],[130.71728,31.60251],[130.69744,31.62412],[130.68431,31.62161],[130.67821,31.62938],[130.62611,31.62039],[130.59109,31.58891],[130.62144,31.55398],[130.62767,31.55713],[130.63914,31.54514],[130.66538,31.55343],[130.68186,31.54456],[130.68538,31.55314],[130.69836,31.55568],[130.70713,31.53584],[130.69769,31.52902],[130.69824,31.49515],[130.69117,31.4892],[130.69933,31.46173],[130.73162,31.4508],[130.75538,31.4259],[130.80345,31.33433],[130.79036,31.30544],[130.79578,31.29167],[130.78956,31.25074],[130.7534,31.21129],[130.76676,31.18061],[130.74412,31.13145],[130.65321,31.07045],[130.67815,31.06219],[130.67688,31.03405],[130.6564,31.00585],[130.66047,30.99427],[130.66838,31.00847],[130.68286,31.00387],[130.68853,31.0146],[130.68385,31.02511],[130.71718,31.02709],[130.71583,31.04465],[130.74322,31.0525],[130.7478,31.06092],[130.76129,31.0554],[130.76495,31.06456],[130.79304,31.07407],[130.79293,31.0823],[130.80677,31.08091],[130.81098,31.08878],[130.87385,31.09501],[130.90021,31.11272],[130.91591,31.11345],[130.92036,31.12463],[130.96271,31.13837],[130.9792,31.15191],[130.97258,31.16651],[130.99508,31.169],[130.98502,31.17967],[131.00328,31.1898],[131.00678,31.2171],[131.01688,31.2277],[131.06525,31.22738],[131.12969,31.27689],[131.12272,31.2871],[131.11088,31.27686],[131.08024,31.27285],[131.07349,31.29149],[131.10494,31.3113],[131.10889,31.33017],[131.01699,31.35707],[131.01765,31.38573],[131.05199,31.43829],[131.07816,31.45822],[131.08591,31.44769],[131.08501,31.46031],[131.09724,31.45838],[131.10868,31.47629],[131.13339,31.46918],[131.13813,31.46086],[131.14418,31.46811],[131.1603,31.46186],[131.17068,31.50077],[131.20076,31.51774],[131.19689,31.54948],[131.18934,31.55719],[131.20545,31.57995],[131.18645,31.60518],[131.18835,31.62463],[131.16561,31.63906],[131.12781,31.62648],[131.07927,31.66021],[131.05426,31.63349],[131.04466,31.65438],[131.0256,31.6669],[131.02861,31.69748],[131.01306,31.71313],[131.0164,31.74776],[130.97852,31.75157],[130.98982,31.77808],[130.9315,31.78556],[130.91729,31.80412],[130.88431,31.80543],[130.87503,31.84266],[130.88819,31.84834],[130.89457,31.87797],[130.91355,31.8864],[130.89702,31.88778],[130.88228,31.92122],[130.86563,31.93395],[130.79954,31.9502],[130.79451,31.9733],[130.78196,31.98309],[130.77791,32.01547],[130.73789,32.04725],[130.70338,32.05855],[130.70356,32.07718],[130.71599,32.08569],[130.7206,32.1008],[130.65501,32.13568],[130.65164,32.15127],[130.6227,32.15606],[130.61047,32.18666],[130.59172,32.18596],[130.59674,32.17592],[130.58268,32.15491],[130.54227,32.14956],[130.54023,32.13741],[130.4769,32.13899],[130.4735,32.11861],[130.45373,32.1129],[130.40267,32.1202],[130.38666,32.14739],[130.36079,32.16861]]],[[[128.432,27.06811],[128.41936,27.0648],[128.41149,27.04755],[128.39744,27.051],[128.39832,27.03705],[128.42486,27.02267],[128.4574,27.02362],[128.45357,27.05168],[128.432,27.06811]]],[[[128.69403,27.4409],[128.63494,27.40932],[128.61312,27.4091],[128.59422,27.39716],[128.55637,27.39598],[128.53312,27.40524],[128.51999,27.37569],[128.53148,27.3486],[128.55975,27.32905],[128.59897,27.33995],[128.63843,27.36738],[128.67602,27.41365],[128.71385,27.43366],[128.69403,27.4409]]],[[[128.88553,27.85221],[128.88564,27.85568],[128.88435,27.85525],[128.88382,27.85211],[128.88553,27.85221]]],[[[128.90669,27.89376],[128.88968,27.88269],[128.89327,27.85818],[128.88358,27.83567],[128.88153,27.84648],[128.87887,27.82786],[128.89157,27.81942],[128.88917,27.78727],[128.90721,27.76333],[128.89974,27.73602],[128.88102,27.72226],[128.91656,27.69625],[128.9258,27.66597],[128.93621,27.661],[128.98477,27.66933],[129.00587,27.70906],[129.02166,27.7183],[129.02046,27.74081],[129.03224,27.74657],[129.03769,27.76824],[129.01487,27.7809],[128.99705,27.80575],[128.98602,27.80433],[128.96858,27.81816],[128.97165,27.85515],[128.95585,27.86118],[128.9756,27.87177],[128.9723,27.89197],[128.90669,27.89376]]],[[[128.99222,27.92356],[128.98971,27.92177],[128.99036,27.92126],[128.99222,27.92356]]],[[[129.25568,28.00369],[129.2534,28.00264],[129.25665,28.00048],[129.25568,28.00369]]],[[[129.27409,28.02698],[129.272,28.02027],[129.27936,28.01962],[129.27409,28.02698]]],[[[129.18961,28.04788],[129.18478,28.04478],[129.18482,28.04366],[129.19091,28.04626],[129.18961,28.04788]]],[[[129.25139,28.05212],[129.25063,28.05031],[129.25189,28.05022],[129.25139,28.05212]]],[[[129.21393,28.05498],[129.20497,28.03884],[129.21154,28.02283],[129.23502,28.02324],[129.25727,28.00513],[129.26686,28.01303],[129.26514,28.03769],[129.25687,28.02984],[129.25089,28.0402],[129.23577,28.03103],[129.21393,28.05498]]],[[[129.17252,28.06886],[129.14808,28.0497],[129.14769,28.01394],[129.16551,28.02142],[129.16611,28.04622],[129.17881,28.04856],[129.16992,28.05966],[129.17252,28.06886]]],[[[129.16467,28.12289],[129.16165,28.11674],[129.17687,28.11093],[129.16467,28.12289]]],[[[129.15076,28.13225],[129.14752,28.13196],[129.14677,28.129],[129.14779,28.12723],[129.1508,28.12792],[129.14982,28.13095],[129.15076,28.13225]]],[[[129.27811,28.15039],[129.27671,28.15036],[129.27659,28.14922],[129.27827,28.14922],[129.27811,28.15039]]],[[[129.39919,28.15439],[129.39926,28.15266],[129.40027,28.15347],[129.39919,28.15439]]],[[[129.28007,28.17466],[129.27754,28.17363],[129.28063,28.17371],[129.28007,28.17466]]],[[[129.16992,28.19858],[129.16774,28.19566],[129.16634,28.19632],[129.16446,28.19335],[129.16602,28.192],[129.17009,28.19172],[129.1706,28.19394],[129.17271,28.19509],[129.17283,28.19658],[129.16992,28.19858]]],[[[129.2094,28.20123],[129.17585,28.18347],[129.18616,28.15875],[129.19736,28.15352],[129.19574,28.14475],[129.21949,28.1404],[129.21224,28.12689],[129.2244,28.09874],[129.22015,28.08808],[129.21034,28.08677],[129.21558,28.07684],[129.24874,28.09986],[129.24318,28.10649],[129.25022,28.11126],[129.26019,28.10559],[129.26605,28.08681],[129.26131,28.07826],[129.28053,28.06369],[129.28854,28.06474],[129.28476,28.08349],[129.29151,28.09054],[129.30601,28.08702],[129.31817,28.09711],[129.32553,28.09134],[129.31767,28.06329],[129.34023,28.07639],[129.35354,28.10891],[129.34109,28.11849],[129.33727,28.11029],[129.32502,28.11389],[129.32108,28.10089],[129.30246,28.12215],[129.29229,28.10783],[129.28781,28.12559],[129.27494,28.11309],[129.27093,28.12543],[129.26132,28.11659],[129.27502,28.14204],[129.24532,28.1221],[129.24978,28.13066],[129.24217,28.13759],[129.26145,28.14449],[129.24625,28.14343],[129.2557,28.14806],[129.24533,28.1493],[129.27488,28.15112],[129.26995,28.16795],[129.26262,28.17061],[129.25941,28.15777],[129.25587,28.17405],[129.25548,28.15903],[129.24044,28.15052],[129.23456,28.15926],[129.23195,28.15363],[129.2207,28.15849],[129.22305,28.1673],[129.21195,28.16402],[129.21547,28.17384],[129.20324,28.18141],[129.22379,28.19099],[129.24288,28.18791],[129.23129,28.19822],[129.21128,28.19285],[129.2094,28.20123]]],[[[129.18318,28.27162],[129.18359,28.27031],[129.18454,28.27123],[129.18318,28.27162]]],[[[129.18439,28.30578],[129.17847,28.29742],[129.18942,28.28626],[129.22057,28.2842],[129.2125,28.29835],[129.18439,28.30578]]],[[[130.01915,28.37852],[129.95284,28.32735],[129.9231,28.32383],[129.91318,28.31186],[129.91974,28.29052],[129.93012,28.29222],[129.94376,28.2744],[129.97781,28.28801],[130.00036,28.32072],[130.00083,28.33696],[130.0177,28.33784],[130.03104,28.3538],[130.02693,28.35746],[130.03414,28.35843],[130.03331,28.36927],[130.01915,28.37852]]],[[[129.50713,28.40056],[129.50596,28.39939],[129.50725,28.39881],[129.50713,28.40056]]],[[[129.69004,28.52999],[129.67572,28.52582],[129.65984,28.50166],[129.64561,28.5005],[129.67419,28.46159],[129.66605,28.44863],[129.67272,28.44244],[129.66585,28.43897],[129.64789,28.46809],[129.64829,28.44868],[129.65874,28.43503],[129.6535,28.42246],[129.64656,28.4338],[129.6397,28.41672],[129.6215,28.41721],[129.61855,28.42715],[129.63014,28.43602],[129.62089,28.44998],[129.61519,28.44647],[129.61797,28.43253],[129.61291,28.43727],[129.60304,28.43174],[129.60197,28.41527],[129.58962,28.41372],[129.59648,28.43574],[129.60646,28.43565],[129.60557,28.45333],[129.62087,28.46667],[129.62095,28.47776],[129.5766,28.46676],[129.55829,28.44795],[129.54432,28.46248],[129.51812,28.44078],[129.51097,28.41099],[129.52235,28.40027],[129.50768,28.39912],[129.49734,28.3816],[129.49006,28.41303],[129.47849,28.40018],[129.46695,28.40195],[129.47108,28.40755],[129.46296,28.4136],[129.45552,28.40935],[129.4486,28.38104],[129.42576,28.38942],[129.39456,28.38559],[129.40879,28.36626],[129.40144,28.35624],[129.38772,28.37374],[129.36656,28.35462],[129.33914,28.36851],[129.32646,28.35005],[129.31137,28.34903],[129.31354,28.33583],[129.30506,28.33009],[129.26508,28.32759],[129.23449,28.30771],[129.21081,28.30623],[129.24953,28.27385],[129.26468,28.27399],[129.26524,28.2881],[129.29348,28.28463],[129.29499,28.27315],[129.27841,28.27627],[129.2738,28.26131],[129.25514,28.26535],[129.24694,28.2534],[129.24537,28.26562],[129.23554,28.26371],[129.22727,28.27357],[129.21384,28.27066],[129.21198,28.2527],[129.18123,28.27054],[129.16434,28.25526],[129.13575,28.25293],[129.15031,28.24589],[129.15226,28.23681],[129.16981,28.24278],[129.17751,28.22399],[129.19462,28.22774],[129.21299,28.21912],[129.21806,28.2293],[129.23999,28.21872],[129.24765,28.20359],[129.25769,28.20597],[129.24819,28.21374],[129.25458,28.23348],[129.26353,28.22475],[129.26633,28.23206],[129.27718,28.23124],[129.26167,28.21546],[129.29413,28.2231],[129.28745,28.21165],[129.27284,28.20727],[129.26314,28.18306],[129.27496,28.18197],[129.2833,28.19744],[129.29019,28.18863],[129.28249,28.17865],[129.29223,28.18226],[129.28985,28.17441],[129.29741,28.17158],[129.28488,28.16523],[129.29697,28.16073],[129.29567,28.14847],[129.31416,28.14576],[129.33309,28.12914],[129.34142,28.13864],[129.34836,28.1311],[129.35852,28.13602],[129.36746,28.12939],[129.35852,28.12621],[129.36643,28.11224],[129.37888,28.10937],[129.36505,28.15037],[129.35735,28.14979],[129.338,28.17018],[129.35077,28.17405],[129.36307,28.16297],[129.38161,28.16572],[129.40169,28.15407],[129.40627,28.19362],[129.41987,28.18739],[129.43325,28.19882],[129.4506,28.19511],[129.4605,28.21168],[129.4768,28.21063],[129.45698,28.23198],[129.448,28.22588],[129.40776,28.25044],[129.44278,28.24567],[129.44691,28.25905],[129.45928,28.26578],[129.45511,28.29179],[129.46058,28.29703],[129.48484,28.2891],[129.54141,28.30856],[129.53319,28.32691],[129.56576,28.33576],[129.61238,28.40042],[129.63091,28.40722],[129.66491,28.39768],[129.671,28.41009],[129.69414,28.41345],[129.70787,28.42911],[129.71043,28.42216],[129.72212,28.45803],[129.71904,28.47492],[129.69826,28.48409],[129.69004,28.52999]]],[[[128.99433,28.80718],[128.98468,28.79826],[128.97258,28.8014],[128.9782,28.79348],[129.00181,28.79373],[128.99433,28.80718]]],[[[129.00271,28.83658],[128.99822,28.83523],[128.99767,28.83336],[128.99863,28.83091],[128.99754,28.83029],[129.00091,28.82772],[129.00414,28.82859],[129.00271,28.83658]]],[[[129.2013,29.15904],[129.18691,29.15216],[129.22012,29.12674],[129.22153,29.15662],[129.2013,29.15904]]],[[[129.32703,29.22889],[129.31908,29.22469],[129.32694,29.21803],[129.32703,29.22889]]],[[[129.345,29.23084],[129.34261,29.22833],[129.34371,29.22498],[129.34868,29.22709],[129.34855,29.23025],[129.345,29.23084]]],[[[129.59533,29.47708],[129.58398,29.46299],[129.59577,29.4555],[129.59372,29.4463],[129.61814,29.44731],[129.61037,29.47144],[129.59533,29.47708]]],[[[129.74011,29.67182],[129.70649,29.66606],[129.68362,29.65195],[129.69799,29.60325],[129.71223,29.60535],[129.71167,29.61264],[129.73427,29.62849],[129.74011,29.67182]]],[[[129.53733,29.67644],[129.53638,29.67589],[129.53711,29.67499],[129.53841,29.67613],[129.53733,29.67644]]],[[[129.53452,29.69691],[129.52538,29.685],[129.53617,29.67631],[129.53452,29.69691]]],[[[129.90597,29.81352],[129.90494,29.81202],[129.90613,29.81128],[129.90707,29.81291],[129.90597,29.81352]]],[[[129.85176,29.88374],[129.83409,29.86003],[129.86059,29.82196],[129.87506,29.81616],[129.88832,29.82232],[129.91766,29.81978],[129.8953,29.84397],[129.89306,29.86928],[129.85176,29.88374]]],[[[129.62169,29.88421],[129.61892,29.88315],[129.61801,29.8814],[129.61883,29.87659],[129.6201,29.87571],[129.62195,29.87689],[129.62431,29.88237],[129.62169,29.88421]]],[[[129.53685,29.91638],[129.53101,29.91447],[129.53095,29.89737],[129.55233,29.89384],[129.54811,29.91059],[129.53685,29.91638]]],[[[129.91673,30.00739],[129.90939,30.0011],[129.91463,29.99145],[129.89949,29.9767],[129.90499,29.9643],[129.93117,29.94946],[129.94348,29.95188],[129.945,29.96712],[129.92402,29.98696],[129.91673,30.00739]]],[[[130.95888,30.36901],[130.95769,30.36904],[130.95761,30.36758],[130.96079,30.36775],[130.95888,30.36901]]],[[[130.97105,30.37079],[130.97291,30.36903],[130.97325,30.37014],[130.97105,30.37079]]],[[[130.97161,30.37444],[130.97205,30.37296],[130.97279,30.37323],[130.97161,30.37444]]],[[[130.97658,30.45173],[130.97624,30.45076],[130.97762,30.45006],[130.97658,30.45173]]],[[[130.49798,30.46947],[130.49358,30.45435],[130.46432,30.45715],[130.46196,30.43391],[130.44698,30.42953],[130.41917,30.39611],[130.37857,30.39297],[130.3771,30.3722],[130.39127,30.3219],[130.41303,30.29711],[130.41316,30.26606],[130.41953,30.26897],[130.43899,30.23835],[130.52217,30.22636],[130.5305,30.23413],[130.53771,30.22805],[130.58211,30.23889],[130.65706,30.30427],[130.67172,30.37523],[130.65662,30.3916],[130.59934,30.40978],[130.5978,30.4174],[130.54341,30.44713],[130.5271,30.44376],[130.51495,30.45479],[130.49939,30.45272],[130.49798,30.46947]]],[[[130.14693,30.4903],[130.14375,30.4856],[130.16716,30.46947],[130.17132,30.45629],[130.19567,30.46135],[130.19142,30.4415],[130.20975,30.42208],[130.23077,30.4234],[130.23948,30.43663],[130.26372,30.43388],[130.26479,30.44829],[130.23535,30.46998],[130.19998,30.48254],[130.19101,30.47187],[130.18047,30.48425],[130.16562,30.48236],[130.16749,30.49016],[130.15568,30.48505],[130.14693,30.4903]]],[[[130.98207,30.73238],[130.98231,30.74388],[130.98213,30.74389],[130.98207,30.73238]]],[[[130.85762,30.76579],[130.84138,30.75056],[130.83649,30.72772],[130.86441,30.73079],[130.86797,30.74104],[130.85762,30.76579]]],[[[130.3409,30.80474],[130.33891,30.80456],[130.33852,30.80287],[130.34275,30.80411],[130.3409,30.80474]]],[[[130.30353,30.80842],[130.26605,30.79276],[130.26179,30.78199],[130.27776,30.77241],[130.27842,30.78129],[130.31653,30.78247],[130.32127,30.79425],[130.30353,30.80842]]],[[[130.42772,30.81971],[130.39605,30.80869],[130.4436,30.80086],[130.44601,30.80986],[130.42772,30.81971]]],[[[129.42537,30.83142],[129.42348,30.82965],[129.42532,30.82867],[129.42629,30.82947],[129.42537,30.83142]]],[[[129.42678,30.83966],[129.42583,30.83888],[129.42683,30.83765],[129.42866,30.83742],[129.42899,30.83845],[129.42678,30.83966]]],[[[131.05651,30.83976],[131.0463,30.82446],[131.03255,30.82424],[131.03056,30.81284],[131.00278,30.78488],[131.0088,30.76614],[130.98914,30.73854],[130.99348,30.72591],[130.97851,30.72539],[130.95889,30.68654],[130.94014,30.66933],[130.94768,30.66543],[130.94182,30.64803],[130.95049,30.63246],[130.9534,30.59266],[130.92749,30.53808],[130.87234,30.46583],[130.84912,30.46717],[130.86631,30.41039],[130.85755,30.37022],[130.87241,30.34472],[130.88418,30.34409],[130.89636,30.35938],[130.93651,30.37532],[130.96775,30.37282],[130.96511,30.39204],[130.9813,30.39883],[130.96789,30.42118],[130.97926,30.43824],[130.95858,30.45828],[130.969,30.4635],[130.96277,30.48009],[130.99935,30.54811],[131.02833,30.55599],[131.03272,30.5872],[131.05512,30.60488],[131.05875,30.64036],[131.04977,30.64681],[131.05107,30.65656],[131.0648,30.68958],[131.07842,30.69719],[131.07183,30.76255],[131.08258,30.78896],[131.07154,30.79736],[131.07266,30.81222],[131.06618,30.81171],[131.05651,30.83976]]],[[[129.43426,30.84915],[129.43335,30.84746],[129.43198,30.84796],[129.42911,30.84619],[129.42744,30.84163],[129.4355,30.84685],[129.43426,30.84915]]],[[[129.93919,30.85147],[129.90457,30.83838],[129.91163,30.81928],[129.93735,30.81216],[129.96336,30.82809],[129.96373,30.83549],[129.93919,30.85147]]],[[[129.44593,30.85511],[129.44484,30.85355],[129.44589,30.85357],[129.44593,30.85511]]],[[[129.46344,30.85801],[129.46208,30.85757],[129.46295,30.85681],[129.46344,30.85801]]],[[[129.46594,30.86307],[129.46115,30.86019],[129.46774,30.85925],[129.46868,30.85989],[129.46594,30.86307]]],[[[130.66018,30.99337],[130.6583,30.99234],[130.65911,30.9914],[130.6606,30.9921],[130.66018,30.99337]]],[[[130.67334,30.99832],[130.67083,30.99678],[130.67311,30.99566],[130.67334,30.99832]]],[[[129.4235,31.13643],[129.42182,31.13644],[129.42373,31.13524],[129.4235,31.13643]]],[[[129.44688,31.19986],[129.43389,31.1758],[129.44899,31.17712],[129.45383,31.1975],[129.44688,31.19986]]],[[[129.4443,31.20155],[129.44261,31.20168],[129.44171,31.20045],[129.4443,31.20155]]],[[[129.47244,31.21157],[129.46918,31.20365],[129.47648,31.19597],[129.47244,31.21157]]],[[[129.47244,31.21612],[129.47186,31.21469],[129.47316,31.21464],[129.47244,31.21612]]],[[[130.21551,31.26518],[130.21422,31.26384],[130.21572,31.26362],[130.21551,31.26518]]],[[[130.67746,31.28052],[130.67395,31.27292],[130.68143,31.27568],[130.67746,31.28052]]],[[[130.16932,31.36417],[130.16257,31.35966],[130.15976,31.35558],[130.16091,31.35249],[130.16284,31.35261],[130.162,31.35119],[130.16522,31.35225],[130.16692,31.35478],[130.16571,31.35743],[130.16627,31.3602],[130.16892,31.36089],[130.16932,31.36417]]],[[[131.03262,31.37755],[131.02188,31.37653],[131.02041,31.36456],[131.03564,31.3645],[131.03262,31.37755]]],[[[130.20185,31.41491],[130.19932,31.4139],[130.20047,31.41308],[130.20185,31.41491]]],[[[130.17986,31.42762],[130.17876,31.4271],[130.18,31.42529],[130.18136,31.42613],[130.17986,31.42762]]],[[[130.18552,31.43379],[130.18478,31.4326],[130.18606,31.43141],[130.18682,31.43304],[130.18552,31.43379]]],[[[131.11623,31.43403],[131.11678,31.43256],[131.1141,31.43006],[131.11449,31.42851],[131.11891,31.42571],[131.11837,31.43136],[131.11623,31.43403]]],[[[129.73382,31.44833],[129.73238,31.44794],[129.73354,31.44704],[129.73382,31.44833]]],[[[131.10988,31.46581],[131.10783,31.46155],[131.10815,31.46149],[131.10988,31.46581]]],[[[130.54131,31.50065],[130.54118,31.50041],[130.53902,31.48588],[130.54131,31.50065]]],[[[130.69658,31.53108],[130.69461,31.53109],[130.69414,31.52931],[130.6953,31.52853],[130.69658,31.53108]]],[[[130.55623,31.53417],[130.55767,31.53725],[130.54964,31.53999],[130.55136,31.53879],[130.55024,31.53641],[130.55623,31.53417]]],[[[130.61647,31.54597],[130.61406,31.54343],[130.61503,31.54171],[130.61654,31.54295],[130.61647,31.54597]]],[[[130.56743,31.59759],[130.56431,31.59678],[130.56405,31.59425],[130.56755,31.59435],[130.56743,31.59759]]],[[[130.72496,31.6192],[130.72449,31.62088],[130.72222,31.62023],[130.72112,31.61576],[130.72376,31.61668],[130.72496,31.6192]]],[[[130.7126,31.70203],[130.71181,31.70064],[130.71327,31.69923],[130.71595,31.701],[130.7126,31.70203]]],[[[130.71874,31.70154],[130.71854,31.70449],[130.71734,31.70284],[130.71793,31.70104],[130.71874,31.70154]]],[[[130.27211,31.70609],[130.26995,31.7051],[130.27034,31.70453],[130.27211,31.70609]]],[[[130.72135,31.71199],[130.71898,31.71061],[130.71892,31.70601],[130.7204,31.70634],[130.72137,31.70911],[130.72339,31.71049],[130.72135,31.71199]]],[[[130.24167,31.727],[130.24446,31.72524],[130.24793,31.7196],[130.24468,31.72527],[130.24167,31.727]]],[[[130.18034,31.7411],[130.17773,31.74009],[130.17811,31.73824],[130.18042,31.73953],[130.18034,31.7411]]],[[[129.83246,31.77382],[129.83127,31.77293],[129.83255,31.7726],[129.83246,31.77382]]],[[[129.78506,31.79109],[129.78083,31.77532],[129.78913,31.76877],[129.77537,31.75828],[129.78074,31.75187],[129.77617,31.74145],[129.74369,31.73665],[129.69711,31.71601],[129.70233,31.70811],[129.68936,31.70323],[129.69336,31.69247],[129.67761,31.66806],[129.68219,31.66263],[129.6581,31.65848],[129.66572,31.63436],[129.68108,31.63317],[129.68923,31.62199],[129.70761,31.63721],[129.71448,31.62285],[129.71169,31.63342],[129.73821,31.65609],[129.72506,31.66952],[129.74365,31.68716],[129.7395,31.70596],[129.75091,31.71793],[129.75803,31.71022],[129.76865,31.7128],[129.7786,31.74457],[129.80185,31.76407],[129.79317,31.77682],[129.80264,31.78485],[129.78506,31.79109]]],[[[129.83959,31.81909],[129.82115,31.81372],[129.81126,31.79944],[129.82293,31.77523],[129.83266,31.78323],[129.82515,31.78996],[129.84487,31.79851],[129.83608,31.80542],[129.83959,31.81909]]],[[[129.84446,31.82994],[129.83565,31.82587],[129.84094,31.82043],[129.84446,31.82994]]],[[[129.95166,31.85296],[129.94999,31.85289],[129.94781,31.85027],[129.95166,31.85023],[129.95166,31.85296]]],[[[129.9746,31.8634],[129.97508,31.8618],[129.97584,31.86252],[129.9746,31.8634]]],[[[129.95888,31.86742],[129.95729,31.86612],[129.95813,31.86538],[129.96311,31.86529],[129.95888,31.86742]]],[[[129.85206,31.88302],[129.83489,31.88161],[129.81714,31.86166],[129.81846,31.84978],[129.8352,31.8375],[129.84193,31.86963],[129.84678,31.85542],[129.86539,31.85956],[129.84115,31.8503],[129.84881,31.84266],[129.84645,31.8314],[129.85928,31.83728],[129.86378,31.83332],[129.85715,31.82229],[129.87352,31.82032],[129.87107,31.80134],[129.89915,31.81375],[129.90397,31.82495],[129.919,31.81691],[129.92999,31.82437],[129.93129,31.83654],[129.91953,31.84443],[129.93112,31.85044],[129.92403,31.86499],[129.93835,31.87053],[129.905,31.86831],[129.90861,31.85612],[129.91861,31.85211],[129.91072,31.84295],[129.85206,31.88302]]],[[[130.1962,31.98116],[130.19536,31.98037],[130.19626,31.97899],[130.19739,31.97984],[130.1962,31.98116]]],[[[130.16467,32.02895],[130.16263,32.02832],[130.16249,32.0267],[130.16533,32.02555],[130.16515,32.02166],[130.17121,32.02263],[130.17156,32.02549],[130.16752,32.02555],[130.16467,32.02895]]],[[[130.1882,32.03365],[130.18981,32.03164],[130.19023,32.03287],[130.1882,32.03365]]],[[[130.18103,32.03483],[130.18284,32.03376],[130.18335,32.03466],[130.18103,32.03483]]],[[[130.16179,32.03677],[130.16077,32.03275],[130.16179,32.03257],[130.16321,32.03374],[130.16179,32.03677]]],[[[130.18925,32.08135],[130.18781,32.08047],[130.19005,32.0795],[130.18925,32.08135]]],[[[130.15723,32.08813],[130.15668,32.08597],[130.15784,32.08616],[130.15723,32.08813]]],[[[130.26518,32.15061],[130.26243,32.15026],[130.26028,32.14427],[130.26269,32.1461],[130.26151,32.148],[130.26228,32.14944],[130.26522,32.14761],[130.26823,32.14837],[130.26518,32.15061]]],[[[130.21624,32.22392],[130.22042,32.22691],[130.21989,32.2278],[130.21805,32.22757],[130.21624,32.22392]]],[[[130.18243,32.22834],[130.17849,32.22675],[130.17915,32.22479],[130.18189,32.22514],[130.18243,32.22834]]],[[[130.17427,32.22942],[130.16384,32.21226],[130.15424,32.22824],[130.15411,32.21456],[130.14589,32.21726],[130.15889,32.20445],[130.15569,32.19727],[130.13143,32.21642],[130.12582,32.21601],[130.12932,32.21089],[130.1071,32.21484],[130.11188,32.2074],[130.10539,32.20381],[130.12187,32.20036],[130.09787,32.19405],[130.10931,32.18796],[130.09505,32.1888],[130.09114,32.1817],[130.1155,32.15734],[130.11176,32.12547],[130.14802,32.10468],[130.14856,32.09388],[130.15718,32.08952],[130.16883,32.09424],[130.17574,32.11287],[130.17848,32.12335],[130.17113,32.13307],[130.17739,32.12798],[130.17937,32.13708],[130.20977,32.15513],[130.20525,32.16914],[130.18598,32.16514],[130.18321,32.17834],[130.20045,32.19779],[130.19166,32.19754],[130.17427,32.22942]]],[[[130.18579,32.24427],[130.18257,32.2431],[130.18129,32.24116],[130.1823,32.2403],[130.18562,32.24174],[130.18691,32.24402],[130.18579,32.24427]]],[[[130.19464,32.24446],[130.19754,32.22879],[130.18777,32.22117],[130.20133,32.20806],[130.19701,32.21674],[130.20789,32.21232],[130.20499,32.20442],[130.21129,32.21999],[130.20469,32.21834],[130.20974,32.22402],[130.19464,32.24446]]],[[[130.19433,32.24764],[130.19272,32.24644],[130.19311,32.24568],[130.19433,32.24764]]],[[[130.223,32.25474],[130.22328,32.25083],[130.22708,32.24919],[130.22708,32.24622],[130.23,32.24708],[130.22972,32.25054],[130.223,32.25474]]],[[[130.18145,32.26508],[130.1795,32.26514],[130.18056,32.26302],[130.17916,32.2615],[130.18062,32.26119],[130.18167,32.26246],[130.18145,32.26508]]],[[[130.18666,32.26896],[130.17843,32.25513],[130.17142,32.256],[130.16775,32.23984],[130.15902,32.24459],[130.16184,32.2287],[130.17068,32.22641],[130.17553,32.24754],[130.1897,32.26131],[130.18666,32.26896]]],[[[130.23528,32.30441],[130.23328,32.3039],[130.23362,32.30246],[130.23528,32.30441]]],[[[130.25726,32.3064],[130.21892,32.28876],[130.20951,32.25496],[130.21471,32.25012],[130.2301,32.2631],[130.24285,32.25361],[130.23511,32.26243],[130.25981,32.28127],[130.26891,32.27982],[130.26676,32.29635],[130.2536,32.30142],[130.25726,32.3064]]]]}},{"type":"Feature","properties":{"P":"沖縄県","code":"47"},"geometry":{"type":"MultiPolygon","coordinates":[[[[123.78712,24.07175],[123.75423,24.06286],[123.75308,24.05311],[123.78828,24.04562],[123.805,24.05029],[123.80899,24.06511],[123.78712,24.07175]]],[[[123.56438,24.19639],[123.55577,24.19256],[123.56112,24.19241],[123.56944,24.19638],[123.56438,24.19639]]],[[[123.9345,24.22139],[123.92079,24.21745],[123.93226,24.20888],[123.9345,24.22139]]],[[[123.95062,24.24282],[123.93677,24.225],[123.95438,24.23739],[123.95062,24.24282]]],[[[124.00424,24.25386],[123.99318,24.2505],[123.99117,24.24129],[124.01091,24.22061],[124.02805,24.2315],[124.02987,24.24193],[124.02568,24.2494],[124.00424,24.25386]]],[[[124.15655,24.33309],[124.15329,24.33452],[124.14067,24.33233],[124.1416,24.32743],[124.15444,24.32848],[124.15586,24.33025],[124.16041,24.331],[124.15655,24.33309]],[[124.15056,24.33105],[124.15529,24.32948],[124.14741,24.32848],[124.147,24.33059],[124.15056,24.33105]]],[[[124.08687,24.34049],[124.076,24.32529],[124.08472,24.31176],[124.10202,24.32088],[124.08687,24.34049]]],[[[123.93567,24.34672],[123.93443,24.34609],[123.93465,24.34393],[123.93056,24.34251],[123.93132,24.34116],[123.9355,24.34327],[123.93567,24.34672]]],[[[123.97439,24.3548],[123.96353,24.34984],[123.96869,24.33841],[123.95169,24.33296],[123.98617,24.33042],[123.99161,24.32354],[124.0035,24.3273],[123.98967,24.34092],[123.99361,24.34704],[123.97439,24.3548]]],[[[123.73125,24.36301],[123.72421,24.3645],[123.72475,24.3581],[123.74194,24.34579],[123.74386,24.35404],[123.73125,24.36301]]],[[[123.99947,24.36685],[123.99642,24.36231],[124.00372,24.36112],[123.99947,24.36685]]],[[[123.94305,24.36846],[123.9421,24.365],[123.94396,24.36758],[123.94305,24.36846]]],[[[123.7251,24.38012],[123.71151,24.37063],[123.71856,24.36516],[123.7251,24.38012]]],[[[123.78199,24.43732],[123.76575,24.43398],[123.77273,24.41761],[123.75119,24.40304],[123.75256,24.3914],[123.74306,24.39373],[123.75299,24.37697],[123.74298,24.36737],[123.75346,24.35442],[123.74458,24.34203],[123.75158,24.31269],[123.74436,24.3196],[123.7395,24.31485],[123.72676,24.3434],[123.71166,24.33097],[123.70436,24.34973],[123.70067,24.34001],[123.71024,24.31487],[123.70386,24.31341],[123.70074,24.32581],[123.68657,24.33272],[123.68,24.32221],[123.68704,24.31052],[123.66166,24.3084],[123.68024,24.28328],[123.71903,24.27833],[123.72305,24.29961],[123.75488,24.27968],[123.80568,24.2696],[123.83328,24.27202],[123.86363,24.25531],[123.88058,24.25624],[123.88101,24.28042],[123.90449,24.27525],[123.89907,24.30101],[123.91097,24.32401],[123.92805,24.31588],[123.92678,24.34265],[123.93962,24.36504],[123.92236,24.36653],[123.90707,24.38458],[123.88687,24.38478],[123.87285,24.40402],[123.86167,24.3948],[123.83249,24.40753],[123.81697,24.39106],[123.80954,24.39991],[123.81187,24.41126],[123.78199,24.43732]]],[[[124.14844,24.46213],[124.14596,24.45847],[124.14899,24.45412],[124.14891,24.4514],[124.1528,24.45663],[124.14844,24.46213]]],[[[124.14654,24.46518],[124.14602,24.46373],[124.14691,24.46297],[124.14654,24.46518]]],[[[131.18187,24.47232],[131.18806,24.46133],[131.19511,24.46831],[131.18187,24.47232]]],[[[122.99804,24.47512],[123.00153,24.47031],[122.97466,24.46749],[122.96256,24.47264],[122.93375,24.44874],[122.96678,24.43757],[122.98453,24.44295],[123.01141,24.43695],[123.0439,24.46118],[122.99804,24.47512]]],[[[123.81736,24.47715],[123.8169,24.46922],[123.82445,24.46799],[123.81736,24.47715]]],[[[124.31647,24.61212],[124.29754,24.57004],[124.28305,24.5617],[124.29474,24.54124],[124.2867,24.53769],[124.27895,24.50652],[124.25849,24.51971],[124.23887,24.49876],[124.2292,24.49955],[124.22289,24.45536],[124.19269,24.45763],[124.17443,24.44866],[124.15259,24.45449],[124.13975,24.4425],[124.1344,24.44775],[124.14355,24.46609],[124.11761,24.48237],[124.11353,24.47741],[124.12549,24.46877],[124.11669,24.4626],[124.11845,24.44608],[124.07665,24.45333],[124.08071,24.44799],[124.06908,24.4316],[124.08427,24.41637],[124.10143,24.43301],[124.11921,24.43472],[124.14309,24.41376],[124.13857,24.38701],[124.11151,24.36554],[124.14461,24.35111],[124.14539,24.33711],[124.18118,24.33052],[124.20085,24.34319],[124.20025,24.35372],[124.21511,24.35531],[124.23606,24.3451],[124.24858,24.35735],[124.25809,24.41236],[124.24999,24.43029],[124.25792,24.44381],[124.25244,24.46684],[124.28235,24.48914],[124.28379,24.50833],[124.30872,24.53093],[124.30449,24.54652],[124.33443,24.5711],[124.34046,24.58619],[124.33998,24.60512],[124.31647,24.61212]]],[[[124.31804,24.618],[124.31689,24.61735],[124.31746,24.61617],[124.31804,24.618]]],[[[124.71079,24.67735],[124.67371,24.66618],[124.67539,24.6433],[124.70518,24.63777],[124.72228,24.64361],[124.72652,24.66678],[124.71079,24.67735]]],[[[125.24189,24.73165],[125.24034,24.71705],[125.25674,24.71557],[125.24189,24.73165]]],[[[124.695,24.76192],[124.68273,24.75822],[124.70594,24.74471],[124.695,24.76192]]],[[[125.26604,24.80405],[125.26047,24.80254],[125.25656,24.80352],[125.2576,24.7996],[125.25601,24.79809],[125.25901,24.79578],[125.26145,24.79904],[125.26149,24.80129],[125.26336,24.79967],[125.26304,24.80277],[125.26604,24.80405]]],[[[125.21953,24.80918],[125.2214,24.80684],[125.22165,24.80707],[125.21953,24.80918]]],[[[125.14006,24.8446],[125.13537,24.82369],[125.14493,24.80855],[125.17364,24.80618],[125.17548,24.81396],[125.14006,24.8446]]],[[[125.16327,24.86542],[125.15534,24.83719],[125.16935,24.8192],[125.20117,24.80319],[125.21879,24.80893],[125.2211,24.82297],[125.20908,24.84708],[125.16327,24.86542]]],[[[125.267,24.9148],[125.26868,24.90308],[125.25723,24.9078],[125.29646,24.84548],[125.29504,24.83738],[125.2867,24.84341],[125.27824,24.83838],[125.27916,24.81009],[125.2561,24.79441],[125.28514,24.75317],[125.26619,24.7512],[125.26083,24.76811],[125.2526,24.75656],[125.26083,24.73572],[125.29491,24.71832],[125.29742,24.73376],[125.29636,24.72083],[125.30888,24.71157],[125.37001,24.72931],[125.44663,24.72504],[125.45342,24.73067],[125.46931,24.71934],[125.43331,24.76101],[125.40264,24.76618],[125.38284,24.78778],[125.35502,24.78897],[125.3352,24.79892],[125.33524,24.82229],[125.3132,24.83696],[125.2985,24.87724],[125.28502,24.88287],[125.267,24.9148]]],[[[125.30686,24.91993],[125.3056,24.91933],[125.30507,24.91587],[125.30678,24.91363],[125.30915,24.91361],[125.31085,24.91526],[125.30686,24.91993]]],[[[125.23991,24.93827],[125.23133,24.93537],[125.23507,24.9276],[125.24872,24.92055],[125.24698,24.92638],[125.25595,24.92473],[125.23991,24.93827]]],[[[123.55037,25.72558],[123.54507,25.72289],[123.5552,25.72076],[123.55037,25.72558]]],[[[123.54145,25.7345],[123.53814,25.73159],[123.54134,25.72792],[123.54153,25.72598],[123.54299,25.72567],[123.54457,25.7261],[123.54565,25.72867],[123.54392,25.72941],[123.54145,25.7345]]],[[[123.47647,25.7518],[123.46017,25.74397],[123.45953,25.73522],[123.49356,25.74307],[123.47647,25.7518]]],[[[123.54386,25.78214],[123.54363,25.78077],[123.54469,25.78097],[123.54386,25.78214]]],[[[131.24073,25.87242],[131.22005,25.86583],[131.21352,25.82424],[131.23146,25.81282],[131.26105,25.821],[131.2733,25.85256],[131.26269,25.86864],[131.24073,25.87242]]],[[[124.55898,25.9233],[124.55647,25.9216],[124.55944,25.92204],[124.55898,25.9233]]],[[[123.68259,25.92878],[123.676,25.92347],[123.68596,25.91966],[123.68259,25.92878]]],[[[131.2859,25.961],[131.29548,25.93267],[131.32315,25.9319],[131.33087,25.95319],[131.2859,25.961]]],[[[127.77537,26.13201],[127.771,26.1315],[127.76935,26.12807],[127.77364,26.12674],[127.77683,26.12929],[127.77537,26.13201]]],[[[127.80961,26.14603],[127.8081,26.14462],[127.8103,26.14543],[127.80961,26.14603]]],[[[127.34491,26.1465],[127.34279,26.14571],[127.34082,26.14181],[127.34185,26.13842],[127.34322,26.13878],[127.34656,26.1451],[127.34491,26.1465]]],[[[127.85024,26.15055],[127.84941,26.15049],[127.84973,26.14901],[127.85024,26.15055]]],[[[127.27436,26.15681],[127.27195,26.15641],[127.27263,26.15524],[127.27436,26.15681]]],[[[127.29082,26.15766],[127.28872,26.15693],[127.28925,26.15559],[127.29106,26.15637],[127.29082,26.15766]]],[[[127.65423,26.16143],[127.64986,26.15299],[127.66763,26.15376],[127.65423,26.16143]]],[[[127.34057,26.16429],[127.33743,26.16358],[127.33804,26.15971],[127.34057,26.16429]]],[[[127.90949,26.17184],[127.90498,26.1682],[127.89792,26.1673],[127.89707,26.16531],[127.88881,26.1624],[127.88498,26.15873],[127.88378,26.15488],[127.88765,26.15386],[127.90934,26.16945],[127.91059,26.17156],[127.90949,26.17184]]],[[[127.2931,26.17506],[127.28745,26.16722],[127.28983,26.16579],[127.2897,26.16287],[127.29124,26.16057],[127.29255,26.16082],[127.29669,26.16711],[127.29622,26.17251],[127.2931,26.17506]]],[[[127.23677,26.18281],[127.23221,26.16306],[127.24175,26.16274],[127.24424,26.17541],[127.23677,26.18281]]],[[[127.2766,26.1865],[127.27339,26.18294],[127.27432,26.18225],[127.2766,26.1865]]],[[[127.28904,26.18762],[127.28562,26.17702],[127.29645,26.17705],[127.28904,26.18762]]],[[[127.3759,26.1999],[127.37643,26.19726],[127.38024,26.19803],[127.38028,26.19908],[127.3759,26.1999]]],[[[127.28092,26.21151],[127.26525,26.19814],[127.27533,26.19615],[127.2758,26.18671],[127.29338,26.19437],[127.28092,26.21151]]],[[[127.30936,26.21576],[127.31343,26.19783],[127.31742,26.20355],[127.30936,26.21576]]],[[[127.29546,26.213],[127.29563,26.21811],[127.29412,26.21675],[127.29392,26.21333],[127.29546,26.213]]],[[[127.28454,26.22029],[127.28331,26.21955],[127.28695,26.21639],[127.28846,26.21898],[127.28454,26.22029]]],[[[127.24943,26.22305],[127.23934,26.21978],[127.24312,26.20829],[127.24943,26.22305]]],[[[127.45275,26.22458],[127.43951,26.20038],[127.45624,26.21965],[127.45275,26.22458]]],[[[127.35717,26.22647],[127.34544,26.20178],[127.3478,26.18589],[127.33888,26.18263],[127.34827,26.16705],[127.34774,26.14572],[127.35183,26.15562],[127.36385,26.15769],[127.35841,26.18062],[127.37142,26.18911],[127.3676,26.19785],[127.37413,26.20391],[127.36989,26.22018],[127.35717,26.22647]]],[[[127.2839,26.22545],[127.28469,26.22731],[127.28344,26.22678],[127.2839,26.22545]]],[[[127.33468,26.2275],[127.3324,26.22681],[127.33485,26.22507],[127.33563,26.22629],[127.33468,26.2275]]],[[[127.45141,26.23432],[127.44919,26.23277],[127.4491,26.23133],[127.4521,26.22708],[127.45288,26.229],[127.45186,26.23035],[127.45236,26.23403],[127.45141,26.23432]]],[[[127.45317,26.23615],[127.45248,26.23473],[127.4541,26.23384],[127.45469,26.2355],[127.45317,26.23615]]],[[[127.36889,26.23685],[127.36614,26.23184],[127.36825,26.22823],[127.36719,26.22395],[127.36895,26.22349],[127.37303,26.23022],[127.37065,26.23247],[127.37078,26.23453],[127.36889,26.23685]]],[[[127.45749,26.24233],[127.45592,26.24158],[127.45537,26.23768],[127.45876,26.23892],[127.45897,26.24139],[127.45749,26.24233]]],[[[127.31006,26.25196],[127.30709,26.24042],[127.29619,26.24208],[127.28284,26.22754],[127.30226,26.22729],[127.30768,26.21853],[127.31554,26.22602],[127.31095,26.23736],[127.31823,26.24024],[127.32094,26.2297],[127.33332,26.2288],[127.32747,26.23553],[127.33252,26.24013],[127.31006,26.25196]]],[[[127.65246,26.225],[127.65507,26.22776],[127.65789,26.25336],[127.65499,26.22779],[127.65246,26.225]]],[[[127.40315,26.2566],[127.40108,26.25548],[127.40274,26.25106],[127.40427,26.24885],[127.40654,26.24848],[127.40731,26.24917],[127.40488,26.25347],[127.40541,26.25447],[127.40315,26.2566]]],[[[127.94456,26.26224],[127.93751,26.26237],[127.93347,26.24748],[127.94041,26.24173],[127.94456,26.26224]]],[[[127.58508,26.26306],[127.57947,26.26255],[127.58019,26.26083],[127.58508,26.26306]]],[[[127.57814,26.25914],[127.5794,26.26031],[127.57857,26.2623],[127.5795,26.26415],[127.57832,26.2648],[127.57473,26.26123],[127.57518,26.25861],[127.57814,26.25914]]],[[[127.94786,26.26514],[127.94638,26.26348],[127.94758,26.26293],[127.94786,26.26514]]],[[[127.55421,26.26559],[127.54663,26.267],[127.54068,26.26544],[127.54258,26.26388],[127.54547,26.26544],[127.55383,26.2639],[127.55421,26.26559]]],[[[127.97913,26.29221],[127.98,26.28809],[127.98144,26.28747],[127.98128,26.29024],[127.97913,26.29221]]],[[[126.81458,26.29478],[126.81461,26.29177],[126.81609,26.29147],[126.81458,26.29478]]],[[[127.99282,26.30408],[127.98836,26.30183],[127.98988,26.29873],[127.99615,26.30043],[127.99282,26.30408]]],[[[127.92466,26.32323],[127.91751,26.32089],[127.92987,26.31414],[127.92466,26.32323]]],[[[127.95269,26.32912],[127.95246,26.31507],[127.96003,26.30928],[127.96839,26.32299],[127.95269,26.32912]]],[[[127.93408,26.33205],[127.92831,26.33283],[127.91744,26.33146],[127.92996,26.33103],[127.93408,26.33205]]],[[[126.86563,26.34003],[126.86425,26.34093],[126.85911,26.33939],[126.86563,26.34003]]],[[[126.82845,26.34278],[126.82026,26.33675],[126.83415,26.33573],[126.82845,26.34278]]],[[[127.86178,26.3436],[127.83725,26.32943],[127.85351,26.32454],[127.8584,26.33355],[127.8668,26.32748],[127.86178,26.3436]]],[[[126.83894,26.34365],[126.83788,26.34368],[126.83675,26.34097],[126.83722,26.33645],[126.84237,26.33841],[126.8426,26.34138],[126.83894,26.34365]]],[[[126.83675,26.34795],[126.83604,26.34645],[126.83731,26.34713],[126.83675,26.34795]]],[[[126.89796,26.35034],[126.89188,26.35087],[126.88628,26.34618],[126.88036,26.34532],[126.88739,26.3441],[126.88889,26.34772],[126.89796,26.35034]]],[[[126.89957,26.35149],[126.90134,26.35094],[126.9016,26.35178],[126.89957,26.35149]]],[[[127.96568,26.36509],[127.94319,26.35564],[127.9465,26.34176],[127.94024,26.33597],[127.95963,26.33627],[127.97431,26.35013],[127.96568,26.36509]]],[[[127.14685,26.38199],[127.13704,26.36579],[127.14601,26.34926],[127.16154,26.36388],[127.14976,26.36301],[127.14685,26.38199]]],[[[127.98799,26.38508],[127.96912,26.36793],[127.96962,26.35615],[127.97771,26.35215],[127.99633,26.3621],[127.98517,26.37623],[127.98799,26.38508]]],[[[127.10383,26.38776],[127.10021,26.38761],[127.1008,26.38394],[127.09988,26.38204],[127.10423,26.38331],[127.10507,26.38704],[127.10383,26.38776]]],[[[126.77613,26.39134],[126.71397,26.37303],[126.70911,26.35476],[126.72957,26.34061],[126.71243,26.35152],[126.71314,26.35969],[126.72761,26.34545],[126.76004,26.34231],[126.75521,26.33859],[126.7682,26.32933],[126.77882,26.3063],[126.8115,26.29119],[126.80544,26.3246],[126.82618,26.34603],[126.77613,26.39134]]],[[[127.99989,26.40085],[127.98872,26.39306],[127.99797,26.38205],[127.99989,26.40085]]],[[[127.83597,26.48785],[127.83571,26.48642],[127.83669,26.48643],[127.83734,26.48735],[127.83597,26.48785]]],[[[127.83907,26.4932],[127.839,26.49501],[127.83683,26.49322],[127.83802,26.49225],[127.83907,26.4932]]],[[[128.05884,26.51682],[128.0583,26.51552],[128.05962,26.51613],[128.05884,26.51682]]],[[[128.09744,26.53382],[128.09638,26.53318],[128.0998,26.53139],[128.10004,26.53254],[128.09744,26.53382]]],[[[126.83266,26.59569],[126.82956,26.59444],[126.8302,26.59376],[126.83266,26.59569]]],[[[127.24535,26.59668],[127.24329,26.59606],[127.24368,26.59551],[127.24535,26.59668]]],[[[127.23129,26.60207],[127.21657,26.59266],[127.20926,26.57485],[127.24152,26.57667],[127.24687,26.5904],[127.23129,26.60207]]],[[[128.03365,26.64137],[128.03189,26.64271],[128.03088,26.64027],[128.03037,26.63554],[128.03155,26.63446],[128.03235,26.63686],[128.0347,26.63712],[128.03538,26.63883],[128.03542,26.64098],[128.03365,26.64137]]],[[[127.81523,26.6512],[127.81074,26.64668],[127.82108,26.64468],[127.81523,26.6512]]],[[[127.86655,26.65392],[127.85481,26.64831],[127.85994,26.62903],[127.87442,26.64896],[127.86655,26.65392]]],[[[128.10166,26.66991],[128.09685,26.66733],[128.10372,26.66443],[128.10166,26.66991]]],[[[128.02493,26.67296],[128.02248,26.67313],[128.02256,26.67142],[128.02493,26.67296]]],[[[128.0201,26.68064],[127.9992,26.6746],[127.99368,26.66008],[128.03273,26.64591],[128.0334,26.65872],[128.0201,26.68064]]],[[[127.87751,26.71199],[127.87911,26.70997],[127.87963,26.71059],[127.87751,26.71199]]],[[[128.01667,26.71449],[128.00846,26.70592],[128.02124,26.69454],[128.02803,26.70913],[128.01667,26.71449]]],[[[127.8079,26.73912],[127.75728,26.7367],[127.74953,26.71808],[127.7608,26.70853],[127.82866,26.70995],[127.82902,26.72401],[127.8079,26.73912]]],[[[128.33039,26.74801],[128.33463,26.74523],[128.33429,26.74762],[128.33039,26.74801]]],[[[128.25774,26.8755],[128.24509,26.86408],[128.25348,26.84358],[128.23198,26.79799],[128.18451,26.75021],[128.15293,26.7453],[128.16053,26.72986],[128.15623,26.71871],[128.1181,26.70327],[128.09887,26.68091],[128.12329,26.66023],[128.11123,26.65933],[128.11127,26.66814],[128.07964,26.64452],[128.03382,26.63625],[128.02575,26.62723],[128.00795,26.63],[127.98232,26.65126],[127.99093,26.65176],[127.99323,26.67208],[128.00821,26.68314],[128.00455,26.68866],[127.97045,26.69374],[127.97024,26.70276],[127.95892,26.70724],[127.9038,26.699],[127.87969,26.70925],[127.87426,26.68463],[127.89497,26.66049],[127.87897,26.65409],[127.87929,26.64032],[127.89492,26.60655],[127.91304,26.60105],[127.92679,26.60926],[127.97993,26.58834],[127.9838,26.57578],[127.9643,26.54156],[127.956,26.54624],[127.9417,26.53579],[127.93303,26.54367],[127.91721,26.51625],[127.90925,26.51981],[127.88613,26.50277],[127.86945,26.5131],[127.8626,26.50449],[127.85743,26.50962],[127.85731,26.50049],[127.84385,26.5038],[127.83871,26.49618],[127.84559,26.4816],[127.81193,26.46308],[127.79792,26.43675],[127.78253,26.43535],[127.77153,26.44607],[127.73809,26.42226],[127.72497,26.44003],[127.71193,26.44098],[127.71651,26.40189],[127.74516,26.35146],[127.74611,26.32273],[127.75368,26.32412],[127.76004,26.30848],[127.75709,26.29538],[127.74106,26.28129],[127.73166,26.28228],[127.72115,26.27087],[127.70661,26.27313],[127.69089,26.25517],[127.67836,26.25692],[127.685,26.2424],[127.66879,26.25058],[127.66708,26.23228],[127.6794,26.2402],[127.68403,26.22585],[127.66215,26.22069],[127.67316,26.20656],[127.65206,26.21777],[127.6365,26.19871],[127.64366,26.18872],[127.64004,26.17533],[127.65589,26.17353],[127.64826,26.17383],[127.65389,26.16333],[127.64765,26.15305],[127.66037,26.16199],[127.66906,26.15214],[127.64796,26.1453],[127.65287,26.12606],[127.65348,26.13527],[127.66842,26.13366],[127.66249,26.12966],[127.6682,26.12568],[127.66052,26.1156],[127.65886,26.08065],[127.68036,26.07493],[127.69686,26.0868],[127.7241,26.08997],[127.74816,26.11904],[127.77535,26.135],[127.7929,26.13495],[127.83051,26.16578],[127.82096,26.19166],[127.79502,26.18559],[127.78725,26.17062],[127.77781,26.1725],[127.77811,26.18728],[127.76063,26.20235],[127.77097,26.20236],[127.76873,26.21006],[127.78995,26.23],[127.79799,26.26546],[127.8162,26.27737],[127.81049,26.29379],[127.81623,26.30515],[127.82733,26.3032],[127.8285,26.31074],[127.84631,26.30075],[127.82854,26.31081],[127.8475,26.31439],[127.83491,26.32229],[127.83983,26.33275],[127.86263,26.34446],[127.89379,26.3086],[127.92224,26.29555],[127.92315,26.31062],[127.90573,26.3308],[127.91471,26.33187],[127.88802,26.34085],[127.87293,26.36201],[127.88026,26.37866],[127.84492,26.40533],[127.85089,26.40682],[127.84067,26.40648],[127.83884,26.41813],[127.82671,26.42281],[127.83114,26.43194],[127.84039,26.42701],[127.85233,26.45059],[127.87077,26.45761],[127.94835,26.43772],[127.94313,26.45069],[127.95049,26.45629],[127.95087,26.47243],[127.98045,26.47138],[128.00242,26.48564],[127.99157,26.50423],[127.99605,26.50887],[128.00362,26.50526],[128.00956,26.5147],[128.02569,26.51047],[128.03099,26.51986],[128.05302,26.52037],[128.03426,26.55373],[128.04271,26.55916],[128.04457,26.54791],[128.06422,26.55167],[128.09532,26.5343],[128.09295,26.54006],[128.10173,26.539],[128.11082,26.55104],[128.13858,26.55351],[128.138,26.56639],[128.15092,26.56871],[128.12364,26.60269],[128.15156,26.59776],[128.14877,26.62944],[128.18203,26.62396],[128.23646,26.63102],[128.27832,26.67503],[128.2815,26.6967],[128.29897,26.7114],[128.29366,26.71742],[128.32695,26.74932],[128.32118,26.75696],[128.3261,26.78247],[128.31699,26.79316],[128.32069,26.81218],[128.30466,26.83096],[128.3065,26.84346],[128.29019,26.84162],[128.25774,26.8755]]],[[[127.9222,26.90249],[127.92209,26.89408],[127.93378,26.89427],[127.9222,26.90249]]],[[[127.93761,26.9557],[127.91195,26.93676],[127.92175,26.93556],[127.92146,26.91907],[127.93882,26.91098],[127.95399,26.91441],[127.95713,26.93901],[127.93761,26.9557]]],[[[127.94779,26.97798],[127.94129,26.97647],[127.95836,26.97467],[127.94779,26.97798]]],[[[127.9242,27.00082],[127.91429,26.99251],[127.92142,26.98978],[127.92955,26.99841],[127.9242,27.00082]]],[[[128.02075,27.0945],[127.99568,27.08887],[127.95128,27.04501],[127.93308,27.02194],[127.93458,26.99489],[127.94454,27.01866],[127.96329,27.02187],[127.96736,27.03714],[127.99136,27.04423],[128.00118,27.07475],[128.02075,27.0945]]],[[[128.22271,27.88528],[128.2175,27.87779],[128.23402,27.86036],[128.22271,27.88528]]]]}}]}